sample_id,true_label,predicted_label,correct,prob_class_0,prob_class_1,prob_class_2,prob_class_3,prob_class_4,prob_class_5,prob_class_6,prob_class_7,prob_class_8,prob_class_9
0,0,0,1,0.955677,0.004654,0.003754,0.007086,0.005343,0.005365,0.001221,0.002271,0.000819,0.01381
1,0,0,1,0.954813,0.004235,0.006187,0.001923,0.002948,0.00538,0.003897,0.00194,0.003135,0.015542
2,0,0,1,0.96125,0.008183,0.005796,0.002924,0.001772,0.004847,0.001787,0.000921,0.000868,0.011652
3,0,0,1,0.95681,0.00948,0.005756,0.00591,0.004319,0.002787,0.003654,0.001418,0.001582,0.008282
4,0,0,1,0.979928,0.004463,0.002583,0.002487,0.000624,0.000948,0.000967,0.000528,0.000722,0.006751
5,0,0,1,0.923428,0.005375,0.007518,0.01128,0.006443,0.0057,0.0037,0.00378,0.007779,0.024997
6,0,0,1,0.935421,0.005439,0.011581,0.003932,0.005492,0.009454,0.005105,0.003805,0.003696,0.016075
7,0,0,1,0.927034,0.015948,0.0117,0.004342,0.002312,0.004373,0.003551,0.002834,0.006658,0.021249
8,0,0,1,0.978599,0.003875,0.002263,0.003555,0.00166,0.001035,0.000895,0.001317,0.000697,0.006103
9,0,0,1,0.941718,0.009728,0.011146,0.004859,0.003055,0.007359,0.003362,0.00128,0.001039,0.016453
10,0,0,1,0.992542,0.001554,0.000794,0.00032,0.000605,0.001043,0.00049,0.000648,0.000445,0.001559
11,0,0,1,0.986801,0.00069,0.002429,0.001878,0.001291,0.000714,0.001104,0.000368,0.000647,0.004077
12,0,0,1,0.888724,0.025056,0.008853,0.011614,0.005637,0.013979,0.01034,0.003927,0.005666,0.026205
13,0,0,1,0.981329,0.003208,0.001246,0.002879,0.00179,0.001964,0.001184,0.000321,0.000698,0.005382
14,0,0,1,0.9999,2.3e-05,1.7e-05,7e-06,3e-06,1.1e-05,9e-06,2e-06,4e-06,2.4e-05
15,0,0,1,0.968425,0.002016,0.005974,0.004792,0.001422,0.00252,0.002376,0.001285,0.002512,0.008678
16,0,0,1,0.941669,0.009208,0.009627,0.003564,0.004037,0.007943,0.004311,0.002703,0.0026,0.014338
17,0,0,1,0.969612,0.002255,0.002671,0.002995,0.003767,0.001796,0.00159,0.000983,0.002526,0.011806
18,0,0,1,0.968595,0.00697,0.001568,0.002232,0.003793,0.001564,0.001168,0.003346,0.001768,0.008997
19,0,0,1,0.9999,1.4e-05,1.8e-05,1.4e-05,5e-06,3e-06,6e-06,5e-06,5e-06,2.9e-05
20,0,0,1,0.954117,0.011325,0.002408,0.004196,0.003295,0.005482,0.001912,0.00152,0.0022,0.013544
21,0,0,1,0.915509,0.011354,0.007731,0.006538,0.013814,0.006246,0.008626,0.004831,0.001524,0.023827
22,0,0,1,0.9999,2.4e-05,1.8e-05,1.3e-05,4e-06,6e-06,3e-06,4e-06,2e-06,2.6e-05
23,0,0,1,0.959743,0.005064,0.008695,0.00273,0.004916,0.002658,0.00218,0.003384,0.002648,0.007983
24,0,0,1,0.915141,0.00687,0.008527,0.016931,0.008711,0.006943,0.00736,0.001813,0.004622,0.023081
25,0,0,1,0.943605,0.008491,0.010565,0.003043,0.008305,0.001716,0.002116,0.003745,0.003407,0.015007
26,0,0,1,0.961407,0.008801,0.002957,0.004532,0.003878,0.002466,0.002661,0.002055,0.002664,0.008579
27,0,0,1,0.975096,0.002263,0.004375,0.001785,0.002129,0.002646,0.001288,0.00118,0.001851,0.007388
28,0,0,1,0.989827,0.00254,0.001902,0.000371,0.000497,0.000501,0.001032,0.000753,0.000582,0.001995
29,0,0,1,0.974622,0.003144,0.001813,0.004426,0.00305,0.002231,0.002651,0.001458,0.000341,0.006264
30,0,0,1,0.970357,0.005415,0.005761,0.001419,0.001246,0.001128,0.002357,0.001287,0.001886,0.009144
31,0,0,1,0.93691,0.012209,0.004616,0.008182,0.003915,0.005047,0.006729,0.004909,0.001197,0.016287
32,0,0,1,0.938585,0.003114,0.011906,0.008231,0.003908,0.006791,0.004404,0.003126,0.001035,0.0189
33,0,0,1,0.971154,0.001876,0.006112,0.004814,0.002553,0.002926,0.001759,0.000701,0.000612,0.007493
34,0,0,1,0.937008,0.01318,0.011065,0.008904,0.002746,0.002707,0.001721,0.00467,0.004083,0.013916
35,0,0,1,0.9999,1.3e-05,1.5e-05,6e-06,1.6e-05,1.1e-05,1e-05,6e-06,5e-06,1.8e-05
36,0,0,1,0.9999,1.2e-05,2.1e-05,1.4e-05,1.2e-05,9e-06,3e-06,6e-06,2e-06,2.2e-05
37,0,0,1,0.9676,0.007272,0.005571,0.001848,0.003778,0.001979,0.001327,0.002221,0.000803,0.007601
38,0,0,1,0.979437,0.002378,0.004053,0.003439,0.001132,0.001705,0.001021,0.001683,0.00081,0.004342
39,0,0,1,0.962912,0.008821,0.002065,0.006395,0.001698,0.004391,0.001414,0.000882,0.001564,0.009857
40,0,0,1,0.956502,0.007449,0.00549,0.003882,0.00441,0.002248,0.003839,0.000815,0.003613,0.011753
41,0,0,1,0.934207,0.010375,0.010745,0.008863,0.006594,0.003589,0.00164,0.004386,0.002275,0.017327
42,0,0,1,0.937237,0.012173,0.005568,0.005036,0.005265,0.00453,0.003295,0.002029,0.003334,0.021532
43,0,0,1,0.9999,2.4e-05,1.4e-05,1.4e-05,8e-06,4e-06,6e-06,1e-06,3e-06,2.5e-05
44,0,0,1,0.924258,0.013705,0.008871,0.00736,0.004248,0.006011,0.008184,0.005724,0.001816,0.019822
45,0,0,1,0.97685,0.00155,0.003307,0.00323,0.001763,0.002842,0.002094,0.001544,0.000647,0.006173
46,0,0,1,0.962096,0.003751,0.004953,0.006422,0.001471,0.002831,0.003251,0.001353,0.002625,0.011246
47,0,0,1,0.966334,0.005012,0.002831,0.004679,0.001081,0.004016,0.003274,0.000911,0.001602,0.01026
48,0,0,1,0.993914,0.000935,0.000309,0.000483,0.000957,0.000481,0.000614,0.000423,0.000466,0.001417
49,0,0,1,0.9999,1.7e-05,2e-05,1.4e-05,8e-06,8e-06,5e-06,6e-06,3e-06,1.8e-05
50,0,0,1,0.99953,6.8e-05,4.1e-05,3.6e-05,5.8e-05,5.4e-05,3.3e-05,3.2e-05,1.6e-05,0.000133
51,0,0,1,0.930207,0.004571,0.006988,0.006076,0.005943,0.007303,0.003022,0.003454,0.006123,0.026311
52,0,0,1,0.957044,0.00565,0.005914,0.00418,0.002486,0.003314,0.004946,0.002747,0.002594,0.011125
53,0,0,1,0.949476,0.011183,0.007991,0.003952,0.001402,0.003129,0.004589,0.004034,0.003428,0.010815
54,0,0,1,0.91653,0.013291,0.011976,0.005477,0.00495,0.006553,0.0023,0.004563,0.006385,0.027974
55,0,0,1,0.984247,0.002061,0.001137,0.001801,0.000812,0.001734,0.000455,0.000999,0.0011,0.005654
56,0,0,1,0.9999,8e-06,1.3e-05,5e-06,9e-06,6e-06,7e-06,1.1e-05,5e-06,3.6e-05
57,0,0,1,0.967294,0.006554,0.005659,0.002059,0.001224,0.000927,0.002571,0.003428,0.001234,0.00905
58,0,0,1,0.929296,0.012752,0.01164,0.011112,0.003164,0.001732,0.002439,0.002097,0.004739,0.021031
59,0,0,1,0.917659,0.013405,0.006452,0.011865,0.010295,0.003369,0.006336,0.006111,0.001787,0.022721
60,0,0,1,0.992727,0.000521,0.000372,0.000717,0.00105,0.001115,0.000452,0.000588,0.00016,0.002297
61,0,0,1,0.889651,0.020759,0.015718,0.005199,0.014043,0.012022,0.007247,0.002624,0.008078,0.024658
62,0,0,1,0.965642,0.004662,0.003686,0.003933,0.002611,0.004281,0.003257,0.000848,0.002683,0.008398
63,0,0,1,0.932873,0.011889,0.011917,0.008294,0.004802,0.005947,0.005902,0.001911,0.003484,0.01298
64,0,0,1,0.926502,0.010078,0.012443,0.005285,0.010068,0.0077,0.00188,0.005894,0.00199,0.018159
65,0,0,1,0.951808,0.006889,0.007107,0.004302,0.001666,0.006216,0.001901,0.001859,0.003825,0.014428
66,0,0,1,0.926766,0.013932,0.006242,0.002761,0.012052,0.002567,0.006922,0.004248,0.004942,0.019568
67,0,0,1,0.9999,1.9e-05,1.5e-05,1e-05,1.2e-05,3e-06,4e-06,7e-06,3e-06,2.7e-05
68,0,0,1,0.930394,0.010871,0.007935,0.010119,0.004725,0.006852,0.003032,0.002614,0.001739,0.021718
69,0,0,1,0.943345,0.005015,0.003817,0.007516,0.00816,0.002798,0.002738,0.003908,0.004425,0.018279
70,0,0,1,0.996193,0.000406,0.000238,0.000281,0.000275,0.000224,0.000126,0.000354,0.0002,0.001704
71,0,0,1,0.954642,0.011106,0.005503,0.005447,0.001754,0.00482,0.002479,0.0032,0.001821,0.009228
72,0,0,1,0.928267,0.006232,0.003948,0.014663,0.006825,0.008591,0.004096,0.001775,0.004503,0.021101
73,0,0,1,0.966178,0.002054,0.002536,0.004752,0.002712,0.005416,0.001205,0.003073,0.002068,0.010006
74,0,0,1,0.965433,0.005341,0.004095,0.003482,0.004807,0.004177,0.001407,0.001961,0.001598,0.007699
75,0,0,1,0.939242,0.012031,0.011671,0.003393,0.003104,0.005564,0.002035,0.001946,0.001366,0.019648
76,0,0,1,0.992825,0.001211,0.000646,0.000512,0.00092,0.000741,0.000443,0.000507,0.000516,0.001681
77,0,0,1,0.960552,0.008188,0.005471,0.0047,0.004993,0.002174,0.002213,0.002102,0.002226,0.007382
78,0,0,1,0.965348,0.002883,0.003543,0.005639,0.003701,0.002034,0.001262,0.002927,0.002405,0.010258
79,0,0,1,0.949765,0.011983,0.005741,0.004836,0.001829,0.001498,0.003321,0.002407,0.001863,0.016756
80,0,0,1,0.9999,2.2e-05,1.3e-05,1.6e-05,1.2e-05,7e-06,3e-06,2e-06,5e-06,2e-05
81,0,0,1,0.9999,1.4e-05,1.5e-05,1.6e-05,5e-06,8e-06,7e-06,5e-06,2e-06,2.7e-05
82,0,0,1,0.944403,0.010231,0.010051,0.004095,0.005892,0.002726,0.005403,0.003658,0.002167,0.011374
83,0,0,1,0.982057,0.002529,0.00174,0.001568,0.002954,0.001197,0.001216,0.001668,0.00092,0.004149
84,0,0,1,0.930124,0.006115,0.007801,0.011264,0.007825,0.007448,0.002669,0.004276,0.005294,0.017183
85,0,0,1,0.951808,0.006632,0.007882,0.002502,0.007627,0.004045,0.001909,0.001437,0.002588,0.01357
86,0,0,1,0.947438,0.013059,0.009188,0.004314,0.001911,0.005214,0.002825,0.003103,0.001965,0.010983
87,0,0,1,0.955721,0.004635,0.0086,0.007638,0.002311,0.00338,0.002245,0.003626,0.001796,0.010047
88,0,0,1,0.9999,1.1e-05,1.9e-05,9e-06,1.5e-05,7e-06,9e-06,3e-06,3e-06,2.5e-05
89,0,0,1,0.918791,0.013593,0.016889,0.007504,0.003446,0.006273,0.003988,0.004734,0.003933,0.020849
90,0,0,1,0.934597,0.005738,0.011307,0.007948,0.003908,0.007487,0.001704,0.005433,0.00418,0.017698
91,0,0,1,0.967321,0.006937,0.003275,0.004106,0.003932,0.003552,0.001621,0.000531,0.001313,0.007412
92,0,0,1,0.908899,0.020483,0.00975,0.009446,0.00727,0.008587,0.004694,0.005586,0.002045,0.023239
93,0,0,1,0.927489,0.010434,0.015137,0.005525,0.007808,0.006048,0.006073,0.004737,0.003716,0.013033
94,0,0,1,0.940915,0.011447,0.009617,0.008535,0.001686,0.00177,0.004587,0.005021,0.004097,0.012324
95,0,0,1,0.97792,0.004402,0.002418,0.001063,0.002509,0.002624,0.001257,0.001474,0.001461,0.004871
96,0,0,1,0.9999,1.1e-05,1.1e-05,6e-06,1.1e-05,1e-05,1.1e-05,3e-06,2e-06,3.4e-05
97,0,0,1,0.975247,0.005549,0.00334,0.001557,0.003327,0.000863,0.001439,0.000875,0.000789,0.007014
98,0,0,1,0.9999,2.3e-05,1.4e-05,5e-06,8e-06,6e-06,7e-06,6e-06,4e-06,2.6e-05
99,0,0,1,0.963199,0.003681,0.007255,0.002324,0.002988,0.003014,0.001709,0.002602,0.002182,0.011046
100,0,0,1,0.985069,0.003667,0.002046,0.000967,0.001346,0.001292,0.001116,0.000269,0.000724,0.003503
101,0,0,1,0.958848,0.006146,0.00808,0.002887,0.005043,0.003256,0.001896,0.002455,0.001984,0.009405
102,0,0,1,0.938985,0.011095,0.010866,0.00686,0.007427,0.00444,0.002272,0.002495,0.002582,0.012979
103,0,0,1,0.916922,0.016322,0.004541,0.006783,0.011058,0.003777,0.003103,0.005919,0.007713,0.02386
104,0,0,1,0.89487,0.022718,0.008356,0.015917,0.00851,0.010486,0.007802,0.00369,0.002019,0.025631
105,0,0,1,0.947214,0.012805,0.003125,0.008967,0.006192,0.004228,0.004297,0.003207,0.002102,0.007864
106,0,0,1,0.92472,0.003974,0.011218,0.00847,0.009527,0.007765,0.00573,0.006134,0.005348,0.017116
107,0,0,1,0.999627,2.7e-05,3.3e-05,1.7e-05,6.7e-05,3.7e-05,4.5e-05,1.4e-05,8e-06,0.000125
108,0,0,1,0.989424,0.001168,0.001239,0.000637,0.001802,0.000635,0.000757,0.000301,0.000918,0.003119
109,0,0,1,0.90121,0.00762,0.01283,0.014422,0.012696,0.012252,0.005215,0.006699,0.002189,0.024867
110,0,0,1,0.948213,0.007658,0.005808,0.009209,0.001646,0.003409,0.003336,0.004975,0.003481,0.012265
111,0,0,1,0.966982,0.002307,0.005747,0.003967,0.005156,0.001928,0.001803,0.001065,0.000822,0.010222
112,0,0,1,0.979088,0.003817,0.003049,0.00238,0.000633,0.002288,0.000863,0.000593,0.001188,0.006102
113,0,0,1,0.933032,0.004267,0.01273,0.004569,0.004231,0.00922,0.003697,0.002246,0.005984,0.020023
114,0,0,1,0.9999,8e-06,7e-06,9e-06,7e-06,1.3e-05,3e-06,3e-06,1.1e-05,4.1e-05
115,0,0,1,0.961057,0.0038,0.004033,0.00264,0.001722,0.005305,0.003328,0.003607,0.002107,0.0124
116,0,0,1,0.966305,0.00242,0.004715,0.00635,0.001186,0.003931,0.003372,0.001808,0.001404,0.008509
117,0,0,1,0.924557,0.018318,0.003551,0.007811,0.005964,0.007451,0.004789,0.006392,0.001369,0.019797
118,0,0,1,0.995894,0.000259,0.000404,0.000608,0.000453,0.000274,0.000525,0.000247,0.000188,0.001148
119,0,0,1,0.979966,0.003428,0.00116,0.00294,0.002758,0.001756,0.001629,0.001235,0.000477,0.004651
120,0,0,1,0.939385,0.00714,0.007524,0.006121,0.002749,0.005019,0.005868,0.003271,0.001846,0.021078
121,0,0,1,0.966476,0.007865,0.001627,0.005199,0.001293,0.001216,0.003228,0.002781,0.001663,0.008651
122,0,0,1,0.927021,0.00846,0.004803,0.007209,0.009612,0.008581,0.007673,0.005174,0.005231,0.016235
123,0,0,1,0.940084,0.010191,0.005983,0.007243,0.003378,0.006006,0.002572,0.001758,0.004992,0.017793
124,0,0,1,0.925745,0.012239,0.013113,0.010711,0.009354,0.006162,0.003916,0.003349,0.000851,0.014559
125,0,0,1,0.997617,0.000562,0.000393,0.000148,0.00011,0.000223,0.000106,9.9e-05,3.8e-05,0.000704
126,0,0,1,0.986522,0.001754,0.000919,0.001909,0.000499,0.001673,0.000626,0.000817,0.000624,0.004658
127,0,0,1,0.931708,0.008469,0.011625,0.009898,0.006263,0.002146,0.001809,0.002288,0.004477,0.021317
128,0,0,1,0.949007,0.0093,0.006134,0.004922,0.003206,0.005513,0.001595,0.002764,0.001873,0.015686
129,0,0,1,0.938767,0.011371,0.007346,0.007799,0.002051,0.004216,0.004833,0.001217,0.00247,0.01993
130,0,0,1,0.963931,0.003647,0.003749,0.001478,0.005423,0.001854,0.002511,0.00332,0.002114,0.011974
131,0,0,1,0.975819,0.005239,0.004001,0.000962,0.003108,0.000635,0.00055,0.002268,0.001649,0.005766
132,0,0,1,0.925194,0.014355,0.008072,0.003825,0.00263,0.005279,0.008546,0.005573,0.00574,0.020785
133,0,0,1,0.942056,0.013556,0.003002,0.009059,0.003189,0.004888,0.003754,0.002647,0.002,0.015848
134,0,0,1,0.945601,0.004549,0.007582,0.003077,0.005957,0.007683,0.003063,0.004396,0.003868,0.014224
135,0,0,1,0.982843,0.003655,0.001313,0.000966,0.001004,0.001742,0.001713,0.001225,0.000473,0.005066
136,0,0,1,0.965011,0.007029,0.005647,0.003119,0.004507,0.002392,0.002177,0.00177,0.00186,0.006488
137,0,0,1,0.925337,0.013099,0.004937,0.003605,0.00734,0.005051,0.004264,0.002227,0.005171,0.028969
138,0,0,1,0.947811,0.003203,0.010598,0.002509,0.007996,0.006164,0.003758,0.00272,0.002173,0.01307
139,0,0,1,0.990558,0.001519,0.001651,0.001437,0.000677,0.000881,0.000591,0.000307,0.000345,0.002034
140,0,0,1,0.966255,0.002386,0.007207,0.002867,0.004105,0.002593,0.001233,0.001329,0.001654,0.010371
141,0,0,1,0.968708,0.004315,0.004169,0.001865,0.002609,0.001954,0.002158,0.001674,0.002128,0.010421
142,0,0,1,0.970567,0.00186,0.0019,0.004767,0.002233,0.003637,0.002726,0.002847,0.002126,0.007337
143,0,0,1,0.917998,0.009567,0.012064,0.004726,0.006675,0.011926,0.007027,0.003854,0.004422,0.021741
144,0,0,1,0.983888,0.002019,0.002936,0.002372,0.001616,0.001547,0.001112,0.000844,0.000569,0.003097
145,0,0,1,0.950193,0.008926,0.005506,0.004329,0.003804,0.002344,0.002312,0.00541,0.002529,0.014647
146,0,0,1,0.962397,0.00246,0.007692,0.001928,0.005211,0.004408,0.003606,0.000708,0.00136,0.01023
147,0,0,1,0.976145,0.004849,0.001448,0.002201,0.001266,0.003047,0.002255,0.001861,0.000576,0.006351
148,0,0,1,0.931476,0.012696,0.005444,0.006995,0.004642,0.007738,0.004335,0.004183,0.002517,0.019975
149,0,0,1,0.971779,0.005975,0.003199,0.004134,0.001843,0.003129,0.002454,0.001066,0.000683,0.005738
150,0,0,1,0.932929,0.016315,0.01083,0.008394,0.002449,0.002908,0.004665,0.004836,0.002683,0.01399
151,0,0,1,0.984829,0.00107,0.003091,0.002425,0.000919,0.001553,0.000639,0.001265,0.000335,0.003875
152,0,0,1,0.892951,0.010106,0.013594,0.009995,0.004059,0.004203,0.00979,0.005373,0.012428,0.037502
153,0,0,1,0.987786,0.001527,0.000595,0.002384,0.001679,0.001085,0.00103,0.000303,0.000388,0.003223
154,0,0,1,0.982245,0.001381,0.003129,0.001851,0.000582,0.000712,0.001022,0.00197,0.001136,0.005973
155,0,0,1,0.919393,0.015754,0.010088,0.003956,0.005468,0.004998,0.002402,0.005083,0.00686,0.025997
156,0,0,1,0.945982,0.01248,0.007034,0.001839,0.005,0.002722,0.001963,0.003122,0.003435,0.016423
157,0,0,1,0.963872,0.003545,0.004344,0.005164,0.001549,0.005273,0.001033,0.002363,0.001948,0.010911
158,0,0,1,0.998029,0.000252,0.000248,0.000261,0.000298,9.2e-05,4.4e-05,0.000161,7.3e-05,0.000542
159,0,0,1,0.957207,0.008413,0.006039,0.00579,0.004443,0.00211,0.000942,0.002397,0.002693,0.009967
160,0,0,1,0.983644,0.002338,0.00265,0.002005,0.001988,0.000462,0.001419,0.000778,0.000513,0.004204
161,0,0,1,0.9999,6e-06,8e-06,5e-06,1.9e-05,9e-06,1.3e-05,6e-06,3e-06,3e-05
162,0,0,1,0.960404,0.004807,0.007172,0.006163,0.002497,0.00142,0.002168,0.003503,0.002357,0.009509
163,0,0,1,0.940466,0.013629,0.005845,0.009805,0.004515,0.003848,0.005142,0.002577,0.00298,0.011194
164,0,0,1,0.958254,0.007117,0.007427,0.004328,0.002613,0.001338,0.003448,0.001722,0.002345,0.011408
165,0,0,1,0.947961,0.007037,0.008458,0.004397,0.00188,0.00678,0.002831,0.005157,0.001626,0.013874
166,0,0,1,0.9999,7e-06,1.7e-05,9e-06,1.4e-05,1e-05,1e-05,3e-06,5e-06,2.5e-05
167,0,0,1,0.950872,0.010133,0.002221,0.002333,0.007084,0.003372,0.003036,0.003424,0.002997,0.014527
168,0,0,1,0.928466,0.008899,0.012691,0.00823,0.006503,0.004564,0.005514,0.002511,0.001644,0.020978
169,0,0,1,0.893999,0.020896,0.012749,0.009218,0.010249,0.005413,0.004845,0.005936,0.009147,0.027546
170,0,0,1,0.945181,0.008126,0.00348,0.009531,0.004729,0.006651,0.0031,0.001297,0.003337,0.014567
171,0,0,1,0.9999,2.2e-05,9e-06,8e-06,4e-06,9e-06,1.1e-05,8e-06,6e-06,2.3e-05
172,0,0,1,0.998369,0.00034,0.000196,8.1e-05,9.1e-05,7.2e-05,0.000177,3.7e-05,0.000102,0.000534
173,0,0,1,0.941151,0.007285,0.010866,0.006525,0.005891,0.001902,0.002951,0.005855,0.003405,0.014169
174,0,0,1,0.909298,0.019471,0.004612,0.016287,0.008983,0.005789,0.006615,0.003442,0.005754,0.019751
175,0,0,1,0.951742,0.009944,0.006818,0.002721,0.007,0.002973,0.004365,0.000882,0.001014,0.012541
176,0,0,1,0.9703,0.003402,0.005046,0.002533,0.004459,0.003265,0.00241,0.00086,0.001368,0.006358
177,0,0,1,0.974757,0.004043,0.001591,0.002168,0.002733,0.002214,0.001046,0.002728,0.000705,0.008015
178,0,0,1,0.934007,0.011287,0.011954,0.006957,0.007698,0.001564,0.001568,0.004451,0.003392,0.017122
179,0,0,1,0.919754,0.014462,0.01338,0.006986,0.008075,0.005587,0.005571,0.002826,0.005637,0.017721
180,0,0,1,0.906092,0.017561,0.008359,0.004392,0.003942,0.008228,0.007552,0.003984,0.006835,0.033056
181,0,0,1,0.965799,0.003848,0.005879,0.004818,0.004367,0.003747,0.000879,0.001323,0.001516,0.007824
182,0,0,1,0.945851,0.005604,0.004834,0.003032,0.004395,0.004602,0.005483,0.002611,0.005261,0.018326
183,0,0,1,0.990507,0.000778,0.001007,0.001276,0.000724,0.001157,0.000681,0.000592,0.000491,0.002788
184,0,0,1,0.957664,0.01012,0.004867,0.006655,0.001925,0.002263,0.000992,0.002311,0.00299,0.010212
185,0,0,1,0.966062,0.006138,0.004006,0.003744,0.0044,0.002131,0.003062,0.002044,0.001706,0.006707
186,0,0,1,0.939794,0.009877,0.004476,0.007366,0.00249,0.00543,0.006201,0.002581,0.005398,0.016385
187,0,0,1,0.982649,0.003229,0.001042,0.003205,0.001272,0.001798,0.000802,0.001428,0.00092,0.003657
188,0,0,1,0.971261,0.004311,0.001443,0.001779,0.002473,0.002712,0.002265,0.002356,0.001745,0.009655
189,0,0,1,0.993971,0.000697,0.00092,0.000364,0.001004,0.000602,0.000268,0.000255,0.000414,0.001505
190,0,0,1,0.913849,0.009473,0.016344,0.007462,0.009769,0.010603,0.005419,0.00567,0.004177,0.017236
191,0,0,1,0.950491,0.009288,0.002225,0.005506,0.007908,0.005078,0.004003,0.002566,0.002513,0.010422
192,0,0,1,0.944125,0.009823,0.008011,0.008302,0.002366,0.005095,0.001255,0.005038,0.001151,0.014835
193,0,0,1,0.950809,0.002646,0.005247,0.003316,0.007144,0.004073,0.005487,0.004981,0.00366,0.012637
194,0,0,1,0.959044,0.003179,0.003455,0.003947,0.005542,0.003851,0.002366,0.001576,0.003961,0.01308
195,0,0,1,0.949284,0.006008,0.005403,0.008034,0.006072,0.004502,0.003905,0.002888,0.00123,0.012674
196,0,0,1,0.960838,0.003719,0.008669,0.002932,0.00257,0.001945,0.003691,0.001773,0.00166,0.012202
197,0,0,1,0.998331,0.000395,0.000266,0.000105,6.7e-05,0.000155,8.6e-05,0.000146,9.6e-05,0.000353
198,0,0,1,0.9999,1.1e-05,1e-05,1.5e-05,8e-06,8e-06,5e-06,6e-06,3e-06,3.4e-05
199,0,0,1,0.944747,0.008714,0.011011,0.006723,0.002231,0.004601,0.003677,0.001802,0.003034,0.013459
200,0,0,1,0.918047,0.004958,0.010214,0.01292,0.003776,0.010225,0.002034,0.006055,0.007492,0.024278
201,0,0,1,0.951712,0.006344,0.009941,0.007222,0.003605,0.001903,0.004679,0.001667,0.002316,0.01061
202,0,0,1,0.970875,0.004801,0.00382,0.003991,0.003919,0.00293,0.000822,0.002002,0.000583,0.006258
203,0,0,1,0.952899,0.011018,0.009,0.003504,0.003515,0.004761,0.00371,0.002727,0.001998,0.006868
204,0,0,1,0.998801,8.6e-05,0.000275,9e-05,0.000186,8.9e-05,7.1e-05,9.6e-05,6.8e-05,0.00024
205,0,0,1,0.962262,0.005419,0.002862,0.002136,0.002254,0.003554,0.002182,0.001686,0.003481,0.014162
206,0,0,1,0.969845,0.006075,0.002049,0.004874,0.003936,0.002848,0.001588,0.000592,0.001506,0.006687
207,0,0,1,0.922411,0.006747,0.005534,0.007492,0.005759,0.005318,0.004539,0.008472,0.008122,0.025607
208,0,0,1,0.94459,0.002897,0.009491,0.008112,0.002179,0.00241,0.003376,0.003532,0.003524,0.019888
209,0,0,1,0.9999,2.3e-05,1.5e-05,7e-06,4e-06,1.2e-05,4e-06,6e-06,3e-06,2.6e-05
210,0,0,1,0.971557,0.005676,0.003897,0.002513,0.002615,0.001981,0.001853,0.001812,0.000759,0.007339
211,0,0,1,0.972874,0.002699,0.004909,0.004384,0.001005,0.001969,0.00232,0.000646,0.001497,0.007698
212,0,0,1,0.994979,0.000759,0.000701,0.000285,0.000379,0.000446,0.00018,0.000207,0.000344,0.001721
213,0,0,1,0.974298,0.001753,0.003642,0.0043,0.002252,0.0021,0.001648,0.000616,0.001338,0.008054
214,0,0,1,0.976833,0.002993,0.004303,0.003161,0.002106,0.000626,0.001186,0.000552,0.00205,0.00619
215,0,0,1,0.914953,0.020149,0.004141,0.014385,0.002613,0.005766,0.007743,0.006146,0.005922,0.018183
216,0,0,1,0.940934,0.014682,0.005614,0.008681,0.006961,0.002894,0.003774,0.003001,0.002124,0.011333
217,0,0,1,0.935138,0.011721,0.006353,0.004009,0.006736,0.005614,0.005951,0.002314,0.001124,0.02104
218,0,0,1,0.984998,0.002771,0.001943,0.001609,0.001863,0.000678,0.000732,0.000568,0.001149,0.003689
219,0,0,1,0.963595,0.007099,0.002127,0.005759,0.002867,0.00377,0.003352,0.000607,0.000987,0.009836
220,0,0,1,0.966317,0.005711,0.005333,0.001352,0.004217,0.002227,0.001438,0.001253,0.002707,0.009445
221,0,0,1,0.964644,0.002167,0.005004,0.00304,0.00536,0.003884,0.001809,0.00239,0.002159,0.009543
222,0,0,1,0.949077,0.004005,0.008541,0.003615,0.003827,0.001924,0.006954,0.004983,0.003966,0.013106
223,0,0,1,0.982962,0.002985,0.001903,0.001812,0.002527,0.001861,0.001096,0.001005,0.000438,0.00341
224,0,0,1,0.945248,0.00686,0.009621,0.005538,0.007197,0.002813,0.004352,0.003879,0.003376,0.011116
225,0,0,1,0.968559,0.005108,0.006413,0.003216,0.001283,0.00152,0.00126,0.002267,0.002432,0.007941
226,0,0,1,0.967574,0.00632,0.0023,0.002468,0.003942,0.002967,0.003242,0.00098,0.002065,0.008141
227,0,0,1,0.949171,0.009905,0.00662,0.005004,0.00656,0.002651,0.004849,0.000809,0.003426,0.011004
228,0,0,1,0.974564,0.006357,0.002781,0.001606,0.002511,0.001107,0.002581,0.001363,0.001463,0.005669
229,0,0,1,0.956463,0.005491,0.005963,0.003909,0.002883,0.003858,0.003203,0.001271,0.004176,0.012782
230,0,0,1,0.903644,0.022438,0.009176,0.008597,0.009124,0.004432,0.003372,0.004006,0.008343,0.026867
231,0,0,1,0.970938,0.004819,0.003237,0.001691,0.00224,0.002151,0.003234,0.001752,0.001798,0.008141
232,0,0,1,0.950789,0.010547,0.009407,0.005218,0.003561,0.001713,0.003922,0.001245,0.002639,0.01096
233,0,0,1,0.938771,0.009041,0.01218,0.006338,0.006005,0.001708,0.001473,0.00537,0.004569,0.014544
234,0,0,1,0.934928,0.008621,0.012335,0.004248,0.007632,0.001671,0.00462,0.003234,0.003942,0.01877
235,0,0,1,0.915581,0.015478,0.011948,0.008357,0.007177,0.002128,0.006306,0.00173,0.004878,0.026417
236,0,0,1,0.947207,0.002821,0.010626,0.007272,0.006775,0.005868,0.001387,0.00125,0.00134,0.015454
237,0,0,1,0.9999,9e-06,1.4e-05,1.6e-05,6e-06,7e-06,6e-06,5e-06,6e-06,3e-05
238,0,0,1,0.981426,0.00347,0.003317,0.002131,0.00214,0.001518,0.000412,0.000703,0.000784,0.0041
239,0,0,1,0.958683,0.00253,0.002013,0.003099,0.00505,0.003915,0.005112,0.003198,0.003634,0.012766
240,0,0,1,0.990364,0.000564,0.000837,0.001841,0.001455,0.000717,0.00025,0.000258,0.000873,0.002841
241,0,0,1,0.980737,0.004428,0.002414,0.000703,0.002763,0.001011,0.001925,0.001008,0.001005,0.004007
242,0,0,1,0.95298,0.003075,0.003625,0.003955,0.007889,0.00364,0.005695,0.002227,0.003402,0.013512
243,0,0,1,0.930587,0.005413,0.015852,0.009381,0.005821,0.008067,0.001511,0.003211,0.004389,0.015767
244,0,0,1,0.93232,0.016309,0.006644,0.009156,0.001989,0.003515,0.007472,0.003347,0.002332,0.016916
245,0,0,1,0.9999,2.4e-05,1e-05,1.2e-05,1e-05,3e-06,7e-06,7e-06,5e-06,2.2e-05
246,0,0,1,0.975107,0.004788,0.003554,0.003276,0.001505,0.000839,0.000558,0.001158,0.001124,0.008091
247,0,0,1,0.968559,0.003268,0.002155,0.002276,0.003318,0.003287,0.002255,0.000822,0.001698,0.01236
248,0,0,1,0.993774,0.000715,0.0007,0.000521,0.000547,0.00025,0.000804,0.000621,0.000508,0.001559
249,0,0,1,0.982357,0.0029,0.001237,0.001704,0.000918,0.0012,0.001439,0.000517,0.001058,0.00667
250,0,0,1,0.929634,0.004601,0.006599,0.005876,0.009326,0.007419,0.003256,0.002377,0.003429,0.027483
251,0,0,1,0.976421,0.005653,0.002087,0.002756,0.002758,0.001197,0.001067,0.001718,0.001407,0.004935
252,0,0,1,0.976017,0.002737,0.005087,0.001457,0.001659,0.003168,0.002407,0.000809,0.001258,0.0054
253,0,0,1,0.957383,0.006316,0.005996,0.002985,0.003421,0.005098,0.002418,0.001192,0.002473,0.012719
254,0,0,1,0.92847,0.013329,0.009313,0.011762,0.005284,0.006103,0.003544,0.002403,0.003732,0.016059
255,0,0,1,0.939366,0.012963,0.009969,0.00497,0.004905,0.004916,0.002254,0.003754,0.003263,0.013639
256,0,0,1,0.962859,0.009216,0.004073,0.003105,0.00314,0.004122,0.00254,0.001738,0.001917,0.007292
257,0,0,1,0.948592,0.006267,0.010342,0.005477,0.005209,0.001616,0.004585,0.003252,0.001774,0.012888
258,0,0,1,0.954555,0.011212,0.00635,0.003623,0.004865,0.004716,0.001998,0.000661,0.001223,0.010798
259,0,0,1,0.952795,0.007181,0.006154,0.005626,0.004661,0.003282,0.002603,0.003619,0.002361,0.011718
260,0,0,1,0.932404,0.003712,0.00453,0.007906,0.012468,0.002854,0.008603,0.002156,0.002851,0.022516
261,0,0,1,0.959919,0.005654,0.003146,0.004585,0.003877,0.003141,0.003726,0.001815,0.001556,0.012581
262,0,0,1,0.965477,0.007589,0.004837,0.004097,0.001492,0.004074,0.001228,0.000951,0.000841,0.009413
263,0,0,1,0.946213,0.008712,0.010894,0.003294,0.004046,0.002332,0.004365,0.002748,0.000971,0.016424
264,0,0,1,0.945006,0.009263,0.005843,0.007616,0.002942,0.00588,0.004965,0.001156,0.001219,0.01611
265,0,0,1,0.94693,0.011909,0.003597,0.004327,0.004703,0.002924,0.005699,0.003097,0.00299,0.013824
266,0,0,1,0.926179,0.012358,0.00735,0.011856,0.00733,0.007431,0.005257,0.002435,0.003424,0.01638
267,0,0,1,0.936398,0.004258,0.004557,0.004031,0.005638,0.003908,0.007776,0.005088,0.003789,0.024559
268,0,0,1,0.979118,0.00182,0.003376,0.00296,0.002279,0.002612,0.001261,0.000973,0.000437,0.005165
269,0,0,1,0.982489,0.001977,0.002178,0.000811,0.001528,0.000572,0.000807,0.002053,0.001841,0.005743
270,0,0,1,0.924954,0.014029,0.008123,0.01153,0.006111,0.002346,0.001848,0.00628,0.002686,0.022092
271,0,0,1,0.958802,0.004325,0.005808,0.002598,0.004027,0.004851,0.00398,0.002496,0.000952,0.012159
272,0,0,1,0.999045,0.000205,9.3e-05,0.000141,3e-05,9.4e-05,6.2e-05,8.2e-05,1.7e-05,0.00023
273,0,0,1,0.994079,0.001279,0.00093,0.000407,0.000826,0.000347,0.000255,0.000401,0.000204,0.001273
274,0,0,1,0.9999,1e-05,1.9e-05,1.2e-05,7e-06,1e-05,7e-06,3e-06,2e-06,2.9e-05
275,0,0,1,0.958031,0.003833,0.003485,0.002144,0.003906,0.003038,0.004033,0.00247,0.003637,0.015423
276,0,0,1,0.954211,0.010147,0.008807,0.004988,0.001508,0.004933,0.003191,0.002855,0.002326,0.007034
277,0,0,1,0.982944,0.00381,0.000998,0.002734,0.000951,0.001646,0.001492,0.001097,0.000802,0.003525
278,0,0,1,0.92071,0.008226,0.009441,0.008652,0.009361,0.009857,0.002316,0.004814,0.002813,0.023811
279,0,0,1,0.962606,0.008872,0.003531,0.005999,0.002193,0.000848,0.003267,0.002493,0.001999,0.008191
280,0,0,1,0.917185,0.010074,0.004558,0.010697,0.005379,0.007083,0.004159,0.004238,0.007899,0.028728
281,0,0,1,0.971439,0.003357,0.004173,0.003433,0.002588,0.001782,0.002467,0.000642,0.000707,0.009411
282,0,0,1,0.967034,0.002467,0.006756,0.003283,0.001026,0.004695,0.001333,0.002516,0.000832,0.010057
283,0,0,1,0.927469,0.013056,0.004865,0.012918,0.00437,0.006752,0.003059,0.003422,0.005559,0.018531
284,0,0,1,0.975258,0.002749,0.004176,0.001725,0.002914,0.002513,0.000536,0.001472,0.000663,0.007994
285,0,0,1,0.985995,0.001334,0.002357,0.000535,0.001849,0.001692,0.001545,0.000631,0.00031,0.003751
286,0,0,1,0.986614,0.002626,0.000758,0.001127,0.002008,0.000532,0.001297,0.001011,0.000309,0.003719
287,0,0,1,0.972693,0.006788,0.001612,0.002951,0.000825,0.002724,0.001712,0.00208,0.001513,0.007102
288,0,0,1,0.977947,0.004131,0.003979,0.000939,0.000912,0.002424,0.001623,0.00102,0.001705,0.00532
289,0,0,1,0.985157,0.001676,0.001027,0.00128,0.000726,0.001629,0.001446,0.001211,0.001204,0.004646
290,0,0,1,0.938729,0.011132,0.005532,0.006849,0.005736,0.006391,0.002797,0.001391,0.004923,0.016521
291,0,0,1,0.905804,0.022695,0.010652,0.004415,0.00846,0.008097,0.006207,0.008267,0.006284,0.019118
292,0,0,1,0.974606,0.005642,0.003233,0.002033,0.002703,0.002387,0.002264,0.001456,0.000303,0.005375
293,0,0,1,0.953562,0.002949,0.004455,0.002263,0.002283,0.007169,0.004134,0.004074,0.002871,0.016241
294,0,0,1,0.919765,0.005334,0.011783,0.010933,0.005505,0.005227,0.006312,0.003185,0.006762,0.025194
295,0,0,1,0.983648,0.002572,0.001766,0.002125,0.002145,0.001442,0.000398,0.00112,0.000938,0.003846
296,0,0,1,0.965903,0.002293,0.004354,0.003862,0.004052,0.002185,0.003441,0.002756,0.000824,0.01033
297,0,0,1,0.951484,0.009295,0.007464,0.002628,0.007009,0.00342,0.003864,0.002881,0.000997,0.010959
298,0,0,1,0.996526,0.00036,0.000708,0.000491,0.000107,0.000382,0.000149,8e-05,0.00023,0.000966
299,0,0,1,0.997423,0.000426,0.000141,0.000284,0.000211,0.000227,0.000211,0.000133,9.5e-05,0.000849
300,0,0,1,0.991277,0.001697,0.000672,0.000964,0.000317,0.001129,0.00039,0.000513,0.000385,0.002655
301,0,0,1,0.983608,0.001312,0.003562,0.002551,0.00144,0.001752,0.001144,0.00062,0.000459,0.003552
302,0,0,1,0.91859,0.008487,0.004782,0.008488,0.008972,0.011676,0.003349,0.007519,0.00693,0.021207
303,0,0,1,0.98405,0.003841,0.000772,0.001621,0.001034,0.001901,0.000783,0.000963,0.00026,0.004774
304,0,0,1,0.971787,0.003126,0.004379,0.002957,0.002988,0.002195,0.002571,0.000891,0.002096,0.007012
305,0,0,1,0.996803,0.000646,0.000253,0.000118,0.000288,0.000183,0.000204,0.000328,0.000265,0.000912
306,0,0,1,0.961546,0.006978,0.006918,0.0048,0.001399,0.002863,0.001513,0.002075,0.000738,0.01117
307,0,0,1,0.959508,0.010098,0.005846,0.001684,0.005356,0.004017,0.002077,0.002171,0.001151,0.008092
308,0,0,1,0.972476,0.001902,0.001965,0.005062,0.001208,0.002844,0.001992,0.003048,0.000925,0.008577
309,0,0,1,0.957988,0.004294,0.004262,0.007031,0.005025,0.004217,0.001952,0.00159,0.000886,0.012755
310,0,0,1,0.975282,0.004126,0.00167,0.001568,0.002485,0.001952,0.00203,0.002644,0.000754,0.007487
311,0,0,1,0.9999,1.1e-05,9e-06,6e-06,6e-06,1.3e-05,1.2e-05,8e-06,2e-06,3.3e-05
312,0,0,1,0.973744,0.001792,0.002438,0.002668,0.002956,0.003042,0.001363,0.002977,0.000507,0.008513
313,0,0,1,0.937065,0.008237,0.007682,0.009385,0.003762,0.004823,0.006122,0.001787,0.001107,0.020029
314,0,0,1,0.9999,8e-06,2e-05,9e-06,1.1e-05,9e-06,7e-06,4e-06,7e-06,2.5e-05
315,0,0,1,0.885282,0.006236,0.006823,0.023432,0.010849,0.005104,0.014386,0.010338,0.004367,0.033182
316,0,0,1,0.99216,0.000655,0.001184,0.001286,0.000608,0.00023,0.000724,0.000267,0.000268,0.002618
317,0,0,1,0.968841,0.002724,0.003013,0.005763,0.001119,0.003223,0.001519,0.001504,0.001628,0.010666
318,0,0,1,0.949893,0.005309,0.003469,0.003715,0.008536,0.004512,0.004327,0.004259,0.003339,0.01264
319,0,0,1,0.956668,0.010741,0.006726,0.003151,0.003609,0.002807,0.00379,0.001882,0.001357,0.009269
320,0,0,1,0.971222,0.0027,0.005976,0.004135,0.000985,0.00372,0.001756,0.001933,0.001893,0.00568
321,0,0,1,0.983776,0.003972,0.000858,0.002067,0.000964,0.001784,0.001536,0.000309,0.00118,0.003555
322,0,0,1,0.971094,0.006055,0.002764,0.004376,0.003441,0.001046,0.001891,0.001971,0.001395,0.005966
323,0,0,1,0.9999,2.3e-05,4e-06,1.4e-05,1.4e-05,7e-06,6e-06,3e-06,7e-06,2.1e-05
324,0,0,1,0.985704,0.001598,0.00188,0.000736,0.000973,0.000854,0.001282,0.00035,0.001547,0.005076
325,0,0,1,0.936352,0.005747,0.004406,0.010345,0.010086,0.007236,0.002963,0.001243,0.003618,0.018003
326,0,0,1,0.9999,2.2e-05,1.7e-05,1.5e-05,6e-06,1e-05,4e-06,2e-06,3e-06,2.2e-05
327,0,0,1,0.934273,0.00508,0.004943,0.013354,0.008824,0.008118,0.004569,0.001768,0.004648,0.014422
328,0,0,1,0.93605,0.013263,0.004797,0.0077,0.003249,0.003891,0.005828,0.001903,0.004565,0.018753
329,0,0,1,0.895319,0.025098,0.019079,0.007764,0.013125,0.009628,0.001694,0.004823,0.005497,0.017973
330,0,0,1,0.980757,0.003139,0.003822,0.00096,0.002254,0.000885,0.002017,0.000515,0.001283,0.004368
331,0,0,1,0.955706,0.003001,0.00792,0.005935,0.006238,0.002954,0.00188,0.001635,0.000936,0.013796
332,0,0,1,0.9594,0.00204,0.004904,0.006614,0.006593,0.00464,0.002349,0.001692,0.001873,0.009893
333,0,0,1,0.974333,0.001804,0.003482,0.004541,0.002854,0.002434,0.000871,0.000627,0.001984,0.00707
334,0,0,1,0.952682,0.011372,0.002331,0.002824,0.003852,0.005291,0.003451,0.004179,0.000962,0.013057
335,0,0,1,0.985244,0.002491,0.002119,0.001487,0.000487,0.001949,0.000517,0.001301,0.000359,0.004048
336,0,0,1,0.97637,0.002079,0.004083,0.003396,0.002758,0.001166,0.001079,0.000884,0.000491,0.007695
337,0,0,1,0.972092,0.004587,0.005083,0.001472,0.002048,0.001995,0.001386,0.002068,0.001576,0.007693
338,0,0,1,0.96213,0.003187,0.003758,0.002053,0.006316,0.002519,0.002595,0.002578,0.002708,0.012155
339,0,0,1,0.966511,0.002285,0.004956,0.002283,0.005442,0.002295,0.002258,0.001434,0.001793,0.010743
340,0,0,1,0.963529,0.002273,0.006855,0.005017,0.001499,0.002473,0.002905,0.003772,0.001961,0.009716
341,0,0,1,0.983462,0.002658,0.003028,0.002319,0.001141,0.001161,0.001392,0.000701,0.000936,0.003201
342,0,0,1,0.947968,0.011996,0.007721,0.004861,0.006317,0.004441,0.003097,0.002367,0.000832,0.0104
343,0,0,1,0.961808,0.007693,0.002579,0.006893,0.00514,0.003363,0.000942,0.00156,0.002482,0.00754
344,0,0,1,0.865296,0.023633,0.024083,0.008836,0.018144,0.013972,0.002919,0.005503,0.00487,0.032745
345,0,0,1,0.9999,1.2e-05,9e-06,1.1e-05,1.5e-05,1.1e-05,7e-06,5e-06,4e-06,2.5e-05
346,0,0,1,0.945405,0.009149,0.009165,0.008632,0.006497,0.003438,0.001243,0.001766,0.00231,0.012394
347,0,0,1,0.968701,0.003718,0.003646,0.003031,0.003076,0.003063,0.000849,0.001463,0.000981,0.011474
348,0,0,1,0.924196,0.004378,0.016279,0.006413,0.004752,0.008759,0.008248,0.006188,0.001123,0.019663
349,0,0,1,0.930886,0.014754,0.006013,0.005128,0.00641,0.006965,0.002078,0.006213,0.001657,0.019894
350,0,0,1,0.992036,0.001714,0.000649,0.000747,0.000869,0.000349,0.000336,0.000709,0.000514,0.002078
351,0,0,1,0.954765,0.009133,0.008067,0.006005,0.003372,0.001526,0.001923,0.002302,0.000996,0.011912
352,0,0,1,0.996669,0.000186,0.000278,0.000621,0.000488,0.000176,0.000223,0.000317,0.000199,0.000842
353,0,0,1,0.910383,0.009391,0.017225,0.009515,0.009471,0.003291,0.002285,0.004785,0.005681,0.027972
354,0,0,1,0.986656,0.002233,0.001333,0.000809,0.002053,0.001382,0.001039,0.000481,0.000511,0.003503
355,0,0,1,0.9999,8e-06,1.5e-05,1.9e-05,1.3e-05,8e-06,7e-06,3e-06,4e-06,2.3e-05
356,0,0,1,0.9999,2e-05,4e-06,1.8e-05,1e-05,8e-06,2e-06,4e-06,7e-06,2.7e-05
357,0,0,1,0.966563,0.003715,0.007235,0.004015,0.002489,0.002003,0.001674,0.001236,0.001587,0.009484
358,0,0,1,0.93529,0.008375,0.003969,0.007975,0.0081,0.007935,0.00354,0.004453,0.003498,0.016863
359,0,0,1,0.909804,0.009894,0.005751,0.004679,0.017305,0.009363,0.009604,0.003435,0.005798,0.024366
360,0,0,1,0.979714,0.001623,0.00379,0.00342,0.002418,0.001902,0.001213,0.001078,0.000901,0.003941
361,0,0,1,0.94418,0.010843,0.008144,0.009189,0.002816,0.00332,0.002745,0.001071,0.00339,0.014301
362,0,0,1,0.94249,0.011232,0.004372,0.006576,0.007312,0.00648,0.003971,0.002661,0.003265,0.01164
363,0,0,1,0.951484,0.010583,0.008546,0.002534,0.001867,0.001889,0.00235,0.004392,0.003313,0.013043
364,0,0,1,0.978482,0.00252,0.001289,0.002144,0.003095,0.001389,0.002301,0.001021,0.000792,0.006967
365,0,0,1,0.9999,1.1e-05,2e-05,1e-05,1.3e-05,8e-06,9e-06,2e-06,6e-06,2.1e-05
366,0,0,1,0.899684,0.012673,0.009612,0.004745,0.016185,0.004424,0.004744,0.006319,0.00682,0.034794
367,0,0,1,0.959819,0.009295,0.004371,0.003004,0.004541,0.003904,0.002223,0.002263,0.000903,0.009678
368,0,0,1,0.958065,0.004391,0.007593,0.002508,0.005568,0.003236,0.003779,0.001005,0.002396,0.011461
369,0,0,1,0.957819,0.007453,0.004538,0.007338,0.002894,0.001148,0.001691,0.002133,0.000791,0.014194
370,0,0,1,0.935112,0.005718,0.010967,0.008452,0.003966,0.006753,0.003451,0.001939,0.002996,0.020647
371,0,0,1,0.9999,1.7e-05,7e-06,1.6e-05,7e-06,6e-06,9e-06,6e-06,4e-06,2.8e-05
372,0,0,1,0.9999,1.2e-05,2e-05,8e-06,5e-06,1.3e-05,1e-05,4e-06,3e-06,2.5e-05
373,0,0,1,0.896209,0.020284,0.006367,0.015182,0.010405,0.00432,0.005825,0.007458,0.001951,0.031999
374,0,0,1,0.976464,0.003694,0.001185,0.004645,0.002556,0.00207,0.000506,0.001669,0.000962,0.00625
375,0,0,1,0.943853,0.007077,0.007824,0.005976,0.002844,0.00613,0.00463,0.002388,0.003515,0.015763
376,0,0,1,0.947563,0.008973,0.003366,0.008667,0.002231,0.005658,0.001732,0.001588,0.001441,0.018783
377,0,0,1,0.939709,0.00541,0.004937,0.005124,0.006931,0.003423,0.006572,0.003042,0.001438,0.023414
378,0,0,1,0.939535,0.014308,0.00536,0.002062,0.00714,0.00731,0.005271,0.003495,0.001239,0.01428
379,0,0,1,0.960469,0.002689,0.005613,0.006081,0.001767,0.002366,0.002022,0.004705,0.00156,0.012728
380,0,0,1,0.946588,0.004537,0.002829,0.004978,0.008637,0.00365,0.00569,0.001593,0.004335,0.017163
381,0,0,1,0.963062,0.002186,0.007659,0.004949,0.001862,0.002464,0.002451,0.002679,0.002863,0.009824
382,0,0,1,0.9999,9e-06,1.2e-05,1.9e-05,6e-06,7e-06,1e-05,8e-06,5e-06,2.4e-05
383,0,0,1,0.990386,0.002013,0.000552,0.001334,0.000353,0.001279,0.000334,0.000499,0.000546,0.002703
384,0,0,1,0.974574,0.002193,0.002926,0.002472,0.000995,0.003147,0.002981,0.002621,0.000616,0.007475
385,0,0,1,0.917227,0.019376,0.004602,0.007776,0.00302,0.004911,0.004862,0.007298,0.00574,0.025188
386,0,0,1,0.964323,0.005815,0.007333,0.004144,0.002163,0.002508,0.002607,0.000767,0.001885,0.008454
387,0,0,1,0.920904,0.007887,0.008485,0.01162,0.006489,0.009717,0.005642,0.007243,0.001341,0.020672
388,0,0,1,0.949118,0.011182,0.008749,0.006929,0.001561,0.003332,0.001878,0.00421,0.000783,0.012258
389,0,0,1,0.946258,0.005081,0.008694,0.005222,0.00337,0.00445,0.005661,0.002969,0.004049,0.014246
390,0,0,1,0.945745,0.00811,0.008337,0.002667,0.004655,0.004921,0.001279,0.001656,0.003866,0.018764
391,0,0,1,0.964924,0.006097,0.003214,0.003908,0.001997,0.00366,0.003889,0.00151,0.000657,0.010143
392,0,0,1,0.965593,0.005575,0.005015,0.003445,0.003696,0.003222,0.00098,0.002518,0.000939,0.009017
393,0,0,1,0.99255,0.000881,0.001419,0.001251,0.000423,0.000537,0.00056,0.000141,0.000185,0.002054
394,0,0,1,0.990274,0.00189,0.000559,0.001253,0.000527,0.001297,0.00054,0.000517,0.000648,0.002494
395,0,0,1,0.996806,0.000618,0.000184,0.000318,0.000488,0.000345,0.000208,0.000211,0.000115,0.000707
396,0,0,1,0.919182,0.006217,0.011173,0.009899,0.003196,0.011932,0.008362,0.004403,0.003888,0.021747
397,0,0,1,0.897039,0.024117,0.006736,0.011949,0.011797,0.00366,0.005699,0.006635,0.007333,0.025036
398,0,0,1,0.930445,0.017103,0.012231,0.008144,0.003359,0.00697,0.005309,0.002311,0.001083,0.013045
399,0,0,1,0.959237,0.005403,0.006719,0.005719,0.002516,0.003883,0.00367,0.002472,0.002461,0.007919
400,0,0,1,0.946486,0.009356,0.004774,0.004689,0.0064,0.006968,0.003839,0.004226,0.002,0.011262
401,0,0,1,0.945133,0.010362,0.005095,0.00288,0.0044,0.004693,0.004503,0.004207,0.0025,0.016227
402,0,0,1,0.959229,0.00437,0.007989,0.006014,0.003462,0.001043,0.001415,0.003033,0.00121,0.012237
403,0,0,1,0.902435,0.019517,0.006415,0.007688,0.006402,0.012538,0.008467,0.003984,0.006535,0.026022
404,0,0,1,0.9999,7e-06,2.1e-05,1.4e-05,1.3e-05,9e-06,6e-06,3e-06,6e-06,2.2e-05
405,0,0,1,0.971093,0.006064,0.002456,0.003729,0.00392,0.001624,0.002682,0.002067,0.000716,0.005649
406,0,0,1,0.955411,0.004471,0.006985,0.006832,0.005892,0.004408,0.003717,0.002345,0.001784,0.008154
407,0,0,1,0.958441,0.008354,0.00529,0.004764,0.004751,0.004468,0.001516,0.001061,0.002118,0.009236
408,0,0,1,0.96715,0.005018,0.003491,0.003303,0.003394,0.001341,0.002719,0.001372,0.001418,0.010793
409,0,0,1,0.977103,0.004395,0.001498,0.001373,0.00179,0.000833,0.003076,0.001719,0.001498,0.006715
410,0,0,1,0.920949,0.009614,0.01436,0.006255,0.004589,0.003838,0.002571,0.005713,0.004277,0.027835
411,0,0,1,0.962321,0.005931,0.002171,0.002787,0.002483,0.002829,0.002624,0.001766,0.003427,0.013661
412,0,0,1,0.860622,0.02993,0.026949,0.00427,0.014378,0.008884,0.012692,0.007303,0.006093,0.02888
413,0,0,1,0.94072,0.014333,0.008383,0.004175,0.007553,0.005936,0.002404,0.002607,0.00148,0.012409
414,0,0,1,0.9999,1.2e-05,1.8e-05,1e-05,3e-06,1.3e-05,4e-06,6e-06,8e-06,2.5e-05
415,0,0,1,0.930525,0.0058,0.015362,0.007614,0.002095,0.002436,0.006658,0.006041,0.005234,0.018236
416,0,0,1,0.947509,0.00827,0.008426,0.008778,0.005539,0.003851,0.004194,0.002678,0.000868,0.009885
417,0,0,1,0.966443,0.00476,0.00335,0.001718,0.001444,0.004654,0.002849,0.002439,0.001179,0.011164
418,0,0,1,0.958385,0.007326,0.004684,0.00158,0.005175,0.003587,0.003434,0.002749,0.002632,0.010448
419,0,0,1,0.989687,0.001723,0.001633,0.000449,0.001533,0.000354,0.000958,0.000404,0.000219,0.003039
420,0,0,1,0.963085,0.004763,0.005856,0.003808,0.003524,0.001466,0.002243,0.003196,0.001919,0.01014
421,0,0,1,0.927958,0.017436,0.004304,0.009329,0.00954,0.00657,0.00487,0.002492,0.004199,0.013303
422,0,0,1,0.923959,0.005676,0.003589,0.011307,0.008732,0.011188,0.003944,0.00631,0.005836,0.019459
423,0,0,1,0.947401,0.006247,0.006143,0.007205,0.005033,0.002299,0.002417,0.005045,0.001618,0.016591
424,0,0,1,0.982489,0.00386,0.003007,0.002517,0.002022,0.000868,0.000837,0.000476,0.000249,0.003674
425,0,0,1,0.9999,7e-06,1.8e-05,1.1e-05,7e-06,4e-06,9e-06,3e-06,7e-06,3.3e-05
426,0,0,1,0.981237,0.002629,0.002795,0.001482,0.001978,0.001611,0.001016,0.000821,0.000872,0.005557
427,0,0,1,0.944595,0.002824,0.005218,0.004467,0.008492,0.004721,0.006472,0.001784,0.004213,0.017215
428,0,0,1,0.984075,0.001939,0.001554,0.001993,0.000889,0.001636,0.001728,0.001372,0.000376,0.004439
429,0,0,1,0.936783,0.009971,0.005466,0.010859,0.002411,0.002246,0.001733,0.004624,0.001457,0.024451
430,0,0,1,0.933382,0.011192,0.012818,0.006831,0.005678,0.007517,0.003261,0.003962,0.001892,0.013468
431,0,0,1,0.944952,0.005211,0.010188,0.007797,0.003446,0.00406,0.003703,0.00267,0.002704,0.015269
432,0,0,1,0.92963,0.01487,0.009591,0.003818,0.006433,0.004965,0.002634,0.006727,0.00388,0.017452
433,0,0,1,0.910316,0.021842,0.013377,0.00799,0.005659,0.003827,0.005457,0.001973,0.003662,0.025897
434,0,0,1,0.979686,0.004704,0.001908,0.001972,0.001653,0.000597,0.002333,0.000821,0.001207,0.005119
435,0,0,1,0.965426,0.005334,0.006314,0.004974,0.001843,0.002559,0.001149,0.002241,0.00125,0.008909
436,0,0,1,0.927473,0.011121,0.007692,0.012432,0.006327,0.004215,0.006872,0.003517,0.00298,0.017371
437,0,0,1,0.913198,0.014829,0.010822,0.004757,0.004687,0.003382,0.008635,0.003663,0.003148,0.032877
438,0,0,1,0.929093,0.005223,0.00631,0.012601,0.009076,0.005515,0.004691,0.002533,0.002053,0.022905
439,0,0,1,0.996316,0.000798,0.000157,0.00016,0.000423,0.000176,0.000346,9.4e-05,0.000251,0.001278
440,0,0,1,0.981773,0.001568,0.004026,0.002146,0.001707,0.000472,0.001611,0.001221,0.000584,0.004892
441,0,0,1,0.96798,0.00215,0.004177,0.006386,0.004314,0.001261,0.002967,0.001832,0.001866,0.007066
442,0,0,1,0.968143,0.005796,0.002682,0.004555,0.002231,0.002335,0.002397,0.001138,0.001363,0.00936
443,0,0,1,0.942823,0.0041,0.004802,0.010713,0.005667,0.004273,0.002207,0.00176,0.003434,0.020221
444,0,0,1,0.953641,0.009586,0.005541,0.002296,0.004238,0.001879,0.003895,0.004078,0.003406,0.011441
445,0,0,1,0.954411,0.009344,0.006518,0.00459,0.003119,0.001292,0.003232,0.001677,0.003328,0.012487
446,0,0,1,0.967231,0.005499,0.005407,0.004423,0.003302,0.000983,0.00101,0.001766,0.001002,0.009377
447,0,0,1,0.931508,0.015192,0.005685,0.01073,0.004859,0.002812,0.005604,0.004908,0.003097,0.015605
448,0,0,1,0.962661,0.006755,0.005736,0.002812,0.002698,0.001565,0.003204,0.001467,0.002895,0.010205
449,0,0,1,0.962432,0.005061,0.004003,0.002996,0.004748,0.004173,0.0022,0.002975,0.001672,0.009741
450,0,0,1,0.933833,0.006667,0.006624,0.006285,0.008903,0.00743,0.006687,0.004286,0.003848,0.015436
451,0,0,1,0.987791,0.001701,0.001995,0.000701,0.000726,0.000922,0.000725,0.000871,0.000865,0.003703
452,0,0,1,0.955237,0.010874,0.00173,0.002194,0.002369,0.00649,0.002893,0.001144,0.001611,0.015458
453,0,0,1,0.942891,0.00377,0.00307,0.006378,0.010837,0.005712,0.004216,0.004448,0.003166,0.015514
454,0,0,1,0.9999,1.8e-05,1.1e-05,6e-06,1.2e-05,1.1e-05,4e-06,2e-06,6e-06,2.9e-05
455,0,0,1,0.941409,0.008974,0.00478,0.003762,0.00235,0.003789,0.001749,0.002704,0.007601,0.022882
456,0,0,1,0.96519,0.004491,0.00507,0.003877,0.004218,0.001093,0.001093,0.0016,0.002887,0.010481
457,0,0,1,0.932484,0.015731,0.006194,0.011063,0.003636,0.005291,0.002276,0.005503,0.00294,0.014881
458,0,0,1,0.957861,0.003004,0.002523,0.003985,0.007811,0.005226,0.004728,0.003347,0.002448,0.009066
459,0,0,1,0.990601,0.001551,0.001482,0.001548,0.000784,0.000823,0.000647,0.000621,0.000275,0.001668
460,0,0,1,0.921321,0.004364,0.005444,0.004374,0.011399,0.013213,0.007394,0.003119,0.003323,0.026049
461,0,0,1,0.969745,0.007294,0.00352,0.00101,0.003989,0.001439,0.000892,0.002237,0.002115,0.007758
462,0,0,1,0.9999,1.5e-05,1e-05,1.7e-05,6e-06,1.2e-05,7e-06,7e-06,4e-06,2.1e-05
463,0,0,1,0.991928,0.000726,0.001448,0.001324,0.000418,0.000376,0.000378,0.000591,0.000228,0.002583
464,0,0,1,0.9999,1.9e-05,1.5e-05,1.2e-05,1.1e-05,7e-06,2e-06,5e-06,5e-06,2.5e-05
465,0,0,1,0.9999,1.5e-05,2.1e-05,1.5e-05,1.1e-05,6e-06,8e-06,6e-06,2e-06,1.7e-05
466,0,0,1,0.966862,0.002016,0.006531,0.003582,0.003323,0.002662,0.001934,0.002451,0.000904,0.009735
467,0,0,1,0.998732,0.000311,0.000181,0.00011,0.000125,2.8e-05,4.7e-05,7.7e-05,4.5e-05,0.000343
468,0,0,1,0.942336,0.00921,0.004721,0.006309,0.00646,0.003814,0.004066,0.002126,0.003985,0.016973
469,0,0,1,0.94486,0.006863,0.010663,0.003984,0.002891,0.002343,0.00469,0.002269,0.0015,0.019936
470,0,0,1,0.957249,0.005833,0.004658,0.002554,0.007184,0.0018,0.004375,0.001395,0.002242,0.012711
471,0,0,1,0.981829,0.004527,0.003,0.001633,0.001749,0.001504,0.000633,0.000832,0.000702,0.00359
472,0,0,1,0.9231,0.004768,0.015347,0.008251,0.008541,0.005598,0.004022,0.003711,0.004321,0.022341
473,0,0,1,0.98738,0.002983,0.000979,0.000467,0.000608,0.001695,0.001429,0.0004,0.000671,0.003389
474,0,0,1,0.948996,0.01051,0.004901,0.006572,0.004281,0.004881,0.004526,0.001935,0.001438,0.01196
475,0,0,1,0.945027,0.009694,0.003576,0.003483,0.008085,0.00354,0.004687,0.0036,0.004024,0.014284
476,0,0,1,0.976074,0.002288,0.002453,0.002077,0.001771,0.002744,0.001313,0.001568,0.002162,0.007551
477,0,0,1,0.96773,0.003957,0.004739,0.005731,0.002369,0.001343,0.000772,0.002612,0.00196,0.008786
478,0,0,1,0.9999,7e-06,8e-06,6e-06,5e-06,1.7e-05,9e-06,3e-06,6e-06,4e-05
479,0,0,1,0.942965,0.011578,0.00303,0.004348,0.003086,0.006332,0.006508,0.002478,0.001957,0.017716
480,0,0,1,0.951029,0.003734,0.009848,0.001972,0.006106,0.006065,0.002444,0.002731,0.003937,0.012134
481,0,0,1,0.9999,1.6e-05,9e-06,1e-05,1.6e-05,9e-06,3e-06,6e-06,5e-06,2.5e-05
482,0,0,1,0.934593,0.010118,0.009836,0.005088,0.004821,0.005614,0.006314,0.003268,0.002506,0.017843
483,0,0,1,0.930869,0.007049,0.006873,0.002761,0.011175,0.009063,0.003826,0.004083,0.001255,0.023045
484,0,0,1,0.9999,1.5e-05,4e-06,1.1e-05,8e-06,6e-06,3e-06,7e-06,6e-06,4.1e-05
485,0,0,1,0.925813,0.012026,0.008016,0.004475,0.009806,0.0051,0.004369,0.003118,0.003667,0.023609
486,0,0,1,0.963344,0.008504,0.005955,0.004149,0.00193,0.003201,0.002735,0.00135,0.001949,0.006883
487,0,0,1,0.9999,9e-06,1e-05,1.4e-05,1.2e-05,6e-06,9e-06,4e-06,2e-06,3.5e-05
488,0,0,1,0.995333,0.000407,0.0003,0.000411,0.000685,0.00056,0.000222,0.000167,0.000285,0.00163
489,0,0,1,0.97139,0.003387,0.002833,0.004699,0.004415,0.001895,0.00237,0.001046,0.001742,0.006222
490,0,0,1,0.969722,0.006211,0.001547,0.003244,0.001705,0.003836,0.002932,0.00233,0.00063,0.007844
491,0,0,1,0.956952,0.008766,0.003421,0.006303,0.003404,0.004178,0.000963,0.002277,0.002805,0.010932
492,0,0,1,0.875644,0.017977,0.019817,0.009731,0.008806,0.011961,0.003276,0.012536,0.006206,0.034045
493,0,0,1,0.948729,0.005161,0.008194,0.003403,0.007852,0.005938,0.001939,0.001363,0.003076,0.014344
494,0,0,1,0.951806,0.005071,0.003188,0.0083,0.001638,0.001752,0.005838,0.00325,0.003242,0.015915
495,0,0,1,0.976203,0.002957,0.001415,0.001584,0.001218,0.002888,0.003244,0.002616,0.001378,0.006496
496,0,0,1,0.9999,1.9e-05,1.7e-05,5e-06,6e-06,1.3e-05,8e-06,6e-06,5e-06,2e-05
497,0,0,1,0.975828,0.00333,0.001846,0.003568,0.001876,0.001043,0.002874,0.001417,0.00113,0.007088
498,0,0,1,0.947145,0.004649,0.00421,0.005259,0.007611,0.00327,0.006024,0.005084,0.002695,0.014052
499,0,0,1,0.9999,6e-06,8e-06,9e-06,8e-06,8e-06,3e-06,1e-05,6e-06,4.1e-05
500,0,0,1,0.962298,0.008346,0.006024,0.002281,0.004088,0.003081,0.00219,0.001491,0.001579,0.008621
501,0,0,1,0.96536,0.005179,0.004722,0.00427,0.002344,0.003229,0.001074,0.002137,0.00074,0.010944
502,0,0,1,0.968068,0.007175,0.002238,0.003312,0.00134,0.002934,0.003244,0.002122,0.001484,0.008082
503,0,0,1,0.946395,0.010199,0.004392,0.004809,0.005856,0.001819,0.006262,0.00186,0.00273,0.015679
504,0,0,1,0.969425,0.006427,0.001501,0.00366,0.004512,0.001928,0.001553,0.002107,0.001908,0.006978
505,0,0,1,0.952179,0.004933,0.002493,0.002588,0.004188,0.008032,0.006195,0.001346,0.003519,0.014525
506,0,0,1,0.940939,0.009169,0.004977,0.007863,0.003178,0.006769,0.003606,0.001671,0.003879,0.017949
507,0,0,1,0.956157,0.005331,0.005459,0.00605,0.006118,0.001741,0.001648,0.00228,0.001788,0.013428
508,0,0,1,0.9999,1.4e-05,1e-05,9e-06,1.7e-05,6e-06,6e-06,8e-06,4e-06,2.7e-05
509,0,0,1,0.9999,2e-05,1.4e-05,1.1e-05,5e-06,1e-05,9e-06,3e-06,7e-06,2.1e-05
510,0,0,1,0.931448,0.013386,0.013604,0.00703,0.005301,0.007269,0.002424,0.00215,0.001641,0.015746
511,0,0,1,0.969776,0.006684,0.001279,0.004773,0.003287,0.001494,0.002043,0.00172,0.002104,0.006842
512,0,0,1,0.964689,0.004277,0.002411,0.003533,0.004176,0.00202,0.00401,0.001018,0.001802,0.012065
513,0,0,1,0.966874,0.007737,0.004998,0.00397,0.003425,0.001099,0.002559,0.001755,0.001253,0.006329
514,0,0,1,0.993745,0.000689,0.001092,0.000739,0.000245,0.000214,0.000669,0.000312,0.00049,0.001806
515,0,0,1,0.937881,0.008281,0.012036,0.009362,0.003093,0.005299,0.004099,0.001043,0.003885,0.015021
516,0,0,1,0.941081,0.003431,0.008766,0.003734,0.006469,0.003439,0.001988,0.006104,0.003213,0.021775
517,0,0,1,0.977217,0.00317,0.003315,0.00246,0.001307,0.001353,0.00144,0.000744,0.000598,0.008395
518,0,0,1,0.951405,0.00631,0.002834,0.005932,0.006864,0.002028,0.001896,0.003679,0.002812,0.016241
519,0,0,1,0.95586,0.007965,0.003228,0.005706,0.00537,0.002171,0.001267,0.003785,0.00168,0.012968
520,0,0,1,0.97155,0.005245,0.003126,0.002403,0.002018,0.002643,0.000714,0.001365,0.002707,0.00823
521,0,0,1,0.954036,0.007963,0.009425,0.003956,0.001949,0.001337,0.004558,0.001509,0.001905,0.013362
522,0,0,1,0.962852,0.002692,0.002099,0.007759,0.005789,0.004209,0.003125,0.000605,0.002052,0.008818
523,0,0,1,0.901347,0.007128,0.012815,0.004294,0.006832,0.010651,0.005167,0.008006,0.004452,0.039309
524,0,0,1,0.911734,0.006909,0.015438,0.003538,0.010393,0.009499,0.002494,0.003362,0.003913,0.032721
525,0,0,1,0.965167,0.00724,0.00479,0.001382,0.003876,0.000906,0.002125,0.001513,0.002865,0.010135
526,0,0,1,0.927905,0.00388,0.015245,0.009528,0.004181,0.004952,0.008417,0.00181,0.002723,0.021358
527,0,0,1,0.909356,0.020246,0.011004,0.005184,0.008139,0.006524,0.009304,0.001642,0.002845,0.025756
528,0,0,1,0.933433,0.008566,0.004721,0.006359,0.005648,0.007225,0.003311,0.00755,0.003484,0.019703
529,0,0,1,0.955033,0.00955,0.006204,0.006594,0.005159,0.003718,0.000768,0.002089,0.001154,0.009731
530,0,0,1,0.997054,0.000534,0.000163,0.000284,0.000476,0.000257,0.000216,9.7e-05,9e-05,0.000829
531,0,0,1,0.9999,8e-06,2.2e-05,1.6e-05,6e-06,7e-06,4e-06,3e-06,5e-06,2.8e-05
532,0,0,1,0.978508,0.002403,0.003647,0.00239,0.001006,0.003001,0.002218,0.00054,0.001488,0.004801
533,0,0,1,0.903167,0.022603,0.008425,0.010625,0.013228,0.003091,0.004412,0.007783,0.005211,0.021455
534,0,0,1,0.965983,0.004518,0.003901,0.003548,0.00522,0.003851,0.003071,0.001038,0.001825,0.007044
535,0,0,1,0.898497,0.007243,0.008196,0.017427,0.011833,0.005872,0.008323,0.004098,0.003714,0.034798
536,0,0,1,0.949148,0.009541,0.006003,0.005313,0.005127,0.004785,0.002506,0.003874,0.002032,0.011671
537,0,0,1,0.933857,0.005126,0.005409,0.003139,0.010646,0.002217,0.004118,0.004706,0.006109,0.024673
538,0,0,1,0.9999,6e-06,2.2e-05,1.8e-05,1.2e-05,6e-06,4e-06,4e-06,3e-06,2.4e-05
539,0,0,1,0.956272,0.005727,0.002218,0.007052,0.003622,0.002827,0.003839,0.003661,0.002495,0.012288
540,0,0,1,0.899496,0.020843,0.012278,0.009455,0.012478,0.002658,0.010662,0.00494,0.003511,0.023679
541,0,0,1,0.950327,0.009787,0.006443,0.005124,0.004988,0.001397,0.002374,0.002535,0.001888,0.015137
542,0,0,1,0.975638,0.003277,0.00364,0.001063,0.002513,0.001088,0.002761,0.001406,0.001676,0.006939
543,0,0,1,0.93052,0.005047,0.013257,0.012158,0.007383,0.002438,0.003875,0.00355,0.001868,0.019905
544,0,0,1,0.920048,0.007227,0.01025,0.006249,0.01059,0.010562,0.007341,0.005371,0.001671,0.020692
545,0,0,1,0.934535,0.004768,0.00849,0.0064,0.007089,0.00491,0.007039,0.004078,0.005445,0.017246
546,0,0,1,0.938762,0.012471,0.011336,0.006105,0.005698,0.002051,0.005276,0.00157,0.003219,0.013512
547,0,0,1,0.980278,0.002641,0.001911,0.00309,0.001682,0.001823,0.00063,0.000606,0.000665,0.006673
548,0,0,1,0.943547,0.008001,0.010712,0.005989,0.001624,0.006825,0.002274,0.003528,0.00254,0.01496
549,0,0,1,0.944044,0.007388,0.0032,0.007714,0.003726,0.005411,0.004961,0.003805,0.004248,0.015505
550,0,0,1,0.976199,0.0043,0.001118,0.004058,0.002627,0.002545,0.001004,0.001907,0.000373,0.005868
551,0,0,1,0.965142,0.00465,0.002587,0.005094,0.00388,0.003511,0.002558,0.00261,0.000852,0.009117
552,0,0,1,0.922084,0.018411,0.004084,0.006089,0.006103,0.005438,0.002401,0.004794,0.004898,0.025698
553,0,0,1,0.970928,0.003156,0.001993,0.004519,0.002035,0.002699,0.002273,0.002345,0.001733,0.008318
554,0,0,1,0.997527,0.000435,0.000504,0.000225,0.000246,0.000252,0.000201,6.6e-05,9.4e-05,0.000452
555,0,0,1,0.990769,0.001046,0.001269,0.001722,0.000627,0.000347,0.000686,0.000544,0.000527,0.002463
556,0,0,1,0.941126,0.010119,0.009347,0.009688,0.001495,0.001547,0.004671,0.001619,0.004477,0.01591
557,0,0,1,0.96089,0.00821,0.007719,0.003079,0.002347,0.002878,0.002641,0.00064,0.001047,0.010551
558,0,0,1,0.949534,0.00563,0.006785,0.004368,0.001725,0.005981,0.003072,0.004464,0.003194,0.015247
559,0,0,1,0.9999,6e-06,8e-06,1e-05,9e-06,1.2e-05,1.3e-05,9e-06,6e-06,2.7e-05
560,0,0,1,0.918141,0.018698,0.009941,0.006228,0.009718,0.00495,0.006417,0.005623,0.002229,0.018057
561,0,0,1,0.964889,0.006846,0.003197,0.00394,0.001936,0.003591,0.003275,0.002805,0.001149,0.008371
562,0,0,1,0.983898,0.000905,0.003749,0.002007,0.002063,0.001211,0.000789,0.000909,0.000996,0.003472
563,0,0,1,0.955381,0.008938,0.006817,0.003259,0.001442,0.003208,0.003131,0.001738,0.002258,0.013828
564,0,0,1,0.979941,0.002216,0.001293,0.003426,0.002698,0.002426,0.00111,0.000379,0.000954,0.005558
565,0,0,1,0.953621,0.006957,0.003471,0.008439,0.005406,0.00342,0.003833,0.001168,0.00307,0.010615
566,0,0,1,0.990982,0.001671,0.000562,0.001322,0.000775,0.000903,0.000584,0.000163,0.000718,0.002319
567,0,0,1,0.896392,0.019417,0.014216,0.004717,0.009356,0.003311,0.008105,0.008087,0.004095,0.032303
568,0,0,1,0.937069,0.014375,0.005544,0.003807,0.004129,0.003993,0.004296,0.00197,0.001982,0.022835
569,0,0,1,0.947848,0.005462,0.002477,0.007719,0.005577,0.002823,0.003373,0.002811,0.001716,0.020195
570,0,0,1,0.953074,0.004644,0.002717,0.006831,0.003854,0.004007,0.001891,0.003313,0.003641,0.016029
571,0,0,1,0.936516,0.004519,0.003583,0.007493,0.004109,0.007409,0.006131,0.00657,0.004495,0.019177
572,0,0,1,0.940664,0.012667,0.008987,0.00694,0.004817,0.006345,0.003938,0.002239,0.001023,0.012379
573,0,0,1,0.942667,0.012187,0.010561,0.004968,0.004179,0.004754,0.003972,0.002391,0.00138,0.01294
574,0,0,1,0.96977,0.005241,0.005812,0.002463,0.003174,0.002478,0.002298,0.001985,0.000953,0.005825
575,0,0,1,0.9999,6e-06,1.4e-05,1e-05,1e-05,5e-06,1.1e-05,8e-06,3e-06,3.4e-05
576,0,0,1,0.9999,2.1e-05,9e-06,1.3e-05,1.2e-05,7e-06,5e-06,4e-06,5e-06,2.4e-05
577,0,0,1,0.993346,0.001062,0.001369,0.000535,0.000436,0.000692,0.000431,0.000441,0.000232,0.001457
578,0,0,1,0.968743,0.003039,0.00515,0.001513,0.005091,0.002714,0.002026,0.001975,0.00139,0.008359
579,0,0,1,0.923406,0.012333,0.013778,0.004303,0.011138,0.00224,0.002354,0.00648,0.004896,0.019073
580,0,0,1,0.934627,0.0119,0.003642,0.010634,0.008915,0.006984,0.004129,0.000959,0.001445,0.016764
581,0,0,1,0.984155,0.001265,0.002278,0.001575,0.001776,0.000798,0.001519,0.000752,0.000965,0.004917
582,0,0,1,0.98186,0.004329,0.001891,0.002938,0.001067,0.000537,0.000381,0.00173,0.000689,0.004577
583,0,0,1,0.946737,0.004022,0.005359,0.005435,0.006143,0.001958,0.005786,0.005259,0.002352,0.016949
584,0,0,1,0.998679,0.000128,0.000227,0.000124,9.6e-05,9.4e-05,8.2e-05,9e-05,8.7e-05,0.000391
585,0,0,1,0.913984,0.01247,0.006446,0.008516,0.013761,0.009771,0.002834,0.008038,0.004449,0.01973
586,0,0,1,0.967695,0.001717,0.005942,0.003631,0.002886,0.004497,0.000912,0.00227,0.001392,0.009058
587,0,0,1,0.968649,0.004427,0.005594,0.003645,0.00239,0.001315,0.002123,0.001902,0.001394,0.008561
588,0,0,1,0.948182,0.008857,0.007114,0.007864,0.002724,0.003798,0.002837,0.002966,0.001932,0.013727
589,0,0,1,0.975176,0.006098,0.003064,0.002991,0.00092,0.001719,0.001887,0.000639,0.001473,0.006033
590,0,0,1,0.9999,2.1e-05,1.1e-05,4e-06,1.4e-05,3e-06,7e-06,8e-06,8e-06,2.4e-05
591,0,0,1,0.951136,0.003206,0.008069,0.007879,0.003342,0.001597,0.00294,0.00449,0.002493,0.014846
592,0,0,1,0.92634,0.014493,0.00794,0.012403,0.008139,0.003309,0.001562,0.006055,0.003949,0.015809
593,0,0,1,0.957316,0.00834,0.005589,0.001791,0.0039,0.001933,0.001275,0.004926,0.003162,0.011768
594,0,0,1,0.942484,0.003825,0.008114,0.01004,0.003752,0.002432,0.003117,0.005813,0.001079,0.019344
595,0,0,1,0.942633,0.004148,0.004519,0.008199,0.003249,0.00519,0.006783,0.002585,0.004315,0.018378
596,0,0,1,0.90647,0.020801,0.008623,0.004287,0.004726,0.013045,0.003399,0.005766,0.008178,0.024704
597,0,0,1,0.965088,0.007125,0.002712,0.003461,0.003837,0.001639,0.003177,0.001543,0.002038,0.009381
598,0,0,1,0.960513,0.003298,0.004695,0.003473,0.005583,0.004498,0.002808,0.001906,0.002528,0.010698
599,0,0,1,0.945112,0.007954,0.003709,0.009685,0.001757,0.007483,0.003396,0.003882,0.004125,0.012897
600,0,0,1,0.956446,0.010172,0.005925,0.006624,0.002841,0.004203,0.003057,0.001256,0.00098,0.008497
601,0,0,1,0.952078,0.003338,0.008064,0.004683,0.006515,0.00506,0.003989,0.00273,0.001205,0.012338
602,0,0,1,0.936024,0.005501,0.009328,0.009071,0.00867,0.001645,0.00207,0.00196,0.003582,0.02215
603,0,0,1,0.999178,7.7e-05,7.9e-05,5.9e-05,3.3e-05,3.9e-05,0.000127,7.4e-05,7.2e-05,0.000261
604,0,0,1,0.9999,1.9e-05,6e-06,1.7e-05,4e-06,1e-05,1e-05,6e-06,7e-06,2.1e-05
605,0,0,1,0.946908,0.012169,0.00774,0.00334,0.004279,0.006065,0.003466,0.00376,0.001292,0.010981
606,0,0,1,0.901847,0.020021,0.00896,0.005699,0.004113,0.012194,0.005969,0.004801,0.002257,0.034139
607,0,0,1,0.988723,0.002719,0.000881,0.00106,0.000982,0.001328,0.000741,0.000306,0.000484,0.002776
608,0,0,1,0.99175,0.000773,0.001336,0.001428,0.00091,0.000269,0.000228,0.000543,0.000277,0.002486
609,0,0,1,0.9999,1.4e-05,2e-05,5e-06,1.1e-05,1.2e-05,7e-06,3e-06,5e-06,2.3e-05
610,0,0,1,0.99239,0.001165,0.001534,0.000728,0.000574,0.00079,0.000581,0.000464,0.00028,0.001494
611,0,0,1,0.937874,0.003147,0.014204,0.009564,0.005155,0.004913,0.005959,0.002336,0.00314,0.013708
612,0,0,1,0.925573,0.017994,0.003845,0.008252,0.010737,0.002221,0.004453,0.005474,0.003852,0.017599
613,0,0,1,0.98481,0.001296,0.000804,0.00166,0.001008,0.001972,0.001938,0.001147,0.000654,0.004712
614,0,0,1,0.99657,0.000676,0.000215,0.000225,0.000449,0.000314,0.000229,8.3e-05,0.000196,0.001043
615,0,0,1,0.981585,0.002054,0.002565,0.002992,0.001511,0.002316,0.000401,0.000403,0.001282,0.004893
616,0,0,1,0.974505,0.00539,0.003688,0.002326,0.002615,0.00258,0.00071,0.001358,0.001604,0.005223
617,0,0,1,0.963999,0.002066,0.002658,0.005654,0.003696,0.005122,0.000994,0.003008,0.000974,0.011828
618,0,0,1,0.964508,0.003956,0.006583,0.003524,0.001803,0.003301,0.003486,0.000915,0.001782,0.010142
619,0,0,1,0.968481,0.006614,0.002344,0.004758,0.002408,0.003269,0.002989,0.001697,0.000855,0.006587
620,0,0,1,0.998846,8.9e-05,0.000231,0.000174,0.000134,8.9e-05,5.1e-05,2.9e-05,2.8e-05,0.000329
621,0,0,1,0.954061,0.006111,0.007538,0.005188,0.003733,0.005495,0.001039,0.001178,0.003436,0.01222
622,0,0,1,0.920429,0.004227,0.011105,0.003294,0.005234,0.003779,0.009366,0.009679,0.004382,0.028505
623,0,0,1,0.926228,0.015601,0.011897,0.008721,0.003426,0.006073,0.004338,0.00314,0.004889,0.015686
624,0,0,1,0.953616,0.003989,0.006358,0.008651,0.004804,0.004663,0.002142,0.000803,0.001454,0.013518
625,0,0,1,0.954683,0.003331,0.006552,0.00245,0.004037,0.005854,0.003648,0.001825,0.003596,0.014026
626,0,0,1,0.946983,0.004705,0.010113,0.007145,0.007568,0.003403,0.001712,0.003381,0.000879,0.014111
627,0,0,1,0.939679,0.010796,0.0053,0.006056,0.00446,0.007114,0.005364,0.001246,0.003959,0.016027
628,0,0,1,0.976619,0.004842,0.002725,0.001158,0.003356,0.002195,0.001534,0.000872,0.000601,0.006097
629,0,0,1,0.951514,0.008988,0.004548,0.007193,0.003198,0.00171,0.004514,0.004107,0.00178,0.012449
630,0,0,1,0.966205,0.004964,0.006576,0.001758,0.004829,0.002209,0.001716,0.000908,0.002102,0.008734
631,0,0,1,0.993281,0.001185,0.001356,0.000378,0.000287,0.000662,0.000177,0.000207,0.000544,0.001924
632,0,0,1,0.942234,0.006858,0.01157,0.006716,0.006782,0.004589,0.003662,0.001477,0.003932,0.01218
633,0,0,1,0.964731,0.007794,0.001849,0.005673,0.00295,0.004236,0.002149,0.002308,0.000879,0.00743
634,0,0,1,0.953867,0.004582,0.004797,0.006097,0.007001,0.003982,0.00157,0.002982,0.000771,0.014349
635,0,0,1,0.911411,0.021796,0.003875,0.009068,0.01097,0.002432,0.006319,0.004978,0.00611,0.02304
636,0,0,1,0.97426,0.002525,0.003754,0.001021,0.003621,0.003556,0.000862,0.001135,0.001663,0.007602
637,0,0,1,0.930322,0.004748,0.009477,0.006153,0.009399,0.008841,0.006195,0.001365,0.003313,0.020186
638,0,0,1,0.968354,0.004148,0.005719,0.002702,0.002725,0.002889,0.00299,0.000672,0.002241,0.00756
639,0,0,1,0.899488,0.011718,0.005021,0.011325,0.007532,0.015529,0.007827,0.008682,0.006824,0.026055
640,0,0,1,0.9999,2e-05,5e-06,1.8e-05,1.1e-05,1.1e-05,3e-06,4e-06,5e-06,2.4e-05
641,0,0,1,0.990137,0.001214,0.000736,0.00128,0.000421,0.001192,0.000457,0.001124,0.000336,0.003104
642,0,0,1,0.985882,0.003358,0.001786,0.00217,0.000626,0.001229,0.000471,0.00054,0.000407,0.003531
643,0,0,1,0.982405,0.003274,0.00151,0.000803,0.00143,0.001558,0.001401,0.000568,0.001354,0.005698
644,0,0,1,0.943885,0.006086,0.008715,0.008675,0.007803,0.005259,0.004663,0.000941,0.003191,0.010782
645,0,0,1,0.926678,0.01038,0.004156,0.013496,0.004876,0.009752,0.002204,0.002993,0.004823,0.02064
646,0,0,1,0.898837,0.015593,0.015014,0.007665,0.01534,0.007527,0.003058,0.004412,0.004518,0.028037
647,0,0,1,0.961411,0.006905,0.003431,0.001768,0.005942,0.001982,0.004445,0.002526,0.001534,0.010056
648,0,0,1,0.936195,0.007354,0.009522,0.008887,0.008308,0.004135,0.002837,0.001739,0.00437,0.016654
649,0,0,1,0.996095,0.000329,0.000365,0.000472,0.000669,0.000422,9.8e-05,0.000187,0.000192,0.001171
650,0,0,1,0.994178,0.00112,0.000503,0.001027,0.000691,0.000468,0.000369,0.000133,0.000147,0.001364
651,0,0,1,0.9999,6e-06,1.1e-05,6e-06,8e-06,6e-06,1e-05,3e-06,6e-06,4.4e-05
652,0,0,1,0.943883,0.008865,0.003899,0.004782,0.009029,0.003867,0.003848,0.001726,0.002846,0.017254
653,0,0,1,0.984089,0.001815,0.000717,0.002645,0.002631,0.000942,0.001368,0.000839,0.000535,0.004419
654,0,0,1,0.9999,1.6e-05,7e-06,1.3e-05,1.5e-05,7e-06,8e-06,7e-06,6e-06,2.1e-05
655,0,0,1,0.930955,0.005378,0.010199,0.005968,0.006191,0.009013,0.004496,0.001904,0.00158,0.024317
656,0,0,1,0.934946,0.006143,0.01397,0.004745,0.002191,0.005993,0.004453,0.00508,0.001517,0.020963
657,0,0,1,0.929201,0.010787,0.005334,0.006209,0.008289,0.00959,0.007087,0.002872,0.001642,0.018988
658,0,0,1,0.977493,0.002804,0.002107,0.002116,0.003801,0.002626,0.000611,0.001651,0.000943,0.005848
659,0,0,1,0.937095,0.015633,0.009962,0.004019,0.007029,0.00641,0.002675,0.003938,0.001031,0.012207
660,0,0,1,0.949134,0.004657,0.006697,0.008831,0.007588,0.00146,0.005236,0.0033,0.000887,0.012211
661,0,0,1,0.953371,0.00615,0.009427,0.004127,0.004339,0.004338,0.003669,0.001128,0.001173,0.012278
662,0,0,1,0.931926,0.003979,0.013796,0.010911,0.004364,0.005669,0.004189,0.001393,0.0012,0.022573
663,0,0,1,0.985782,0.001458,0.003078,0.0021,0.001096,0.001173,0.001215,0.000547,0.000527,0.003026
664,0,0,1,0.951443,0.003587,0.004742,0.010012,0.001914,0.005635,0.003768,0.003083,0.003538,0.012279
665,0,0,1,0.939214,0.010674,0.007277,0.008089,0.002568,0.004907,0.004501,0.004988,0.001468,0.016313
666,0,0,1,0.984572,0.003482,0.000921,0.000911,0.001057,0.001213,0.001823,0.00073,0.000571,0.00472
667,0,0,1,0.969464,0.004761,0.006115,0.003003,0.003386,0.00115,0.000835,0.002263,0.001432,0.00759
668,0,0,1,0.999082,0.000172,8.2e-05,0.000124,0.000101,3e-05,6.8e-05,7.3e-05,1.4e-05,0.000253
669,0,0,1,0.919642,0.012346,0.008475,0.008751,0.005996,0.010399,0.002424,0.002587,0.002768,0.026613
670,0,0,1,0.98414,0.002739,0.002838,0.001595,0.001359,0.001174,0.001239,0.000358,0.000648,0.00391
671,0,0,1,0.9999,7e-06,2e-05,1.7e-05,8e-06,5e-06,5e-06,8e-06,7e-06,2.3e-05
672,0,0,1,0.918342,0.009669,0.01382,0.003243,0.011694,0.004084,0.008666,0.002392,0.002677,0.025412
673,0,0,1,0.930664,0.005205,0.004877,0.003894,0.010417,0.009294,0.002337,0.006827,0.005336,0.021149
674,0,0,1,0.973822,0.005461,0.003163,0.001086,0.001215,0.001534,0.000868,0.002358,0.002108,0.008384
675,0,0,1,0.963783,0.007478,0.006726,0.002005,0.004607,0.001339,0.001692,0.000843,0.002527,0.009001
676,0,0,1,0.9999,1.2e-05,7e-06,1.2e-05,1.3e-05,5e-06,8e-06,3e-06,6e-06,3.2e-05
677,0,0,1,0.933866,0.003492,0.005851,0.005015,0.005508,0.010657,0.005606,0.007343,0.00158,0.021082
678,0,0,1,0.967966,0.006136,0.003193,0.003812,0.002606,0.003934,0.001064,0.001366,0.00125,0.008673
679,0,0,1,0.994632,0.000498,0.000465,0.00032,0.001009,0.00023,0.000205,0.000204,0.000493,0.001944
680,0,0,1,0.949255,0.002949,0.005526,0.003092,0.004181,0.005952,0.003265,0.006322,0.002701,0.016757
681,0,0,1,0.923249,0.01234,0.006964,0.0127,0.003927,0.002609,0.008338,0.004336,0.004745,0.020792
682,0,0,1,0.9999,1.5e-05,6e-06,1.1e-05,1.2e-05,4e-06,4e-06,6e-06,7e-06,3.5e-05
683,0,0,1,0.9999,7e-06,2.2e-05,1.7e-05,3e-06,1.2e-05,4e-06,6e-06,7e-06,2.1e-05
684,0,0,1,0.9999,2e-05,9e-06,1.4e-05,1e-05,5e-06,9e-06,6e-06,4e-06,2.5e-05
685,0,0,1,0.9999,1.5e-05,1.5e-05,9e-06,9e-06,6e-06,1e-05,3e-06,3e-06,3.1e-05
686,0,0,1,0.917795,0.006323,0.005306,0.004275,0.00422,0.011524,0.012357,0.004833,0.006201,0.027166
687,0,0,1,0.960723,0.003164,0.006298,0.002065,0.001812,0.005196,0.004221,0.003445,0.001182,0.011894
688,0,0,1,0.941727,0.005963,0.00621,0.010231,0.005715,0.007252,0.00129,0.002941,0.00435,0.01432
689,0,0,1,0.930352,0.008826,0.006868,0.006759,0.006699,0.002291,0.006164,0.007116,0.002757,0.022169
690,0,0,1,0.950489,0.003807,0.008827,0.005439,0.00226,0.005398,0.004328,0.003639,0.0026,0.013212
691,0,0,1,0.926432,0.010681,0.01389,0.007415,0.005334,0.005399,0.007533,0.004043,0.002324,0.01695
692,0,0,1,0.986115,0.000772,0.000774,0.002682,0.001157,0.001686,0.000377,0.001469,0.000587,0.004379
693,0,0,1,0.956331,0.003034,0.004837,0.004349,0.003782,0.005042,0.002252,0.00366,0.002816,0.013898
694,0,0,1,0.969338,0.003403,0.003203,0.001298,0.002622,0.002863,0.003846,0.002197,0.002586,0.008644
695,0,0,1,0.954106,0.004742,0.007786,0.005592,0.006865,0.002625,0.002342,0.002623,0.002819,0.010501
696,0,0,1,0.996385,0.000424,0.000481,0.00055,0.000255,0.00033,0.000193,0.00019,0.000178,0.001015
697,0,0,1,0.986455,0.002973,0.002193,0.001827,0.00103,0.000593,0.000293,0.001155,0.000454,0.003026
698,0,0,1,0.967463,0.002225,0.006633,0.001633,0.002587,0.001235,0.003831,0.002088,0.001131,0.011173
699,0,0,1,0.9999,2.1e-05,1.4e-05,7e-06,1.2e-05,6e-06,6e-06,3e-06,4e-06,2.6e-05
700,0,0,1,0.936685,0.012833,0.004348,0.002478,0.008324,0.007863,0.004543,0.002123,0.005043,0.015761
701,0,0,1,0.936695,0.012562,0.007279,0.01032,0.005188,0.004833,0.004713,0.002517,0.002594,0.013298
702,0,0,1,0.934502,0.008047,0.00457,0.004235,0.0091,0.004352,0.004824,0.003454,0.005815,0.021101
703,0,0,1,0.933932,0.004155,0.005616,0.007459,0.010488,0.006873,0.003188,0.004816,0.003079,0.020394
704,0,0,1,0.974807,0.002497,0.00489,0.002543,0.002472,0.001755,0.00198,0.00052,0.000699,0.007837
705,0,0,1,0.972818,0.002101,0.00255,0.004747,0.003232,0.00124,0.002935,0.002519,0.001156,0.006701
706,0,0,1,0.9999,7e-06,1.6e-05,1.7e-05,1.4e-05,6e-06,5e-06,6e-06,2e-06,2.7e-05
707,0,0,1,0.967417,0.007775,0.004834,0.00156,0.001333,0.003363,0.003245,0.001617,0.001911,0.006945
708,0,0,1,0.9999,1e-05,2e-05,7e-06,5e-06,1.2e-05,5e-06,7e-06,4e-06,2.9e-05
709,0,0,1,0.938395,0.012301,0.004792,0.00599,0.003038,0.003017,0.007921,0.003385,0.002134,0.019027
710,0,0,1,0.930529,0.00868,0.014574,0.005236,0.005522,0.006615,0.006999,0.004934,0.004014,0.012896
711,0,0,1,0.941432,0.00718,0.009925,0.008884,0.001766,0.007499,0.00399,0.004218,0.002756,0.012349
712,0,0,1,0.9999,2.1e-05,8e-06,1.1e-05,7e-06,1.3e-05,5e-06,8e-06,2e-06,2.6e-05
713,0,0,1,0.94331,0.012664,0.009753,0.004376,0.006935,0.002953,0.004914,0.001526,0.000923,0.012645
714,0,0,1,0.969697,0.00279,0.006274,0.004952,0.002871,0.00303,0.002112,0.001086,0.000408,0.006779
715,0,0,1,0.940271,0.013337,0.009958,0.008675,0.004003,0.00315,0.004497,0.003117,0.002928,0.010065
716,0,0,1,0.983902,0.003054,0.001973,0.001333,0.00166,0.001718,0.001257,0.000718,0.000243,0.004143
717,0,0,1,0.909405,0.005474,0.015179,0.012312,0.011999,0.003524,0.00548,0.006434,0.003404,0.02679
718,0,0,1,0.975288,0.003788,0.005104,0.003419,0.002513,0.002169,0.001445,0.001308,0.000566,0.0044
719,0,0,1,0.968686,0.004562,0.005271,0.002194,0.003616,0.003375,0.002581,0.000872,0.001175,0.007668
720,0,0,1,0.985458,0.003475,0.002511,0.000812,0.001856,0.001382,0.000809,0.000648,0.000706,0.002344
721,0,0,1,0.9999,2.4e-05,7e-06,1.3e-05,5e-06,7e-06,6e-06,4e-06,2e-06,3.2e-05
722,0,0,1,0.910882,0.006548,0.015995,0.009123,0.013444,0.006194,0.006985,0.002272,0.005503,0.023054
723,0,0,1,0.9999,9e-06,2e-05,1.5e-05,6e-06,7e-06,3e-06,9e-06,5e-06,2.6e-05
724,0,0,1,0.984458,0.002882,0.001692,0.001444,0.000754,0.000947,0.000801,0.001218,0.001343,0.00446
725,0,0,1,0.959263,0.005048,0.006668,0.00411,0.001297,0.00181,0.0025,0.003641,0.002935,0.012728
726,0,0,1,0.949245,0.01001,0.004125,0.002529,0.002105,0.003729,0.00274,0.005911,0.004889,0.014717
727,0,0,1,0.914142,0.020422,0.01593,0.008398,0.008207,0.001944,0.003118,0.004842,0.002541,0.020455
728,0,0,1,0.937212,0.015296,0.00769,0.006611,0.003387,0.004493,0.005975,0.004362,0.001144,0.013831
729,0,0,1,0.977746,0.002525,0.003079,0.001305,0.001126,0.000837,0.001011,0.002775,0.002082,0.007514
730,0,0,1,0.959063,0.004363,0.008243,0.004889,0.004742,0.001921,0.001889,0.003402,0.001299,0.010187
731,0,0,1,0.891505,0.027006,0.016521,0.005214,0.013182,0.008452,0.007992,0.001827,0.002256,0.026045
732,0,0,1,0.961023,0.003977,0.006692,0.003886,0.006082,0.004318,0.000815,0.001602,0.002226,0.009378
733,0,0,1,0.968043,0.004699,0.00405,0.005086,0.004048,0.001052,0.000895,0.002712,0.000811,0.008604
734,0,0,1,0.977566,0.002346,0.004584,0.002591,0.002153,0.002629,0.001262,0.001128,0.000765,0.004976
735,0,0,1,0.991158,0.000578,0.001683,0.00122,0.00122,0.000229,0.000729,0.000593,0.000334,0.002258
736,0,0,1,0.897828,0.022212,0.006457,0.004867,0.014835,0.009787,0.006198,0.009115,0.004846,0.023855
737,0,0,1,0.920359,0.004075,0.018435,0.010354,0.011235,0.004087,0.006175,0.004977,0.004903,0.015401
738,0,0,1,0.941247,0.00351,0.009874,0.005201,0.002455,0.002419,0.008484,0.003386,0.00304,0.020385
739,0,0,1,0.951296,0.004169,0.010822,0.007521,0.001777,0.005383,0.001572,0.003595,0.001483,0.012381
740,0,0,1,0.960703,0.002913,0.005391,0.00423,0.005654,0.002365,0.003505,0.001162,0.002578,0.0115
741,0,0,1,0.916294,0.018115,0.010005,0.008223,0.010756,0.005319,0.005088,0.003527,0.004564,0.01811
742,0,0,1,0.975475,0.003355,0.002862,0.001063,0.002041,0.00217,0.001236,0.002209,0.000777,0.008811
743,0,0,1,0.921616,0.011684,0.011733,0.008516,0.005023,0.005695,0.00827,0.003996,0.001871,0.021595
744,0,0,1,0.9999,2.2e-05,1.2e-05,7e-06,4e-06,4e-06,3e-06,3e-06,6e-06,3.9e-05
745,0,0,1,0.9999,7e-06,1.7e-05,1.2e-05,6e-06,6e-06,3e-06,7e-06,3e-06,3.8e-05
746,0,0,1,0.950045,0.004318,0.005868,0.002651,0.008364,0.003149,0.004287,0.003006,0.00337,0.014941
747,0,0,1,0.943965,0.009793,0.004764,0.010094,0.007039,0.002129,0.001933,0.004045,0.002774,0.013466
748,0,0,1,0.969843,0.004731,0.001301,0.001769,0.001886,0.002977,0.003295,0.003177,0.00268,0.008341
749,0,0,1,0.94973,0.008565,0.006145,0.006177,0.007193,0.002711,0.003599,0.002987,0.001663,0.011231
750,0,0,1,0.954962,0.002377,0.003088,0.002104,0.009146,0.006282,0.002024,0.003597,0.002955,0.013464
751,0,0,1,0.974668,0.003474,0.00383,0.00375,0.001259,0.001434,0.001653,0.001438,0.000462,0.008032
752,0,0,1,0.968679,0.005967,0.006155,0.00277,0.003646,0.002135,0.000961,0.001587,0.001755,0.006343
753,0,0,1,0.974911,0.00151,0.001216,0.003938,0.003549,0.003658,0.002465,0.001728,0.001188,0.005837
754,0,0,1,0.936565,0.009357,0.007961,0.007757,0.006609,0.005897,0.005515,0.003001,0.003343,0.013993
755,0,0,1,0.951678,0.007522,0.005484,0.003997,0.001964,0.00671,0.003022,0.002839,0.0025,0.014285
756,0,0,1,0.985674,0.002715,0.000629,0.001182,0.000867,0.001061,0.000759,0.000668,0.001494,0.004951
757,0,0,1,0.949641,0.005934,0.007571,0.008052,0.005224,0.001797,0.002367,0.003733,0.003794,0.011886
758,0,0,1,0.982369,0.003472,0.002962,0.002351,0.001936,0.001205,0.000608,0.001019,0.000748,0.003331
759,0,0,1,0.921113,0.005981,0.006554,0.011356,0.00386,0.006811,0.011026,0.003687,0.002721,0.026891
760,0,0,1,0.96549,0.007806,0.003242,0.001917,0.004645,0.003868,0.000735,0.000771,0.001569,0.009957
761,0,0,1,0.961672,0.00665,0.002349,0.002781,0.002696,0.002816,0.002546,0.001097,0.003923,0.01347
762,0,0,1,0.958116,0.007875,0.005206,0.005297,0.004496,0.004473,0.002,0.001773,0.00235,0.008414
763,0,0,1,0.977073,0.001655,0.001514,0.003401,0.003377,0.003109,0.00212,0.000453,0.000519,0.006781
764,0,0,1,0.918428,0.018941,0.005099,0.006238,0.007094,0.006682,0.007373,0.002106,0.005031,0.023009
765,0,0,1,0.915771,0.009848,0.005769,0.015075,0.007379,0.006146,0.008155,0.003156,0.00608,0.022622
766,0,0,1,0.940688,0.003977,0.006889,0.009736,0.004728,0.006219,0.00223,0.005125,0.002742,0.017668
767,0,0,1,0.989881,0.000968,0.001925,0.000959,0.000826,0.000771,0.00103,0.000761,0.000352,0.002527
768,0,0,1,0.976535,0.00122,0.004699,0.004189,0.000894,0.001408,0.002724,0.00069,0.000476,0.007165
769,0,0,1,0.963129,0.007442,0.005357,0.004292,0.004559,0.000937,0.002519,0.002267,0.001729,0.007769
770,0,0,1,0.935073,0.008467,0.010511,0.007385,0.004275,0.006808,0.006371,0.001089,0.002121,0.017899
771,0,0,1,0.956886,0.006707,0.008523,0.0053,0.003145,0.00177,0.002808,0.003087,0.002125,0.009652
772,0,0,1,0.939669,0.012447,0.006268,0.003723,0.00418,0.001935,0.003715,0.005473,0.004473,0.018117
773,0,0,1,0.900653,0.007471,0.022821,0.007374,0.004229,0.009213,0.007442,0.008217,0.002672,0.029909
774,0,0,1,0.9999,1.7e-05,8e-06,1.5e-05,1.2e-05,1.2e-05,3e-06,2e-06,4e-06,2.8e-05
775,0,0,1,0.969335,0.005379,0.003057,0.001324,0.003767,0.001285,0.001737,0.002786,0.001593,0.009737
776,0,0,1,0.9999,2.5e-05,1.2e-05,1.4e-05,9e-06,6e-06,6e-06,3e-06,3e-06,2.2e-05
777,0,0,1,0.954197,0.009479,0.007009,0.005408,0.004611,0.00297,0.001625,0.001699,0.002164,0.010837
778,0,0,1,0.972552,0.00191,0.004912,0.004449,0.001074,0.000943,0.003224,0.001588,0.001301,0.008046
779,0,0,1,0.934518,0.008111,0.008907,0.008125,0.006204,0.004402,0.003055,0.003996,0.003055,0.019628
780,0,0,1,0.89548,0.015459,0.021789,0.014447,0.004166,0.00367,0.008648,0.002757,0.006411,0.027171
781,0,0,1,0.985508,0.003227,0.000829,0.000966,0.00137,0.001614,0.001549,0.000612,0.00104,0.003286
782,0,0,1,0.935306,0.004799,0.009844,0.002906,0.003803,0.005387,0.009421,0.003157,0.003735,0.021642
783,0,0,1,0.941677,0.012145,0.003622,0.007146,0.002115,0.00762,0.005849,0.001846,0.003845,0.014136
784,0,0,1,0.944713,0.00662,0.010906,0.005042,0.005386,0.00446,0.005262,0.003633,0.002028,0.011952
785,0,0,1,0.961078,0.007551,0.005369,0.005263,0.003131,0.002504,0.002114,0.001816,0.002495,0.008679
786,0,0,1,0.935507,0.011796,0.006952,0.004417,0.005335,0.005694,0.007321,0.005239,0.003498,0.014241
787,0,0,1,0.9999,1.8e-05,1.8e-05,1.2e-05,8e-06,9e-06,7e-06,4e-06,2e-06,2.1e-05
788,0,0,1,0.941734,0.010123,0.007961,0.002434,0.006192,0.002773,0.004178,0.005643,0.001404,0.017556
789,0,0,1,0.952854,0.011185,0.003091,0.001768,0.006449,0.002442,0.004245,0.004088,0.001927,0.011951
790,0,0,1,0.97435,0.003344,0.001316,0.004668,0.000892,0.00212,0.00177,0.002561,0.001019,0.00796
791,0,0,1,0.921601,0.007952,0.005138,0.004563,0.00508,0.004387,0.005185,0.003131,0.004784,0.038179
792,0,0,1,0.944747,0.009553,0.005258,0.002242,0.002357,0.004587,0.003563,0.003671,0.002759,0.021262
793,0,0,1,0.97005,0.003747,0.005648,0.001525,0.001722,0.003469,0.002314,0.001713,0.001967,0.007845
794,0,0,1,0.948869,0.003177,0.006856,0.005401,0.005242,0.004005,0.002559,0.005429,0.001917,0.016546
795,0,0,1,0.969807,0.007328,0.004231,0.00185,0.002701,0.002916,0.001239,0.001304,0.000576,0.008049
796,0,0,1,0.946695,0.012984,0.005026,0.00872,0.005485,0.003322,0.002394,0.003571,0.001656,0.010146
797,0,0,1,0.944755,0.002773,0.0075,0.009708,0.003803,0.00769,0.001191,0.005345,0.002524,0.014711
798,0,0,1,0.913128,0.010949,0.009132,0.011785,0.009188,0.006967,0.002296,0.007232,0.004768,0.024555
799,0,0,1,0.926896,0.008051,0.008396,0.004226,0.004086,0.007798,0.004294,0.004945,0.005388,0.025921
800,0,0,1,0.985328,0.002735,0.001415,0.001076,0.001894,0.001061,0.000644,0.001442,0.000521,0.003884
801,0,0,1,0.953057,0.006664,0.006844,0.001778,0.005963,0.004607,0.001063,0.00291,0.003941,0.013174
802,0,0,1,0.945542,0.012474,0.008005,0.006881,0.004272,0.004736,0.003253,0.000972,0.000779,0.013087
803,0,0,1,0.932607,0.014585,0.009734,0.007945,0.004237,0.006566,0.005242,0.00232,0.001432,0.015331
804,0,0,1,0.965222,0.001798,0.004701,0.006709,0.002996,0.001752,0.000908,0.001691,0.003332,0.010891
805,0,0,1,0.913933,0.010463,0.005141,0.012168,0.00645,0.010035,0.004049,0.005617,0.003941,0.028203
806,0,0,1,0.947513,0.010046,0.003897,0.003439,0.00752,0.003564,0.00538,0.003054,0.002319,0.013267
807,0,0,1,0.9999,1.6e-05,1.5e-05,1.1e-05,1.1e-05,8e-06,2e-06,3e-06,2e-06,3.2e-05
808,0,0,1,0.957645,0.004049,0.005923,0.006686,0.002271,0.004348,0.004739,0.002704,0.001822,0.009814
809,0,0,1,0.9989,0.000111,0.00016,0.000117,0.000169,9.7e-05,0.000107,2.1e-05,7.6e-05,0.000243
810,0,0,1,0.870802,0.013541,0.021516,0.013492,0.009863,0.014285,0.012812,0.004146,0.004175,0.035367
811,0,0,1,0.9999,1.3e-05,1.2e-05,4e-06,6e-06,4e-06,1e-05,3e-06,9e-06,3.8e-05
812,0,0,1,0.991205,0.000571,0.000822,0.000614,0.000761,0.001056,0.000345,0.000675,0.000836,0.003115
813,0,0,1,0.955678,0.007469,0.006459,0.003552,0.002686,0.001729,0.002191,0.002391,0.001087,0.016759
814,0,0,1,0.933258,0.015932,0.010424,0.007024,0.006767,0.004656,0.003637,0.001228,0.001061,0.016013
815,0,0,1,0.9999,6e-06,1.1e-05,1.8e-05,4e-06,5e-06,1.3e-05,6e-06,4e-06,3.3e-05
816,0,0,1,0.952232,0.008862,0.006297,0.003554,0.003669,0.001756,0.004735,0.001826,0.0029,0.014169
817,0,0,1,0.952116,0.008712,0.002042,0.004708,0.006777,0.005796,0.003451,0.001934,0.003436,0.011029
818,0,0,1,0.966781,0.003841,0.0026,0.001889,0.004207,0.001313,0.004026,0.001361,0.002302,0.011679
819,0,0,1,0.927696,0.012832,0.006022,0.007173,0.00902,0.005176,0.003164,0.006055,0.00142,0.021441
820,0,0,1,0.947871,0.012612,0.007938,0.003544,0.006365,0.004444,0.001369,0.001772,0.00167,0.012414
821,0,0,1,0.98972,0.001272,0.000465,0.001429,0.001321,0.000356,0.000823,0.001001,0.000801,0.002811
822,0,0,1,0.942542,0.005175,0.012114,0.008317,0.003768,0.005155,0.004332,0.004582,0.002382,0.011632
823,0,0,1,0.969305,0.003568,0.004495,0.005491,0.002969,0.001895,0.001012,0.001587,0.002011,0.007667
824,0,0,1,0.980378,0.000996,0.001762,0.00162,0.002665,0.00123,0.002235,0.002192,0.000805,0.006117
825,0,0,1,0.965532,0.006825,0.002517,0.002182,0.005689,0.002115,0.00098,0.000793,0.000976,0.01239
826,0,0,1,0.955025,0.007517,0.007608,0.001755,0.001572,0.002376,0.002048,0.005018,0.00331,0.013772
827,0,0,1,0.979088,0.002467,0.002968,0.001327,0.000768,0.002925,0.002427,0.000435,0.001409,0.006186
828,0,0,1,0.921761,0.005648,0.01722,0.006147,0.004825,0.009408,0.006375,0.006817,0.00535,0.016449
829,0,0,1,0.996399,0.000899,0.000612,0.000472,0.000102,0.00012,0.000328,0.000223,7.5e-05,0.000771
830,0,0,1,0.939051,0.010356,0.012415,0.003776,0.002038,0.005606,0.00235,0.003834,0.004278,0.016296
831,0,0,1,0.980124,0.002296,0.001066,0.003453,0.002933,0.002231,0.001924,0.001357,0.000424,0.004191
832,0,0,1,0.989508,0.001917,0.00054,0.001219,0.001365,0.000976,0.00068,0.000568,0.000461,0.002766
833,0,0,1,0.976563,0.00268,0.00259,0.003432,0.002846,0.001771,0.001049,0.001181,0.001848,0.006041
834,0,0,1,0.952921,0.004421,0.003865,0.008637,0.003896,0.00292,0.005316,0.002961,0.003572,0.011492
835,0,0,1,0.955875,0.005508,0.006183,0.002493,0.002,0.003881,0.002895,0.00353,0.002523,0.015112
836,0,0,1,0.937107,0.009026,0.007099,0.009863,0.004185,0.004138,0.002456,0.002528,0.004226,0.019372
837,0,0,1,0.938195,0.007529,0.003608,0.011072,0.006041,0.005997,0.005709,0.005141,0.001164,0.015543
838,0,0,1,0.967554,0.002922,0.002637,0.003115,0.002628,0.004506,0.003106,0.001419,0.002315,0.009797
839,0,0,1,0.963633,0.009077,0.006814,0.004105,0.003241,0.003052,0.000521,0.00105,0.001824,0.006682
840,0,0,1,0.966305,0.004419,0.004859,0.004421,0.002887,0.002609,0.002932,0.000924,0.001378,0.009265
841,0,0,1,0.930147,0.006663,0.012627,0.007326,0.006622,0.007586,0.00585,0.004508,0.002656,0.016014
842,0,0,1,0.966768,0.00291,0.006186,0.004576,0.001798,0.002487,0.00247,0.0016,0.001855,0.009351
843,0,0,1,0.934897,0.004926,0.014362,0.002379,0.009212,0.007422,0.003162,0.003164,0.003832,0.016644
844,0,0,1,0.917212,0.013041,0.008036,0.003372,0.01208,0.010844,0.002859,0.00783,0.002869,0.021855
845,0,0,1,0.989724,0.001808,0.001445,0.001205,0.0013,0.001112,0.000309,0.000397,0.000424,0.002277
846,0,0,1,0.965436,0.005665,0.004055,0.005688,0.001315,0.001264,0.002662,0.000785,0.002466,0.010664
847,0,0,1,0.973321,0.003941,0.001986,0.001326,0.004713,0.001571,0.00127,0.00216,0.000622,0.009091
848,0,0,1,0.993934,0.000512,0.001233,0.000571,0.000305,0.000249,0.000503,0.000392,0.000147,0.002155
849,0,0,1,0.972811,0.006553,0.004605,0.001218,0.00135,0.001837,0.002231,0.001362,0.001372,0.006661
850,0,0,1,0.997041,0.000445,0.00047,0.000215,9.4e-05,0.000136,0.0001,0.000194,0.000276,0.001028
851,0,0,1,0.945106,0.008518,0.010762,0.008043,0.003916,0.003908,0.003899,0.001705,0.003199,0.010943
852,0,0,1,0.915171,0.016315,0.007502,0.010531,0.010702,0.003382,0.003633,0.007535,0.004961,0.020267
853,0,0,1,0.972626,0.003875,0.005456,0.001564,0.002698,0.001774,0.002871,0.000895,0.001847,0.006394
854,0,0,1,0.95372,0.005016,0.009625,0.005999,0.004987,0.00193,0.002784,0.003961,0.001923,0.010055
855,0,0,1,0.9999,2.5e-05,5e-06,5e-06,1.3e-05,6e-06,6e-06,4e-06,5e-06,3e-05
856,0,0,1,0.948632,0.009703,0.008331,0.004208,0.005802,0.005158,0.00235,0.000825,0.001093,0.013898
857,0,0,1,0.962754,0.008694,0.003295,0.005045,0.00297,0.001097,0.002578,0.001336,0.002935,0.009295
858,0,0,1,0.995369,0.001011,0.000304,0.000178,0.00022,0.000318,0.000408,0.000281,0.000125,0.001786
859,0,0,1,0.9999,2e-05,1.5e-05,5e-06,7e-06,5e-06,3e-06,8e-06,3e-06,3.3e-05
860,0,0,1,0.941249,0.012473,0.008247,0.007351,0.007038,0.003029,0.002302,0.001108,0.000876,0.016327
861,0,0,1,0.906073,0.019206,0.0152,0.014033,0.005683,0.003889,0.002452,0.004495,0.00718,0.021788
862,0,0,1,0.9498,0.009226,0.003856,0.008405,0.006012,0.004905,0.001487,0.00136,0.00199,0.012957
863,0,0,1,0.976735,0.001664,0.002493,0.003103,0.001407,0.001335,0.0021,0.002654,0.000631,0.007877
864,0,0,1,0.966356,0.00285,0.004016,0.003032,0.003035,0.002936,0.001123,0.003547,0.002358,0.010745
865,0,0,1,0.987447,0.001554,0.000698,0.000965,0.00103,0.00141,0.001701,0.000366,0.000759,0.00407
866,0,0,1,0.9999,8e-06,2.2e-05,1.2e-05,1.4e-05,8e-06,7e-06,7e-06,4e-06,1.8e-05
867,0,0,1,0.956523,0.005061,0.006802,0.00717,0.002777,0.004774,0.002474,0.001687,0.002186,0.010546
868,0,0,1,0.934654,0.011639,0.005182,0.008128,0.010005,0.002933,0.004758,0.005207,0.001955,0.015539
869,0,0,1,0.945002,0.010867,0.00889,0.00613,0.001804,0.003411,0.002612,0.00171,0.001779,0.017795
870,0,0,1,0.9999,1.7e-05,2e-05,1.2e-05,6e-06,5e-06,7e-06,7e-06,4e-06,2.2e-05
871,0,0,1,0.976044,0.005881,0.003246,0.001597,0.000724,0.002744,0.001135,0.000849,0.001228,0.006551
872,0,0,1,0.99695,0.000304,0.000515,0.000433,0.000309,0.000188,0.000149,0.00016,5.1e-05,0.000942
873,0,0,1,0.935439,0.01446,0.003206,0.00415,0.00756,0.002755,0.002946,0.002015,0.004629,0.022839
874,0,0,1,0.993961,0.000587,0.000358,0.000993,0.00046,0.000707,0.00029,0.000225,0.000241,0.002176
875,0,0,1,0.899332,0.010779,0.012553,0.013698,0.006642,0.011756,0.002986,0.010332,0.004139,0.027784
876,0,0,1,0.975993,0.003626,0.004015,0.003307,0.002794,0.002142,0.000438,0.00097,0.001483,0.005232
877,0,0,1,0.988148,0.002391,0.002217,0.001224,0.000485,0.001081,0.000452,0.000571,0.000483,0.002948
878,0,0,1,0.93102,0.004442,0.004991,0.008566,0.004127,0.00412,0.002246,0.006079,0.006712,0.027698
879,0,0,1,0.988927,0.001642,0.002218,0.001717,0.001342,0.000518,0.000538,0.000552,0.000427,0.00212
880,0,0,1,0.952906,0.011035,0.004578,0.005135,0.002341,0.003295,0.002093,0.004331,0.002778,0.011508
881,0,0,1,0.964578,0.005381,0.004438,0.004806,0.003937,0.003038,0.003253,0.002084,0.000836,0.007651
882,0,0,1,0.9999,1.8e-05,1.5e-05,1.3e-05,1e-05,5e-06,6e-06,6e-06,3e-06,2.5e-05
883,0,0,1,0.97182,0.004803,0.005619,0.003877,0.000728,0.002686,0.001872,0.002006,0.000854,0.005736
884,0,0,1,0.904707,0.014647,0.007078,0.009901,0.013749,0.00502,0.004959,0.009727,0.005489,0.024723
885,0,0,1,0.926753,0.00927,0.00714,0.007521,0.01111,0.007471,0.002083,0.005078,0.004841,0.018734
886,0,0,1,0.950695,0.009849,0.009312,0.003907,0.002929,0.005767,0.003741,0.000694,0.000838,0.012268
887,0,0,1,0.973805,0.004958,0.003292,0.003246,0.00289,0.000993,0.001351,0.001806,0.000686,0.006972
888,0,0,1,0.990283,0.001362,0.001779,0.000573,0.000371,0.000487,0.001038,0.000418,0.00085,0.002838
889,0,0,1,0.9999,1.3e-05,1.5e-05,1.3e-05,1.3e-05,4e-06,5e-06,5e-06,3e-06,2.9e-05
890,0,0,1,0.938209,0.008995,0.009744,0.003021,0.00249,0.007522,0.001544,0.004741,0.005875,0.017859
891,0,0,1,0.993332,0.000463,0.000959,0.00027,0.000849,0.001021,0.000628,0.000586,0.000274,0.001619
892,0,0,1,0.943474,0.007018,0.011289,0.00955,0.006117,0.005372,0.003144,0.001764,0.000754,0.011517
893,0,0,1,0.987147,0.001558,0.001311,0.000699,0.001313,0.001512,0.00126,0.001184,0.000312,0.003704
894,0,0,1,0.911495,0.009372,0.015024,0.013656,0.00624,0.007678,0.006641,0.004336,0.00339,0.022168
895,0,0,1,0.923862,0.006669,0.017175,0.012629,0.00843,0.001666,0.003609,0.001536,0.005166,0.019259
896,0,0,1,0.945141,0.0094,0.005911,0.006823,0.002169,0.004143,0.006241,0.004764,0.003812,0.011596
897,0,0,1,0.988927,0.002452,0.001992,0.001305,0.000579,0.000422,0.00034,0.000613,0.000554,0.002816
898,0,0,1,0.982111,0.001352,0.003462,0.001442,0.002148,0.001515,0.001793,0.000516,0.000788,0.004872
899,0,0,1,0.932152,0.004962,0.011479,0.005047,0.00428,0.008443,0.00612,0.001868,0.003513,0.022135
900,0,0,1,0.956216,0.010324,0.007714,0.005233,0.00193,0.001887,0.002425,0.003275,0.000821,0.010176
901,0,0,1,0.942679,0.004422,0.0083,0.0087,0.002444,0.006301,0.006093,0.004978,0.003269,0.012813
902,0,0,1,0.925227,0.009377,0.012653,0.010401,0.005349,0.0066,0.004935,0.005632,0.004197,0.015629
903,0,0,1,0.934508,0.006203,0.004336,0.003711,0.003476,0.009463,0.009095,0.00581,0.001713,0.021685
904,0,0,1,0.920375,0.019175,0.009997,0.00254,0.002989,0.007059,0.008309,0.00727,0.002539,0.019748
905,0,0,1,0.9999,1.2e-05,1.6e-05,1.5e-05,9e-06,8e-06,4e-06,5e-06,5e-06,2.6e-05
906,0,0,1,0.943738,0.013423,0.009315,0.005027,0.004022,0.004168,0.001608,0.003423,0.003212,0.012064
907,0,0,1,0.96411,0.00684,0.004932,0.002696,0.005314,0.001203,0.003717,0.00214,0.001318,0.00773
908,0,0,1,0.976641,0.004458,0.002369,0.004071,0.001453,0.002373,0.000795,0.001541,0.001336,0.004963
909,0,0,1,0.92913,0.013471,0.003473,0.01203,0.003595,0.005649,0.004191,0.007026,0.003898,0.017536
910,0,0,1,0.9999,1.6e-05,1e-05,1.4e-05,1.5e-05,9e-06,5e-06,5e-06,3e-06,2.4e-05
911,0,0,1,0.884948,0.021777,0.008303,0.0188,0.00852,0.004392,0.010676,0.007072,0.007494,0.028018
912,0,0,1,0.987684,0.001743,0.000875,0.000752,0.001693,0.000785,0.000511,0.000558,0.001078,0.004322
913,0,0,1,0.9218,0.01541,0.003254,0.011621,0.007912,0.007427,0.008069,0.001949,0.005416,0.017142
914,0,0,1,0.908338,0.021559,0.004852,0.015976,0.004234,0.002725,0.010412,0.005743,0.004413,0.021748
915,0,0,1,0.985466,0.003546,0.001927,0.001185,0.000447,0.000729,0.00099,0.001071,0.001118,0.003521
916,0,0,1,0.943309,0.010678,0.00962,0.006613,0.006121,0.005275,0.00331,0.001583,0.002437,0.011053
917,0,0,1,0.936157,0.007882,0.004141,0.003447,0.007152,0.007575,0.005113,0.001558,0.00444,0.022535
918,0,0,1,0.938462,0.012251,0.010295,0.003362,0.005232,0.005439,0.003413,0.00354,0.001259,0.016749
919,0,0,1,0.949427,0.003171,0.010987,0.007613,0.002505,0.00559,0.001117,0.003158,0.002585,0.013848
920,0,0,1,0.973234,0.004116,0.003781,0.003637,0.003168,0.000903,0.002239,0.002169,0.00155,0.005203
921,0,0,1,0.927878,0.006212,0.011193,0.004705,0.008049,0.008817,0.002473,0.002324,0.002587,0.025763
922,0,0,1,0.980421,0.004313,0.00087,0.003541,0.001642,0.001131,0.001284,0.000915,0.001406,0.004477
923,0,0,1,0.992726,0.000364,0.000761,0.001471,0.00072,0.000818,0.000571,0.000357,0.000366,0.001846
924,0,0,1,0.947663,0.012938,0.004745,0.005463,0.002685,0.00185,0.005275,0.001888,0.001533,0.01596
925,0,0,1,0.925664,0.008173,0.014326,0.012518,0.006701,0.00304,0.003603,0.001966,0.004189,0.01982
926,0,0,1,0.98055,0.002458,0.003921,0.001699,0.000758,0.00107,0.001289,0.001559,0.001052,0.005643
927,0,0,1,0.970367,0.0019,0.005451,0.00555,0.003169,0.001201,0.001538,0.001964,0.001897,0.006964
928,0,0,1,0.935263,0.005224,0.014788,0.006115,0.002131,0.006228,0.001982,0.002118,0.001883,0.024269
929,0,0,1,0.940826,0.009449,0.003142,0.008293,0.004693,0.003921,0.003106,0.005946,0.001962,0.018662
930,0,0,1,0.989137,0.002648,0.001033,0.00051,0.001569,0.000435,0.000914,0.000418,0.000715,0.002622
931,0,0,1,0.961808,0.005649,0.00507,0.005222,0.004964,0.002771,0.002489,0.002758,0.00078,0.008488
932,0,0,1,0.988139,0.001412,0.002072,0.002041,0.000991,0.000903,0.000977,0.000504,0.000224,0.002738
933,0,0,1,0.95017,0.002586,0.007215,0.003246,0.002769,0.004278,0.005861,0.001446,0.004376,0.018054
934,0,0,1,0.9999,1e-05,1.5e-05,1.4e-05,5e-06,1.4e-05,9e-06,5e-06,3e-06,2.5e-05
935,0,0,1,0.952495,0.006439,0.009787,0.007077,0.00515,0.002115,0.003753,0.003157,0.001316,0.008709
936,0,0,1,0.954992,0.002966,0.00824,0.008078,0.002136,0.00145,0.004399,0.002853,0.002212,0.012675
937,0,0,1,0.97204,0.006287,0.005254,0.002213,0.002155,0.002364,0.001414,0.001266,0.001749,0.005258
938,0,0,1,0.995405,0.000602,0.000692,0.000766,0.000505,0.000391,0.000312,0.000265,0.000105,0.000956
939,0,0,1,0.929984,0.013849,0.01349,0.009162,0.007577,0.004037,0.003764,0.00311,0.003651,0.011377
940,0,0,1,0.931681,0.010569,0.005487,0.003398,0.010647,0.005837,0.007787,0.003309,0.002678,0.018606
941,0,0,1,0.90483,0.011864,0.006052,0.017985,0.005924,0.008419,0.009133,0.002633,0.003642,0.029517
942,0,0,1,0.954389,0.009013,0.005994,0.002861,0.003079,0.005836,0.003363,0.003327,0.000693,0.011446
943,0,0,1,0.979995,0.002853,0.002977,0.002093,0.001464,0.001838,0.001016,0.000938,0.000348,0.006478
944,0,0,1,0.974852,0.003041,0.001553,0.00305,0.001172,0.002497,0.001117,0.000951,0.001735,0.010032
945,0,0,1,0.947744,0.004239,0.008707,0.003743,0.004591,0.003403,0.003741,0.00206,0.004622,0.01715
946,0,0,1,0.985005,0.003267,0.000966,0.001299,0.001294,0.000995,0.001607,0.000499,0.000445,0.004621
947,0,0,1,0.980343,0.001141,0.002387,0.003206,0.002975,0.000816,0.00082,0.001212,0.0013,0.0058
948,0,0,1,0.956891,0.006898,0.007603,0.005517,0.002655,0.004146,0.003687,0.001895,0.002513,0.008194
949,0,0,1,0.991213,0.001921,0.000877,0.000431,0.000398,0.00028,0.000396,0.000673,0.000776,0.003036
950,0,0,1,0.963827,0.004284,0.007822,0.004753,0.002643,0.001799,0.002189,0.002564,0.001007,0.009112
951,0,0,1,0.9999,8e-06,1.4e-05,8e-06,1.4e-05,1.2e-05,1.1e-05,3e-06,6e-06,2.3e-05
952,0,0,1,0.97496,0.005308,0.003754,0.002404,0.001171,0.003082,0.001568,0.001371,0.000612,0.00577
953,0,0,1,0.9999,8e-06,5e-06,2.2e-05,1.5e-05,7e-06,7e-06,2e-06,2e-06,3.1e-05
954,0,0,1,0.938567,0.010853,0.00487,0.005359,0.005885,0.005238,0.005225,0.002661,0.002216,0.019126
955,0,0,1,0.974118,0.002746,0.002781,0.00272,0.00201,0.00093,0.000855,0.000836,0.002587,0.010417
956,0,0,1,0.968024,0.007409,0.001723,0.001987,0.004999,0.001946,0.001542,0.000858,0.000607,0.010905
957,0,0,1,0.992945,0.001131,0.001317,0.000535,0.000807,0.000399,0.000589,0.000354,0.000239,0.001682
958,0,0,1,0.947917,0.006605,0.010343,0.002674,0.006444,0.001927,0.004031,0.004662,0.002785,0.012612
959,0,0,1,0.943315,0.004993,0.00987,0.009832,0.002079,0.004765,0.002982,0.004324,0.004423,0.013417
960,0,0,1,0.974234,0.001514,0.002142,0.00354,0.001866,0.003765,0.002855,0.002333,0.001899,0.005851
961,0,0,1,0.9999,2.3e-05,1.1e-05,1.3e-05,1.2e-05,3e-06,5e-06,8e-06,4e-06,2.2e-05
962,0,0,1,0.9999,1.9e-05,6e-06,4e-06,1.2e-05,1.2e-05,9e-06,8e-06,4e-06,2.6e-05
963,0,0,1,0.965558,0.006439,0.006274,0.005309,0.001365,0.003013,0.001527,0.002165,0.001087,0.007263
964,0,0,1,0.957424,0.003491,0.003657,0.006708,0.006486,0.004628,0.002484,0.002897,0.001895,0.010331
965,0,0,1,0.978961,0.002329,0.00176,0.003249,0.002198,0.000969,0.000623,0.000968,0.000517,0.008427
966,0,0,1,0.997158,0.000669,0.000226,0.000405,0.000275,0.000126,0.000245,0.00014,3.8e-05,0.000717
967,0,0,1,0.9999,1.2e-05,1.5e-05,9e-06,4e-06,1.1e-05,8e-06,8e-06,4e-06,2.8e-05
968,0,0,1,0.939678,0.003707,0.012069,0.009568,0.003283,0.007703,0.002048,0.005361,0.002611,0.013971
969,0,0,1,0.942867,0.014041,0.008861,0.007055,0.001937,0.005026,0.002555,0.003192,0.00324,0.011225
970,0,0,1,0.934774,0.013917,0.00483,0.004823,0.006929,0.007347,0.005492,0.001776,0.001938,0.018176
971,0,0,1,0.931637,0.013348,0.006807,0.011109,0.00255,0.002982,0.002747,0.006412,0.001967,0.020442
972,0,0,1,0.911575,0.015873,0.003933,0.005667,0.005385,0.007417,0.008604,0.002654,0.002505,0.036386
973,0,4,0,0.448068,-0.008016,-0.01025,-0.003837,0.591081,-0.008213,-0.00219,-0.002606,-0.004036,0.0
974,0,4,0,0.593224,-0.031018,-0.06839,-0.031083,0.678846,-0.059854,-0.035527,-0.036868,-0.009329,0.0
975,0,4,0,0.434767,-0.010688,-0.009107,-0.00264,0.606414,-0.002796,-0.006008,-0.005633,-0.004309,0.0
976,0,4,0,0.366649,0.011019,0.014635,0.005139,0.511073,0.005185,0.011365,0.0049,0.012814,0.05722
977,0,4,0,0.306223,0.006853,0.006306,0.007413,0.611854,0.006319,0.005119,0.009396,0.006185,0.034331
978,0,4,0,0.378596,0.015495,0.005231,0.011083,0.543391,0.004263,0.002577,0.003939,0.003687,0.031738
979,0,4,0,0.186873,0.026168,0.031752,0.046313,0.35,0.035971,0.024931,0.033908,0.048583,0.215502
980,1,1,1,0.006031,0.943843,0.011282,0.004048,0.005214,0.003663,0.002672,0.005379,0.003747,0.01412
981,1,1,1,0.016367,0.921228,0.013875,0.011919,0.007526,0.002307,0.00213,0.003434,0.004441,0.016772
982,1,1,1,7e-06,0.9999,1.3e-05,1.6e-05,5e-06,7e-06,4e-06,1e-05,5e-06,3.4e-05
983,1,1,1,0.007168,0.951842,0.005995,0.008559,0.004503,0.003889,0.001401,0.003974,0.002968,0.0097
984,1,1,1,0.010747,0.931875,0.008522,0.007682,0.003954,0.002483,0.006704,0.004356,0.004861,0.018816
985,1,1,1,0.003105,0.985371,0.001082,0.000704,0.001191,0.000775,0.001711,0.000742,0.00077,0.004549
986,1,1,1,0.007042,0.969681,0.002844,0.004493,0.003279,0.000986,0.001659,0.002174,0.001257,0.006585
987,1,1,1,0.006902,0.970787,0.002994,0.00178,0.001665,0.003165,0.000933,0.002227,0.000751,0.008796
988,1,1,1,0.006061,0.955087,0.002363,0.002598,0.005637,0.004107,0.004076,0.001639,0.001463,0.01697
989,1,1,1,0.006733,0.913958,0.007852,0.003751,0.014639,0.007074,0.00934,0.005276,0.002448,0.028928
990,1,1,1,0.016139,0.887952,0.018655,0.010722,0.011907,0.002876,0.003739,0.002977,0.008038,0.036995
991,1,1,1,0.008978,0.947449,0.003691,0.003273,0.004733,0.004295,0.00661,0.002954,0.003464,0.014553
992,1,1,1,0.004668,0.958023,0.003562,0.007974,0.00269,0.001579,0.002699,0.004517,0.002838,0.01145
993,1,1,1,0.000125,0.999037,5.1e-05,0.000101,0.000147,0.000132,6.9e-05,2.2e-05,5.9e-05,0.000255
994,1,1,1,0.0109,0.916808,0.009116,0.00385,0.007374,0.007006,0.004674,0.002855,0.004585,0.032834
995,1,1,1,0.006961,0.96617,0.003146,0.002323,0.001767,0.0014,0.001684,0.000864,0.003638,0.012047
996,1,1,1,0.007623,0.967678,0.002422,0.001493,0.003409,0.001025,0.004043,0.001806,0.000626,0.009875
997,1,1,1,0.001468,0.978617,0.002225,0.004354,0.002672,0.002578,0.001213,0.000776,0.000781,0.005316
998,1,1,1,0.009201,0.95025,0.004714,0.008217,0.004162,0.003529,0.004085,0.000867,0.003133,0.011842
999,1,1,1,0.004008,0.972434,0.005271,0.001051,0.001418,0.00295,0.000846,0.002106,0.002385,0.007531
1000,1,1,1,0.007002,0.962416,0.002391,0.005461,0.005653,0.002567,0.003605,0.001873,0.001397,0.007636
1001,1,1,1,0.003918,0.98077,0.002136,0.001005,0.001317,0.001896,0.002132,0.000396,0.001238,0.005192
1002,1,1,1,0.01224,0.950921,0.006313,0.007375,0.003782,0.00482,0.001011,0.000717,0.002606,0.010214
1003,1,1,1,0.006741,0.939765,0.011956,0.008701,0.00752,0.003792,0.003034,0.001552,0.001848,0.01509
1004,1,1,1,0.00051,0.995775,0.000239,0.000668,0.000399,0.000596,0.000446,0.000277,0.000151,0.00094
1005,1,1,1,0.005558,0.976333,0.004309,0.003372,0.00154,0.001091,0.000837,0.000918,0.001051,0.004992
1006,1,1,1,0.008184,0.946335,0.007956,0.00423,0.002221,0.004122,0.003774,0.005226,0.004457,0.013496
1007,1,1,1,0.004058,0.930681,0.016021,0.003024,0.009619,0.006952,0.004807,0.00201,0.001622,0.021207
1008,1,1,1,0.014947,0.932293,0.004992,0.01074,0.006807,0.00362,0.003823,0.003577,0.004103,0.015099
1009,1,1,1,0.000903,0.987423,0.001005,0.000765,0.002396,0.000972,0.000893,0.000735,0.000309,0.0046
1010,1,1,1,0.005775,0.937586,0.011229,0.003309,0.005933,0.005751,0.007291,0.001829,0.001974,0.019322
1011,1,1,1,0.000956,0.994157,0.00121,0.000753,0.000183,0.00058,0.000449,0.000421,0.00012,0.001171
1012,1,1,1,0.007757,0.961549,0.004131,0.002667,0.002036,0.001713,0.002111,0.001197,0.003785,0.013055
1013,1,1,1,0.004731,0.966275,0.003884,0.002331,0.005208,0.001525,0.000975,0.003451,0.001577,0.010043
1014,1,1,1,0.001389,0.984517,0.00336,0.001571,0.00144,0.001597,0.00149,0.000637,0.00093,0.00307
1015,1,1,1,0.007505,0.954255,0.008206,0.004871,0.005756,0.001741,0.003437,0.002358,0.000937,0.010934
1016,1,1,1,0.01353,0.931275,0.01187,0.008519,0.001839,0.00756,0.006016,0.002907,0.001868,0.014618
1017,1,1,1,0.018324,0.912074,0.012862,0.005819,0.009902,0.010158,0.007365,0.005203,0.003235,0.015057
1018,1,1,1,0.003744,0.934661,0.012266,0.004318,0.00852,0.007476,0.004938,0.002245,0.002008,0.019825
1019,1,1,1,0.006195,0.929792,0.011902,0.01256,0.004906,0.004253,0.003355,0.003012,0.005137,0.018889
1020,1,1,1,0.003751,0.984985,0.001496,0.001176,0.001853,0.000911,0.001427,0.000516,0.000914,0.002972
1021,1,1,1,0.00214,0.984905,0.001614,0.001821,0.000786,0.001198,0.000806,0.001224,0.001024,0.004481
1022,1,1,1,0.016885,0.928929,0.012527,0.00291,0.002617,0.007857,0.001921,0.001404,0.005901,0.01905
1023,1,1,1,0.005294,0.925153,0.01391,0.009724,0.007299,0.006824,0.004791,0.005703,0.00391,0.017392
1024,1,1,1,0.005679,0.972347,0.003523,0.001345,0.003785,0.003198,0.001216,0.001859,0.001006,0.006041
1025,1,1,1,0.013112,0.943383,0.007786,0.007391,0.003659,0.005869,0.003881,0.00226,0.00131,0.011348
1026,1,1,1,0.012439,0.946043,0.009627,0.005889,0.001322,0.005721,0.001072,0.000988,0.003517,0.013382
1027,1,1,1,0.013437,0.938405,0.007406,0.008079,0.003708,0.002435,0.004362,0.003015,0.003086,0.016066
1028,1,1,1,0.009292,0.927782,0.003795,0.013978,0.006133,0.009282,0.003809,0.005072,0.002724,0.018133
1029,1,1,1,0.001569,0.986192,0.001,0.001081,0.00195,0.000618,0.000559,0.001163,0.000753,0.005114
1030,1,1,1,0.007587,0.96511,0.002234,0.00287,0.001524,0.00114,0.001022,0.003777,0.001188,0.013549
1031,1,1,1,0.018522,0.893316,0.013994,0.018132,0.00921,0.002578,0.008709,0.008766,0.004736,0.022035
1032,1,1,1,0.00662,0.963325,0.002836,0.002416,0.005409,0.003787,0.0033,0.001546,0.001099,0.009663
1033,1,1,1,0.00356,0.94101,0.003691,0.004075,0.002604,0.011128,0.00758,0.001902,0.005756,0.018693
1034,1,1,1,0.002877,0.971902,0.002172,0.001509,0.004715,0.003912,0.001183,0.000823,0.00228,0.008626
1035,1,1,1,0.003775,0.971561,0.003633,0.003683,0.001597,0.00211,0.003109,0.001861,0.001215,0.007455
1036,1,1,1,0.006139,0.973395,0.003724,0.002951,0.003048,0.000789,0.00118,0.001047,0.001924,0.005804
1037,1,1,1,0.003156,0.981434,0.000786,0.002257,0.001248,0.000826,0.001762,0.001341,0.001104,0.006085
1038,1,1,1,0.004742,0.961441,0.007768,0.001456,0.001911,0.001513,0.003986,0.001294,0.001664,0.014224
1039,1,1,1,0.005471,0.939104,0.003791,0.009894,0.007529,0.004906,0.006207,0.003169,0.004768,0.01516
1040,1,1,1,0.001782,0.980105,0.00397,0.002736,0.002765,0.00061,0.001676,0.001065,0.00044,0.004851
1041,1,1,1,0.004619,0.94933,0.008953,0.005071,0.004459,0.004666,0.002389,0.002333,0.0013,0.016879
1042,1,1,1,0.006615,0.945142,0.011076,0.007949,0.004087,0.005727,0.004688,0.001481,0.001747,0.011489
1043,1,1,1,0.004538,0.973427,0.004968,0.004097,0.002025,0.001419,0.000695,0.001871,0.000946,0.006015
1044,1,1,1,0.002901,0.96882,0.003516,0.001956,0.002575,0.001051,0.0036,0.003013,0.001166,0.011403
1045,1,1,1,0.003154,0.980708,0.001845,0.00138,0.000817,0.001291,0.000999,0.000917,0.001442,0.007448
1046,1,1,1,0.011687,0.944738,0.008029,0.005857,0.005322,0.004542,0.002717,0.003638,0.001207,0.012261
1047,1,1,1,0.006648,0.889078,0.015515,0.005269,0.008757,0.005519,0.009729,0.01013,0.008303,0.041053
1048,1,1,1,0.002114,0.96053,0.00772,0.004894,0.00126,0.003343,0.001535,0.004528,0.000808,0.013268
1049,1,1,1,0.005297,0.966198,0.004433,0.002828,0.001131,0.002896,0.003718,0.001796,0.00129,0.010414
1050,1,1,1,0.003385,0.948676,0.009824,0.00567,0.001928,0.003347,0.006705,0.003042,0.003105,0.014317
1051,1,1,1,0.003432,0.985212,0.002483,0.002108,0.000477,0.000596,0.001224,0.000347,0.001025,0.003096
1052,1,1,1,0.000856,0.991018,0.000549,0.001476,0.001296,0.001025,0.000595,0.000162,0.000567,0.002455
1053,1,1,1,0.004648,0.923165,0.016362,0.003272,0.003132,0.005479,0.004515,0.007396,0.006673,0.025358
1054,1,1,1,0.017337,0.926216,0.009409,0.00348,0.00496,0.003072,0.005927,0.006513,0.005289,0.017797
1055,1,1,1,0.001436,0.991903,0.001223,0.000839,0.000451,0.000604,0.000524,0.00032,0.000552,0.002147
1056,1,1,1,0.01079,0.946912,0.008133,0.00412,0.006523,0.002316,0.003805,0.003849,0.002561,0.010991
1057,1,1,1,0.002508,0.961428,0.005371,0.002839,0.005128,0.003264,0.002472,0.002507,0.00171,0.012773
1058,1,1,1,0.003074,0.979881,0.00192,0.003613,0.002207,0.001685,0.001673,0.000423,0.00042,0.005104
1059,1,1,1,0.020242,0.91325,0.008454,0.008156,0.008687,0.003734,0.004874,0.002078,0.004109,0.026417
1060,1,1,1,0.011378,0.931229,0.004041,0.007586,0.003269,0.003061,0.002103,0.005308,0.00331,0.028715
1061,1,1,1,0.015682,0.892036,0.014412,0.009375,0.005046,0.010156,0.006442,0.00433,0.005502,0.03702
1062,1,1,1,0.008922,0.935476,0.006892,0.002914,0.005793,0.009425,0.002715,0.002449,0.002169,0.023245
1063,1,1,1,0.00301,0.971381,0.004392,0.003262,0.00129,0.001,0.001563,0.001018,0.000956,0.012129
1064,1,1,1,0.000877,0.991029,0.001266,0.000718,0.001384,0.000898,0.000501,0.000428,0.000273,0.002627
1065,1,1,1,0.013759,0.93595,0.009472,0.006084,0.002925,0.002886,0.005131,0.004549,0.002071,0.017175
1066,1,1,1,0.004819,0.97919,0.002789,0.002612,0.002335,0.001549,0.000564,0.001144,0.000417,0.004582
1067,1,1,1,0.004614,0.960375,0.004938,0.007291,0.004174,0.002523,0.000871,0.003726,0.002599,0.008889
1068,1,1,1,0.00082,0.984224,0.001801,0.001904,0.000565,0.002401,0.001197,0.000418,0.000357,0.006313
1069,1,1,1,1.9e-05,0.9999,9e-06,7e-06,1e-05,1.1e-05,9e-06,2e-06,7e-06,2.6e-05
1070,1,1,1,0.006953,0.942134,0.008103,0.007821,0.003524,0.00446,0.005821,0.002335,0.002201,0.016649
1071,1,1,1,0.001548,0.989919,0.00156,0.001555,0.001185,0.000622,0.000376,0.000498,0.000487,0.002251
1072,1,1,1,0.002027,0.978451,0.004857,0.001781,0.000724,0.002013,0.001919,0.00112,0.000649,0.006459
1073,1,1,1,0.001038,0.984704,0.003338,0.001371,0.000684,0.000929,0.001392,0.00104,0.00128,0.004225
1074,1,1,1,8e-06,0.9999,2.1e-05,8e-06,7e-06,9e-06,1.1e-05,4e-06,3e-06,2.8e-05
1075,1,1,1,0.007445,0.955125,0.007125,0.006571,0.00177,0.004592,0.002837,0.00303,0.001374,0.01013
1076,1,1,1,0.008714,0.962988,0.002248,0.00485,0.003278,0.001935,0.002584,0.001106,0.001812,0.010485
1077,1,1,1,0.002361,0.962478,0.003831,0.00441,0.002516,0.005249,0.001431,0.002617,0.000771,0.014336
1078,1,1,1,0.004443,0.925927,0.005399,0.0145,0.010297,0.005931,0.008098,0.004119,0.005124,0.016162
1079,1,1,1,1.9e-05,0.9999,6e-06,1.5e-05,8e-06,1.2e-05,4e-06,2e-06,8e-06,2.5e-05
1080,1,1,1,0.005044,0.960361,0.004491,0.006949,0.005293,0.00418,0.002318,0.000962,0.001427,0.008975
1081,1,1,1,2.3e-05,0.9999,1.6e-05,5e-06,1.1e-05,4e-06,5e-06,3e-06,4e-06,2.8e-05
1082,1,1,1,0.008551,0.93988,0.00447,0.009725,0.008102,0.002026,0.004232,0.004346,0.002815,0.015854
1083,1,1,1,1.9e-05,0.9999,1e-05,9e-06,9e-06,1.3e-05,6e-06,8e-06,1e-06,2.5e-05
1084,1,1,1,0.003019,0.961358,0.008242,0.005677,0.003604,0.002256,0.00276,0.003009,0.002273,0.007803
1085,1,1,1,0.003208,0.947162,0.01087,0.002914,0.006596,0.00417,0.005081,0.003072,0.003687,0.013239
1086,1,1,1,0.004816,0.98052,0.001047,0.002299,0.002426,0.00145,0.0014,0.001346,0.000349,0.004346
1087,1,1,1,0.004661,0.972076,0.00354,0.003814,0.003028,0.001974,0.001771,0.002224,0.000534,0.006377
1088,1,1,1,0.000496,0.993878,0.000988,0.000899,0.000887,0.000602,0.000393,0.000167,0.000107,0.001582
1089,1,1,1,0.005341,0.93374,0.013767,0.00726,0.003967,0.002541,0.001834,0.004769,0.003432,0.02335
1090,1,1,1,0.002546,0.982648,0.001285,0.001311,0.00268,0.000972,0.001476,0.000976,0.001109,0.004995
1091,1,1,1,0.003833,0.948647,0.003766,0.002377,0.003241,0.007586,0.002998,0.004196,0.004436,0.01892
1092,1,1,1,0.003179,0.970537,0.00184,0.004101,0.002512,0.001873,0.002029,0.002925,0.001571,0.009433
1093,1,1,1,0.001558,0.992675,0.000459,0.000566,0.000351,0.000561,0.000636,0.000181,0.000542,0.002469
1094,1,1,1,0.013414,0.942088,0.005382,0.003046,0.008169,0.003953,0.001241,0.001854,0.003131,0.017722
1095,1,1,1,0.014922,0.932847,0.004813,0.01093,0.005656,0.004705,0.002218,0.001919,0.003984,0.018005
1096,1,1,1,0.015675,0.929307,0.004292,0.0105,0.007309,0.007726,0.001603,0.005139,0.002707,0.015742
1097,1,1,1,0.012819,0.94714,0.006854,0.002857,0.005814,0.003712,0.003782,0.001734,0.002898,0.012391
1098,1,1,1,0.012275,0.92645,0.013234,0.003051,0.002515,0.008349,0.003288,0.005645,0.003776,0.021416
1099,1,1,1,0.011329,0.939047,0.005693,0.004231,0.008113,0.007374,0.005063,0.001361,0.004023,0.013766
1100,1,1,1,0.010775,0.95596,0.0078,0.001589,0.00239,0.001235,0.00405,0.002241,0.001743,0.012217
1101,1,1,1,0.012207,0.930742,0.003189,0.004568,0.003526,0.006403,0.003017,0.006451,0.004822,0.025075
1102,1,1,1,0.005264,0.971664,0.002194,0.004143,0.00229,0.002249,0.002537,0.000649,0.000494,0.008516
1103,1,1,1,0.001727,0.992861,0.000375,0.000285,0.000371,0.000224,0.000852,0.000541,0.000616,0.002148
1104,1,1,1,0.015584,0.935484,0.009574,0.006125,0.002925,0.002773,0.005934,0.003244,0.002227,0.01613
1105,1,1,1,0.000402,0.998253,0.000297,0.000221,0.000114,0.000125,0.000132,7.5e-05,2.9e-05,0.000353
1106,1,1,1,0.00805,0.946244,0.002756,0.006791,0.001971,0.007326,0.002901,0.005167,0.002407,0.016388
1107,1,1,1,0.005045,0.958503,0.008183,0.002306,0.002794,0.003635,0.00192,0.002705,0.002568,0.012341
1108,1,1,1,0.008895,0.944122,0.010729,0.006038,0.007173,0.005691,0.003135,0.000803,0.001801,0.011613
1109,1,1,1,0.000134,0.998511,0.000308,6.5e-05,8.9e-05,0.00019,8.1e-05,0.000125,0.000115,0.00038
1110,1,1,1,0.001616,0.992345,0.000983,0.00087,0.000908,0.000693,0.000308,0.000146,0.000284,0.001847
1111,1,1,1,0.005272,0.973357,0.005041,0.003715,0.001839,0.000818,0.001939,0.000568,0.001113,0.006339
1112,1,1,1,0.005193,0.964316,0.006291,0.005452,0.001791,0.004006,0.000716,0.002525,0.000867,0.008844
1113,1,1,1,0.002141,0.987523,0.001301,0.001687,0.000394,0.001018,0.000756,0.00065,0.00034,0.00419
1114,1,1,1,0.003759,0.948595,0.003507,0.007642,0.00842,0.003379,0.00293,0.005085,0.001629,0.015054
1115,1,1,1,0.005207,0.923869,0.003689,0.008916,0.011694,0.009863,0.005781,0.001833,0.006131,0.023017
1116,1,1,1,0.001479,0.975911,0.001387,0.002923,0.001949,0.001845,0.002473,0.002745,0.002319,0.00697
1117,1,1,1,0.004273,0.943737,0.006736,0.008214,0.006716,0.001979,0.006737,0.00197,0.003752,0.015886
1118,1,1,1,0.003358,0.984855,0.001635,0.001122,0.001114,0.001269,0.001487,0.00051,0.001063,0.003586
1119,1,1,1,0.011267,0.900967,0.013892,0.005236,0.00819,0.007989,0.012596,0.005869,0.002233,0.03176
1120,1,1,1,1.5e-05,0.9999,9e-06,1.2e-05,5e-06,1.1e-05,1e-05,2e-06,3e-06,3.2e-05
1121,1,1,1,0.009694,0.929779,0.012277,0.011609,0.001988,0.007529,0.002822,0.004074,0.002227,0.018
1122,1,1,1,0.006566,0.970276,0.002936,0.001087,0.002421,0.00232,0.001366,0.00164,0.002072,0.009316
1123,1,1,1,0.006618,0.95771,0.006495,0.001642,0.005579,0.005213,0.003885,0.002583,0.001205,0.009071
1124,1,1,1,0.005811,0.971041,0.00216,0.001164,0.003869,0.002781,0.00294,0.002114,0.001914,0.006207
1125,1,1,1,0.012158,0.939354,0.010254,0.006143,0.007718,0.005764,0.002,0.004122,0.00196,0.010527
1126,1,1,1,0.016802,0.917556,0.006697,0.014268,0.00641,0.00951,0.002808,0.006008,0.002116,0.017824
1127,1,1,1,0.003354,0.982019,0.001534,0.00327,0.002007,0.000853,0.001143,0.000336,0.000575,0.004909
1128,1,1,1,0.007708,0.957323,0.007145,0.00146,0.002937,0.004268,0.004162,0.003293,0.001624,0.010082
1129,1,1,1,0.000929,0.982625,0.000851,0.000895,0.00179,0.002292,0.001713,0.001173,0.001283,0.006449
1130,1,1,1,1.6e-05,0.9999,2e-05,9e-06,6e-06,1e-05,4e-06,5e-06,3e-06,2.7e-05
1131,1,1,1,0.000793,0.990658,0.001917,0.001202,0.000524,0.000888,0.000349,0.000555,0.00043,0.002684
1132,1,1,1,0.005319,0.944361,0.012094,0.009495,0.007041,0.001154,0.004497,0.003527,0.001978,0.010534
1133,1,1,1,0.00031,0.994733,0.00048,0.000322,0.000629,0.000256,0.000214,0.000277,0.000456,0.002322
1134,1,1,1,0.001181,0.981632,0.002325,0.001585,0.000729,0.002151,0.001269,0.002237,0.001581,0.00531
1135,1,1,1,0.009978,0.920141,0.016666,0.00579,0.002667,0.005535,0.004243,0.002799,0.005414,0.026767
1136,1,1,1,0.002676,0.976242,0.004072,0.003375,0.002818,0.002083,0.002079,0.000837,0.000969,0.004849
1137,1,1,1,0.004934,0.972801,0.001782,0.004148,0.002938,0.003229,0.002458,0.001916,0.000945,0.004849
1138,1,1,1,2e-05,0.9999,1.3e-05,5e-06,1.4e-05,1e-05,7e-06,6e-06,4e-06,2.2e-05
1139,1,1,1,0.004601,0.959418,0.003202,0.00541,0.006355,0.002432,0.003898,0.003604,0.001065,0.010013
1140,1,1,1,0.01355,0.928161,0.008102,0.012121,0.005024,0.002179,0.005003,0.001688,0.00296,0.021212
1141,1,1,1,1.5e-05,0.9999,8e-06,1.6e-05,6e-06,1.2e-05,1.1e-05,8e-06,2e-06,2.2e-05
1142,1,1,1,0.0004,0.997819,0.000305,0.000309,0.000138,7.6e-05,0.000126,0.000125,5.6e-05,0.000647
1143,1,1,1,0.009562,0.935754,0.012374,0.003792,0.003312,0.004957,0.002521,0.003708,0.004878,0.019141
1144,1,1,1,0.003378,0.951879,0.010018,0.007527,0.00149,0.002144,0.001522,0.003372,0.00291,0.01576
1145,1,1,1,0.009292,0.927192,0.008541,0.00415,0.009625,0.004049,0.004037,0.003886,0.006282,0.022944
1146,1,1,1,0.004385,0.938715,0.011063,0.002968,0.010037,0.007879,0.005792,0.003375,0.003128,0.012657
1147,1,1,1,0.000664,0.995159,0.000842,0.000634,0.000531,0.000423,0.000293,0.000311,0.000174,0.000969
1148,1,1,1,0.00638,0.962161,0.005813,0.003609,0.002514,0.001666,0.003473,0.001523,0.002631,0.01023
1149,1,1,1,0.003562,0.963065,0.004961,0.001695,0.004102,0.003506,0.002898,0.003819,0.001327,0.011065
1150,1,1,1,0.018696,0.922327,0.003443,0.013273,0.009571,0.006414,0.003576,0.002398,0.004586,0.015715
1151,1,1,1,0.000722,0.993607,0.000678,0.000415,0.000493,0.000602,0.00033,0.000265,0.000687,0.002202
1152,1,1,1,0.003022,0.957575,0.003796,0.003765,0.002203,0.004755,0.003776,0.001768,0.003282,0.016058
1153,1,1,1,6e-06,0.9999,2.1e-05,1.1e-05,5e-06,8e-06,1e-05,5e-06,3e-06,2.9e-05
1154,1,1,1,0.001396,0.989954,0.000651,0.001126,0.001606,0.001018,0.000994,0.000241,0.000687,0.002328
1155,1,1,1,0.007459,0.949824,0.002878,0.003082,0.003885,0.00604,0.006539,0.004276,0.003185,0.012832
1156,1,1,1,0.003089,0.962032,0.004083,0.004333,0.005216,0.003918,0.001123,0.00304,0.003008,0.010158
1157,1,1,1,0.001637,0.971616,0.001875,0.004751,0.003104,0.001499,0.002508,0.00283,0.001784,0.008396
1158,1,1,1,1e-05,0.9999,1.5e-05,1.7e-05,5e-06,5e-06,7e-06,6e-06,3e-06,3.2e-05
1159,1,1,1,0.00795,0.94677,0.003458,0.007401,0.002332,0.004918,0.005289,0.002032,0.002717,0.017134
1160,1,1,1,0.015584,0.918833,0.003788,0.011592,0.008669,0.007318,0.003317,0.0037,0.004245,0.022953
1161,1,1,1,0.009054,0.962411,0.006437,0.004821,0.003888,0.002458,0.001618,0.001639,0.001301,0.006373
1162,1,1,1,0.006019,0.935823,0.014108,0.010103,0.006884,0.003624,0.003268,0.002007,0.002452,0.015712
1163,1,1,1,0.003986,0.953237,0.010321,0.005911,0.003173,0.00303,0.001538,0.004258,0.003172,0.011375
1164,1,1,1,0.002492,0.986705,0.000603,0.001057,0.000851,0.001826,0.000852,0.000912,0.000539,0.004163
1165,1,1,1,0.013075,0.929326,0.007617,0.010587,0.00532,0.00348,0.001864,0.004226,0.002298,0.022207
1166,1,1,1,0.006419,0.953992,0.003732,0.008072,0.004368,0.004822,0.00134,0.004204,0.002247,0.010804
1167,1,1,1,0.003559,0.953074,0.00685,0.008766,0.001505,0.003303,0.004728,0.002125,0.001939,0.01415
1168,1,1,1,0.002328,0.961091,0.003369,0.005217,0.006916,0.004587,0.002129,0.00278,0.001251,0.010331
1169,1,1,1,0.004181,0.949191,0.005818,0.005415,0.005684,0.002963,0.00141,0.005551,0.003978,0.015809
1170,1,1,1,0.015601,0.925093,0.003467,0.005953,0.002736,0.008313,0.007286,0.001791,0.005951,0.023808
1171,1,1,1,0.009754,0.954121,0.004536,0.004111,0.005871,0.004869,0.003723,0.00085,0.001836,0.01033
1172,1,1,1,0.00292,0.945962,0.010149,0.006487,0.008062,0.001826,0.004123,0.002625,0.00386,0.013987
1173,1,1,1,0.019227,0.913337,0.013956,0.007221,0.009191,0.004093,0.004675,0.001979,0.006418,0.019901
1174,1,1,1,0.008954,0.934115,0.005377,0.006767,0.004734,0.004281,0.006817,0.004381,0.003108,0.021465
1175,1,1,1,0.013286,0.946564,0.00785,0.007762,0.00497,0.003775,0.002218,0.002248,0.000623,0.010705
1176,1,1,1,0.005184,0.964339,0.002188,0.003172,0.001978,0.004072,0.001272,0.002886,0.001365,0.013544
1177,1,1,1,0.017254,0.927631,0.009297,0.00306,0.005586,0.008089,0.004499,0.005358,0.003886,0.015341
1178,1,1,1,0.000977,0.992616,0.001269,0.001114,0.000231,0.000712,0.000523,0.000574,0.000206,0.001778
1179,1,1,1,0.002511,0.972661,0.004034,0.003072,0.002658,0.003644,0.001109,0.001467,0.001296,0.007547
1180,1,1,1,0.016974,0.91367,0.016246,0.007177,0.003009,0.003239,0.002092,0.005789,0.002363,0.029441
1181,1,1,1,0.005066,0.943384,0.011545,0.00291,0.008425,0.004273,0.004275,0.003117,0.001326,0.01568
1182,1,1,1,0.000935,0.981968,0.001257,0.003947,0.002307,0.002167,0.000773,0.000761,0.001341,0.004544
1183,1,1,1,0.010121,0.937815,0.004331,0.005157,0.007962,0.007288,0.006569,0.002579,0.003107,0.015071
1184,1,1,1,0.006999,0.939683,0.010629,0.01064,0.00755,0.00203,0.004337,0.002625,0.001761,0.013747
1185,1,1,1,0.003125,0.963597,0.004795,0.007083,0.001094,0.003864,0.001477,0.001029,0.001975,0.011961
1186,1,1,1,0.000879,0.994793,0.000274,0.000719,0.000756,0.000307,0.00012,0.000191,0.00021,0.001752
1187,1,1,1,0.00382,0.983554,0.001707,0.002138,0.001084,0.001565,0.001452,0.000759,0.000699,0.00322
1188,1,1,1,0.001991,0.971801,0.002445,0.002036,0.003536,0.001371,0.002598,0.002545,0.001478,0.010199
1189,1,1,1,0.000258,0.998435,0.000288,0.000174,0.000205,0.000126,8.9e-05,9.8e-05,3e-05,0.000296
1190,1,1,1,0.001699,0.981786,0.003896,0.002183,0.000821,0.001395,0.000411,0.000512,0.00178,0.005517
1191,1,1,1,0.003068,0.960366,0.007732,0.003895,0.0036,0.002358,0.003834,0.001487,0.001757,0.011903
1192,1,1,1,0.003989,0.967031,0.00631,0.002571,0.001319,0.003213,0.001444,0.001175,0.002289,0.010659
1193,1,1,1,0.009122,0.913572,0.006074,0.009791,0.008499,0.010007,0.004298,0.002861,0.008227,0.027549
1194,1,1,1,0.011349,0.94916,0.008731,0.00628,0.002918,0.002907,0.003235,0.003474,0.002797,0.00915
1195,1,1,1,0.004881,0.944659,0.006299,0.01045,0.008397,0.002257,0.002817,0.001801,0.003084,0.015355
1196,1,1,1,0.016608,0.928771,0.008224,0.00244,0.004598,0.007063,0.00576,0.003441,0.005754,0.017342
1197,1,1,1,1.9e-05,0.9999,8e-06,4e-06,1.1e-05,3e-06,1e-05,6e-06,6e-06,3.1e-05
1198,1,1,1,0.011556,0.942217,0.008298,0.006035,0.002257,0.003672,0.004481,0.004139,0.003315,0.014029
1199,1,1,1,0.002969,0.965229,0.007002,0.001651,0.005019,0.00134,0.002328,0.002778,0.001318,0.010365
1200,1,1,1,0.005476,0.975169,0.003504,0.003131,0.001482,0.002072,0.002108,0.00162,0.000456,0.004982
1201,1,1,1,0.014548,0.941161,0.008611,0.004398,0.001653,0.005419,0.003227,0.003851,0.001067,0.016065
1202,1,1,1,0.001764,0.977818,0.00211,0.001547,0.000987,0.002709,0.002453,0.001399,0.001631,0.007582
1203,1,1,1,2.2e-05,0.9999,1.9e-05,7e-06,9e-06,3e-06,6e-06,8e-06,2e-06,2.6e-05
1204,1,1,1,0.006618,0.971672,0.001878,0.001334,0.0021,0.002875,0.000731,0.001073,0.00061,0.01111
1205,1,1,1,0.008075,0.954532,0.005312,0.007232,0.00593,0.00211,0.003129,0.003263,0.002322,0.008094
1206,1,1,1,0.004574,0.9592,0.004559,0.003401,0.00299,0.00412,0.002809,0.003982,0.001502,0.012862
1207,1,1,1,0.008005,0.910897,0.019938,0.00623,0.007576,0.003243,0.005339,0.004758,0.006955,0.027058
1208,1,1,1,0.017961,0.904161,0.006549,0.017114,0.009056,0.003664,0.006794,0.008632,0.003565,0.022503
1209,1,1,1,0.008627,0.951859,0.007366,0.003464,0.003397,0.006163,0.003066,0.00319,0.001336,0.011534
1210,1,1,1,0.005672,0.939433,0.005609,0.011552,0.005789,0.00563,0.003817,0.003227,0.002208,0.017063
1211,1,1,1,0.00679,0.958281,0.006345,0.006582,0.002519,0.001382,0.002204,0.00366,0.001,0.011237
1212,1,1,1,0.015418,0.933139,0.004497,0.005709,0.003404,0.006029,0.006374,0.003504,0.0038,0.018126
1213,1,1,1,0.006045,0.964169,0.005627,0.00474,0.00281,0.00164,0.002914,0.002052,0.001466,0.008538
1214,1,1,1,0.011078,0.953017,0.003478,0.007684,0.005824,0.001354,0.002374,0.001578,0.002253,0.01136
1215,1,1,1,0.005902,0.964996,0.00241,0.002223,0.002694,0.003688,0.003428,0.002269,0.002977,0.009412
1216,1,1,1,0.010042,0.94503,0.009332,0.002163,0.002276,0.006498,0.001931,0.00271,0.002586,0.017432
1217,1,1,1,0.006653,0.953185,0.007298,0.00296,0.002524,0.003053,0.002114,0.004921,0.002374,0.014916
1218,1,1,1,0.006895,0.957191,0.007367,0.001456,0.002218,0.001741,0.0037,0.002503,0.001566,0.015363
1219,1,1,1,0.008253,0.94287,0.006122,0.006101,0.003612,0.007712,0.00323,0.002512,0.004643,0.014944
1220,1,1,1,0.006568,0.938407,0.010177,0.01007,0.005891,0.00453,0.002908,0.003946,0.004272,0.013232
1221,1,1,1,0.001345,0.975712,0.005211,0.001518,0.001573,0.001793,0.001931,0.000549,0.001761,0.008607
1222,1,1,1,0.004767,0.950348,0.006732,0.002245,0.003964,0.00219,0.003773,0.002234,0.001903,0.021843
1223,1,1,1,0.003683,0.967183,0.005392,0.00347,0.002072,0.004387,0.001187,0.001637,0.001687,0.009304
1224,1,1,1,1.2e-05,0.9999,1.7e-05,1.3e-05,8e-06,1.1e-05,3e-06,3e-06,5e-06,2.9e-05
1225,1,1,1,0.00118,0.993696,0.000268,0.000878,0.000732,0.000437,0.000171,0.000356,0.000453,0.001829
1226,1,1,1,2.3e-05,0.9999,1.2e-05,1.3e-05,1e-05,9e-06,8e-06,2e-06,2e-06,2.1e-05
1227,1,1,1,0.000507,0.996238,0.000657,0.000582,0.000133,9.7e-05,0.000428,0.00026,0.000111,0.000986
1228,1,1,1,0.018234,0.918758,0.008631,0.007773,0.002702,0.009816,0.004842,0.001755,0.00467,0.02282
1229,1,1,1,0.005434,0.956129,0.005194,0.00615,0.00551,0.001181,0.002111,0.001987,0.002175,0.014129
1230,1,1,1,0.003646,0.936177,0.004353,0.010963,0.00701,0.004892,0.002803,0.004734,0.001912,0.02351
1231,1,1,1,0.002504,0.968279,0.004344,0.005685,0.002285,0.002394,0.002517,0.002803,0.00212,0.00707
1232,1,1,1,1.6e-05,0.9999,5e-06,9e-06,4e-06,1.1e-05,1.1e-05,9e-06,2e-06,3.2e-05
1233,1,1,1,0.009602,0.937045,0.010408,0.005048,0.006721,0.003442,0.00361,0.002094,0.004392,0.017639
1234,1,1,1,0.003212,0.951224,0.010592,0.008499,0.005526,0.003439,0.004359,0.002276,0.001716,0.009156
1235,1,1,1,0.018504,0.911354,0.013246,0.0034,0.008809,0.004158,0.009609,0.003245,0.005196,0.022478
1236,1,1,1,0.001543,0.973914,0.003184,0.001842,0.002088,0.000889,0.001512,0.003102,0.002164,0.009762
1237,1,1,1,0.000782,0.992553,0.00095,0.001189,0.000801,0.000259,0.000329,0.000602,0.000239,0.002297
1238,1,1,1,0.01324,0.922961,0.009068,0.007342,0.008011,0.006233,0.00481,0.004577,0.002817,0.02094
1239,1,1,1,0.00811,0.928811,0.013532,0.003981,0.010064,0.005318,0.004722,0.002139,0.002986,0.020337
1240,1,1,1,0.01251,0.923843,0.004183,0.00876,0.012524,0.002544,0.007113,0.004447,0.002668,0.021409
1241,1,1,1,0.00295,0.985263,0.001654,0.001454,0.000705,0.001332,0.001162,0.000893,0.000611,0.003978
1242,1,1,1,0.00377,0.964692,0.00627,0.006265,0.002376,0.002619,0.001761,0.002936,0.000695,0.008615
1243,1,1,1,0.011602,0.910167,0.007218,0.005122,0.007108,0.013108,0.009289,0.008983,0.006735,0.020669
1244,1,1,1,0.006228,0.933425,0.013885,0.004915,0.00848,0.005822,0.004982,0.004172,0.003196,0.014897
1245,1,1,1,0.008622,0.951352,0.006022,0.005322,0.002725,0.003395,0.004543,0.001933,0.003779,0.012307
1246,1,1,1,0.000825,0.993653,0.00028,0.001132,0.000833,0.000594,0.000501,0.000152,0.000337,0.001693
1247,1,1,1,1.3e-05,0.9999,1.2e-05,7e-06,4e-06,6e-06,1e-05,7e-06,3e-06,3.8e-05
1248,1,1,1,0.003699,0.932218,0.01102,0.00442,0.008517,0.007498,0.007843,0.001352,0.00399,0.019443
1249,1,1,1,0.011064,0.946802,0.005388,0.005595,0.00276,0.006605,0.003084,0.00364,0.001474,0.013588
1250,1,1,1,0.007796,0.913335,0.006036,0.004586,0.003834,0.010662,0.007624,0.008614,0.005204,0.03231
1251,1,1,1,0.003124,0.968244,0.002444,0.003726,0.004004,0.00389,0.003169,0.002558,0.002049,0.006791
1252,1,1,1,0.00246,0.961549,0.007188,0.005369,0.003076,0.003134,0.002481,0.001873,0.002659,0.010211
1253,1,1,1,2.4e-05,0.9999,1.7e-05,9e-06,1e-05,7e-06,8e-06,5e-06,3e-06,1.7e-05
1254,1,1,1,0.007444,0.964944,0.005955,0.004224,0.001011,0.002133,0.003365,0.001921,0.001243,0.007761
1255,1,1,1,0.010229,0.950698,0.002763,0.007967,0.005713,0.003756,0.003932,0.002905,0.001484,0.010553
1256,1,1,1,0.004852,0.950802,0.006498,0.003895,0.003939,0.005665,0.003449,0.004009,0.003387,0.013505
1257,1,1,1,0.010839,0.946181,0.005093,0.007117,0.003573,0.00381,0.002376,0.002207,0.001075,0.01773
1258,1,1,1,0.000926,0.983224,0.003583,0.001996,0.00198,0.000923,0.001423,0.000972,0.000552,0.004421
1259,1,1,1,0.002296,0.98808,0.001777,0.000635,0.001522,0.000431,0.000902,0.000967,0.000344,0.003047
1260,1,1,1,0.005317,0.968095,0.002118,0.001283,0.002848,0.003086,0.003866,0.002053,0.001648,0.009687
1261,1,1,1,2.3e-05,0.9999,1.9e-05,1e-05,8e-06,6e-06,5e-06,4e-06,6e-06,1.9e-05
1262,1,1,1,0.011152,0.923828,0.009545,0.006988,0.008909,0.002491,0.003522,0.003064,0.002441,0.028059
1263,1,1,1,0.015238,0.911267,0.014387,0.004369,0.004893,0.007465,0.006945,0.006298,0.001528,0.02761
1264,1,1,1,0.008572,0.958696,0.007516,0.005,0.002481,0.001003,0.002933,0.003317,0.001588,0.008894
1265,1,1,1,0.009954,0.904557,0.020717,0.014206,0.007967,0.002807,0.00834,0.004382,0.004185,0.022886
1266,1,1,1,0.003307,0.961787,0.008282,0.005897,0.001983,0.003626,0.001292,0.003399,0.001075,0.00935
1267,1,1,1,1.1e-05,0.9999,1.8e-05,1.4e-05,1.3e-05,1e-05,3e-06,3e-06,3e-06,2.5e-05
1268,1,1,1,0.005537,0.961934,0.002266,0.006849,0.00141,0.004577,0.001126,0.002374,0.001927,0.012
1269,1,1,1,1.5e-05,0.9999,6e-06,1.3e-05,1.1e-05,6e-06,3e-06,6e-06,9e-06,3.1e-05
1270,1,1,1,0.008227,0.953918,0.006352,0.005576,0.005214,0.005146,0.001562,0.001841,0.001267,0.010897
1271,1,1,1,0.012664,0.928138,0.006851,0.007677,0.004769,0.007145,0.003369,0.004597,0.002931,0.02186
1272,1,1,1,0.00973,0.94446,0.003312,0.008556,0.002934,0.001591,0.006727,0.003447,0.00287,0.016373
1273,1,1,1,0.006166,0.928106,0.013283,0.009681,0.002947,0.008856,0.003669,0.005115,0.004758,0.017421
1274,1,1,1,0.003373,0.964995,0.003525,0.003122,0.005079,0.002874,0.003184,0.003261,0.000975,0.009612
1275,1,1,1,0.004886,0.973499,0.00248,0.001691,0.002255,0.001281,0.001135,0.002331,0.001202,0.00924
1276,1,1,1,0.012478,0.926187,0.008181,0.010381,0.004095,0.003967,0.008222,0.005745,0.002576,0.018168
1277,1,1,1,0.00484,0.956489,0.007554,0.006716,0.002759,0.002415,0.003127,0.003261,0.000656,0.012182
1278,1,1,1,0.004031,0.969409,0.004759,0.0017,0.002842,0.00181,0.003302,0.001099,0.002016,0.009034
1279,1,1,1,0.004424,0.956274,0.008509,0.001685,0.003944,0.003183,0.003552,0.003645,0.003097,0.011686
1280,1,1,1,0.006695,0.936109,0.003711,0.00439,0.009552,0.009423,0.005078,0.00602,0.004553,0.014469
1281,1,1,1,0.012737,0.938246,0.006275,0.010341,0.006198,0.002619,0.005834,0.002968,0.000914,0.013867
1282,1,1,1,0.002239,0.985792,0.001647,0.001103,0.001331,0.001784,0.000396,0.001401,0.000846,0.003461
1283,1,1,1,0.006555,0.96949,0.005385,0.003119,0.002547,0.002095,0.001488,0.001077,0.001313,0.00693
1284,1,1,1,0.012885,0.939637,0.008922,0.003011,0.007251,0.006342,0.004168,0.003518,0.003445,0.010822
1285,1,1,1,0.00885,0.927603,0.012998,0.010082,0.003762,0.004194,0.003106,0.0036,0.002317,0.023488
1286,1,1,1,0.002927,0.982857,0.003363,0.000847,0.001786,0.001114,0.001501,0.001175,0.000959,0.003472
1287,1,1,1,0.00274,0.955854,0.010266,0.003883,0.004447,0.005683,0.004144,0.002916,0.001162,0.008905
1288,1,1,1,0.00744,0.936271,0.00357,0.003433,0.003373,0.007422,0.002789,0.002915,0.005007,0.027781
1289,1,1,1,0.010112,0.954096,0.005898,0.004295,0.004609,0.001851,0.001237,0.003344,0.003109,0.011449
1290,1,1,1,0.025259,0.898506,0.006132,0.008138,0.00535,0.009344,0.006656,0.008376,0.00638,0.025859
1291,1,1,1,0.006363,0.973456,0.004599,0.00203,0.001474,0.002111,0.001276,0.000449,0.000944,0.007299
1292,1,1,1,0.000911,0.994541,0.000926,0.000567,0.000552,0.000225,0.000488,0.000421,0.000313,0.001056
1293,1,1,1,1.9e-05,0.9999,1.3e-05,6e-06,5e-06,6e-06,4e-06,7e-06,9e-06,3e-05
1294,1,1,1,0.002971,0.975178,0.001395,0.004584,0.003741,0.002203,0.000897,0.000746,0.002056,0.006228
1295,1,1,1,0.003493,0.963842,0.007643,0.005116,0.001104,0.00424,0.003479,0.000827,0.002457,0.007799
1296,1,1,1,2.2e-05,0.9999,7e-06,4e-06,9e-06,5e-06,1.1e-05,7e-06,3e-06,3.2e-05
1297,1,1,1,0.007414,0.969595,0.003479,0.003232,0.002496,0.001138,0.001162,0.002735,0.001733,0.007015
1298,1,1,1,0.013557,0.898086,0.008135,0.005468,0.011316,0.009236,0.008225,0.010987,0.001862,0.033127
1299,1,1,1,1.3e-05,0.9999,1.2e-05,1.8e-05,4e-06,7e-06,5e-06,3e-06,9e-06,3e-05
1300,1,1,1,0.009989,0.947493,0.007657,0.007392,0.006186,0.001132,0.004894,0.002989,0.002815,0.009453
1301,1,1,1,0.003407,0.942322,0.011912,0.003621,0.002009,0.005646,0.002426,0.004126,0.001418,0.023114
1302,1,1,1,0.011273,0.943059,0.00496,0.007063,0.007222,0.003537,0.001944,0.003219,0.001423,0.0163
1303,1,1,1,0.010955,0.948299,0.007487,0.004091,0.006854,0.004626,0.00099,0.001516,0.001985,0.013197
1304,1,1,1,0.013993,0.919756,0.00369,0.003451,0.003292,0.008043,0.009411,0.003026,0.004648,0.030689
1305,1,1,1,1.6e-05,0.9999,1.7e-05,1.3e-05,5e-06,3e-06,6e-06,4e-06,5e-06,3.2e-05
1306,1,1,1,1.4e-05,0.9999,1.1e-05,1.7e-05,8e-06,1.1e-05,8e-06,2e-06,4e-06,2.5e-05
1307,1,1,1,0.001847,0.991968,0.000627,0.000637,0.000778,0.001,0.000577,0.000178,0.000355,0.002034
1308,1,1,1,0.001575,0.979043,0.002964,0.003466,0.001017,0.00217,0.00194,0.001514,0.000672,0.005639
1309,1,1,1,0.012817,0.925916,0.006124,0.005522,0.009726,0.004397,0.006819,0.004085,0.004136,0.020459
1310,1,1,1,0.013272,0.871572,0.026475,0.01025,0.0098,0.005425,0.012469,0.011169,0.007897,0.031669
1311,1,1,1,0.010378,0.950572,0.006888,0.006717,0.006257,0.001014,0.003215,0.003247,0.001143,0.010569
1312,1,1,1,0.006383,0.95633,0.00826,0.002541,0.00593,0.005019,0.002037,0.003355,0.001427,0.008717
1313,1,1,1,0.003817,0.962782,0.004608,0.005729,0.004177,0.002888,0.001879,0.00352,0.000925,0.009674
1314,1,1,1,0.014903,0.927091,0.008194,0.003452,0.010257,0.007316,0.002953,0.005332,0.002774,0.017728
1315,1,1,1,6e-06,0.9999,1.5e-05,5e-06,1.8e-05,1.2e-05,3e-06,8e-06,2e-06,3e-05
1316,1,1,1,0.009472,0.941043,0.011773,0.009174,0.006973,0.001866,0.004216,0.003517,0.001821,0.010146
1317,1,1,1,0.001024,0.986929,0.002242,0.002012,0.000699,0.001411,0.000881,0.000989,0.00062,0.003193
1318,1,1,1,0.007696,0.950863,0.006543,0.006587,0.007062,0.001771,0.001592,0.003328,0.002576,0.011981
1319,1,1,1,0.009266,0.958224,0.003097,0.006946,0.004341,0.002867,0.003678,0.001561,0.000906,0.009115
1320,1,1,1,1.3e-05,0.9999,1.1e-05,1.2e-05,9e-06,8e-06,5e-06,8e-06,4e-06,3e-05
1321,1,1,1,0.001044,0.983937,0.002879,0.002229,0.000909,0.001771,0.001221,0.000381,0.001132,0.004498
1322,1,1,1,0.001489,0.981849,0.004073,0.003088,0.002334,0.000919,0.000512,0.000768,0.000836,0.004133
1323,1,1,1,0.001345,0.986513,0.001458,0.001018,0.002318,0.000574,0.000883,0.00115,0.000793,0.003949
1324,1,1,1,0.003889,0.950449,0.004799,0.004719,0.00641,0.004583,0.003895,0.004343,0.00287,0.014043
1325,1,1,1,0.005592,0.942011,0.007213,0.00969,0.005617,0.005139,0.001997,0.00514,0.003535,0.014065
1326,1,1,1,0.012347,0.948533,0.002277,0.008017,0.002914,0.004544,0.002889,0.001547,0.00325,0.013682
1327,1,1,1,0.022338,0.899876,0.01147,0.007177,0.009141,0.003386,0.009152,0.009063,0.006333,0.022064
1328,1,1,1,0.00548,0.963195,0.005962,0.003462,0.001343,0.00146,0.003896,0.003321,0.002334,0.009546
1329,1,1,1,2.3e-05,0.9999,1.4e-05,7e-06,1e-05,5e-06,5e-06,2e-06,7e-06,2.8e-05
1330,1,1,1,0.007511,0.920334,0.009868,0.006425,0.013936,0.009025,0.004855,0.004805,0.003791,0.01945
1331,1,1,1,0.006234,0.963612,0.006757,0.004294,0.001116,0.001287,0.003635,0.002333,0.000748,0.009985
1332,1,1,1,1e-05,0.9999,1.5e-05,1.4e-05,1e-05,1.1e-05,8e-06,2e-06,5e-06,2.5e-05
1333,1,1,1,1.4e-05,0.9999,1.2e-05,1.6e-05,3e-06,7e-06,1e-05,7e-06,4e-06,2.6e-05
1334,1,1,1,0.001935,0.977536,0.003615,0.001958,0.001622,0.001766,0.000644,0.001544,0.00214,0.007239
1335,1,1,1,0.00626,0.948572,0.008428,0.004426,0.007856,0.002576,0.004524,0.001994,0.002916,0.012447
1336,1,1,1,0.006076,0.926009,0.010981,0.012679,0.007951,0.007193,0.005841,0.004798,0.001559,0.016912
1337,1,1,1,0.011767,0.921539,0.00452,0.007483,0.008622,0.009722,0.008839,0.003117,0.002711,0.02168
1338,1,1,1,0.003778,0.971208,0.004361,0.003674,0.003418,0.001226,0.002728,0.001413,0.000962,0.007231
1339,1,1,1,0.006425,0.953292,0.004926,0.002894,0.002717,0.001582,0.002477,0.00288,0.003449,0.019358
1340,1,1,1,0.00903,0.944254,0.003998,0.00742,0.002301,0.002266,0.005911,0.005782,0.003477,0.015561
1341,1,1,1,0.013139,0.940395,0.003678,0.00505,0.004557,0.002542,0.003893,0.005857,0.00412,0.016768
1342,1,1,1,0.000291,0.998318,0.00034,0.000121,8.8e-05,0.000181,6.6e-05,4.8e-05,0.000136,0.000411
1343,1,1,1,0.00429,0.922381,0.006958,0.012545,0.005049,0.010976,0.005219,0.006917,0.002029,0.023635
1344,1,1,1,0.013838,0.937528,0.007132,0.005719,0.005771,0.007493,0.001992,0.00179,0.00288,0.015857
1345,1,1,1,1.3e-05,0.9999,1.4e-05,1.7e-05,7e-06,5e-06,9e-06,4e-06,6e-06,2.4e-05
1346,1,1,1,0.015504,0.934052,0.00489,0.007201,0.002509,0.006762,0.003325,0.00555,0.003849,0.016358
1347,1,1,1,0.005866,0.971949,0.003678,0.001283,0.004022,0.003262,0.001905,0.001262,0.000481,0.006292
1348,1,1,1,0.003596,0.96995,0.005038,0.005253,0.003462,0.001204,0.001194,0.002239,0.001145,0.006919
1349,1,1,1,0.008136,0.940859,0.00858,0.00267,0.009905,0.001625,0.003943,0.004372,0.004563,0.015347
1350,1,1,1,0.005426,0.913544,0.009795,0.017164,0.005689,0.004858,0.00998,0.001862,0.005372,0.02631
1351,1,1,1,0.004511,0.966872,0.005806,0.001749,0.002722,0.003345,0.001679,0.002523,0.001197,0.009597
1352,1,1,1,0.005174,0.96587,0.003806,0.005112,0.00493,0.002529,0.0028,0.002388,0.000448,0.006944
1353,1,1,1,2e-05,0.9999,1.3e-05,1.4e-05,3e-06,3e-06,6e-06,3e-06,3e-06,3.4e-05
1354,1,1,1,2.5e-05,0.9999,1.6e-05,3e-06,1.3e-05,8e-06,4e-06,2e-06,4e-06,2.4e-05
1355,1,1,1,0.008854,0.953448,0.007052,0.006466,0.003053,0.003061,0.003965,0.001221,0.001446,0.011435
1356,1,1,1,0.002609,0.974018,0.001593,0.002224,0.001762,0.00214,0.002809,0.000852,0.001683,0.01031
1357,1,1,1,0.000786,0.988574,0.001081,0.002159,0.00046,0.00112,0.001086,0.000327,0.000222,0.004185
1358,1,1,1,0.004067,0.964753,0.003469,0.00582,0.003582,0.002288,0.001023,0.001267,0.002435,0.011297
1359,1,1,1,0.006052,0.959555,0.005401,0.007108,0.001519,0.003801,0.001341,0.0019,0.001138,0.012186
1360,1,1,1,0.019223,0.905955,0.011333,0.013515,0.006948,0.007505,0.008421,0.00617,0.004369,0.016563
1361,1,1,1,0.001398,0.981124,0.00414,0.003161,0.000728,0.001763,0.001291,0.000534,0.00041,0.00545
1362,1,1,1,0.005854,0.966092,0.003296,0.003489,0.003865,0.003766,0.002821,0.002583,0.001513,0.006722
1363,1,1,1,0.001494,0.976327,0.002201,0.001564,0.004458,0.002068,0.002483,0.000549,0.000547,0.008311
1364,1,1,1,0.001286,0.994119,0.000836,0.000755,0.000505,0.000549,0.000133,0.000329,0.000346,0.001142
1365,1,1,1,0.007122,0.9562,0.006985,0.004583,0.005057,0.003582,0.001754,0.001135,0.002753,0.010829
1366,1,1,1,0.006703,0.948775,0.005584,0.005767,0.004918,0.00323,0.003674,0.002728,0.002785,0.015838
1367,1,1,1,2.1e-05,0.9999,9e-06,1.3e-05,4e-06,1.2e-05,4e-06,3e-06,8e-06,2.8e-05
1368,1,1,1,0.003431,0.959473,0.004182,0.001961,0.001721,0.007114,0.002809,0.002324,0.002676,0.014309
1369,1,1,1,0.016974,0.920959,0.011596,0.006902,0.006608,0.008125,0.004376,0.004555,0.001173,0.018731
1370,1,1,1,0.002846,0.967338,0.002812,0.00308,0.004613,0.002878,0.002699,0.002371,0.000671,0.010692
1371,1,1,1,0.000967,0.992343,0.001539,0.000377,0.000516,0.000983,0.000596,0.000624,0.000239,0.001816
1372,1,1,1,0.002565,0.973195,0.005661,0.002423,0.001312,0.00252,0.002149,0.001034,0.002143,0.006999
1373,1,1,1,0.002466,0.986746,0.002072,0.002008,0.000751,0.001418,0.00082,0.000866,0.000376,0.002477
1374,1,1,1,1.3e-05,0.9999,1.9e-05,6e-06,1.3e-05,5e-06,2e-06,8e-06,2e-06,3.2e-05
1375,1,1,1,0.007407,0.963588,0.002198,0.005037,0.001396,0.001485,0.001545,0.003612,0.000869,0.012863
1376,1,1,1,0.01142,0.942329,0.011149,0.006775,0.005354,0.002457,0.002201,0.004049,0.001459,0.012806
1377,1,1,1,0.008932,0.955823,0.004546,0.006972,0.002145,0.001452,0.004414,0.001417,0.002197,0.012101
1378,1,1,1,0.000478,0.993391,0.000353,0.000737,0.000336,0.000888,0.000242,0.00049,0.000383,0.002701
1379,1,1,1,0.006401,0.967617,0.003596,0.004563,0.003254,0.002196,0.00303,0.001903,0.001451,0.005989
1380,1,1,1,0.002828,0.964885,0.007164,0.002516,0.001924,0.002945,0.004085,0.000837,0.001615,0.0112
1381,1,1,1,0.009245,0.961378,0.004439,0.00237,0.003959,0.00218,0.003191,0.000729,0.001727,0.010781
1382,1,1,1,0.001878,0.982544,0.001281,0.002279,0.001364,0.00077,0.000623,0.001423,0.000419,0.007419
1383,1,1,1,0.014342,0.926109,0.011601,0.005482,0.00245,0.009216,0.005755,0.001282,0.001204,0.022559
1384,1,1,1,0.002005,0.987727,0.002273,0.001618,0.000364,0.000957,0.000273,0.001027,0.000546,0.00321
1385,1,1,1,0.00482,0.97066,0.003119,0.004004,0.002215,0.003523,0.001137,0.001558,0.000896,0.008066
1386,1,1,1,1.5e-05,0.9999,2e-05,9e-06,1.3e-05,4e-06,4e-06,7e-06,7e-06,2.2e-05
1387,1,1,1,0.005786,0.954684,0.00401,0.002915,0.006456,0.003565,0.002484,0.001176,0.002499,0.016425
1388,1,1,1,2.5e-05,0.9999,6e-06,1.2e-05,5e-06,7e-06,1e-05,5e-06,4e-06,2.6e-05
1389,1,1,1,0.01928,0.919826,0.00869,0.006137,0.008434,0.002884,0.005421,0.002909,0.005086,0.021333
1390,1,1,1,0.020824,0.89368,0.017683,0.00832,0.008488,0.011348,0.008265,0.003923,0.00306,0.02441
1391,1,1,1,0.00905,0.92961,0.008836,0.008325,0.006206,0.008769,0.007042,0.004965,0.002277,0.01492
1392,1,1,1,0.007179,0.968511,0.004423,0.004722,0.002068,0.003126,0.000546,0.00086,0.0014,0.007165
1393,1,1,1,0.001194,0.985868,0.003192,0.001814,0.001617,0.001126,0.000856,0.000911,0.000274,0.003148
1394,1,1,1,0.009715,0.95086,0.007985,0.004632,0.004613,0.004499,0.002763,0.002623,0.000702,0.011609
1395,1,1,1,0.001347,0.980591,0.001139,0.000919,0.003745,0.002745,0.001106,0.000572,0.001852,0.005984
1396,1,1,1,0.017093,0.929249,0.005984,0.003013,0.0078,0.004169,0.007549,0.003503,0.002548,0.019093
1397,1,1,1,0.000104,0.998783,0.000123,0.000208,6.4e-05,0.000162,4.6e-05,3.8e-05,0.00011,0.000363
1398,1,1,1,0.012739,0.927509,0.011351,0.005142,0.009499,0.003372,0.002208,0.006737,0.004971,0.016471
1399,1,1,1,0.001339,0.980711,0.001039,0.003823,0.001892,0.001628,0.001947,0.001275,0.001571,0.004776
1400,1,1,1,0.010026,0.939007,0.007108,0.002367,0.006155,0.006514,0.003423,0.002996,0.001501,0.020902
1401,1,1,1,0.001907,0.984616,0.001152,0.002154,0.001886,0.001933,0.000458,0.001397,0.001088,0.003407
1402,1,1,1,0.002834,0.973875,0.004858,0.003822,0.001767,0.003169,0.001441,0.001436,0.001143,0.005656
1403,1,1,1,2.5e-05,0.9999,9e-06,7e-06,9e-06,1.2e-05,9e-06,2e-06,3e-06,2.4e-05
1404,1,1,1,0.003485,0.981667,0.001524,0.003321,0.001175,0.000923,0.001968,0.001077,0.000884,0.003976
1405,1,1,1,0.000275,0.997645,0.000117,0.000441,0.000358,6.1e-05,0.000182,0.000102,7.4e-05,0.000746
1406,1,1,1,0.013088,0.930774,0.005842,0.006289,0.005429,0.005884,0.008132,0.003314,0.004068,0.017181
1407,1,1,1,0.002634,0.965552,0.003794,0.002867,0.002228,0.002438,0.001366,0.002677,0.003032,0.013413
1408,1,1,1,0.003854,0.982662,0.00309,0.000568,0.000744,0.001838,0.000714,0.000558,0.000376,0.005596
1409,1,1,1,0.016826,0.897639,0.00833,0.00521,0.004686,0.0131,0.010696,0.005145,0.008893,0.029476
1410,1,1,1,0.001009,0.99585,0.000766,0.000419,0.000227,0.000316,0.000244,7.2e-05,8.5e-05,0.001012
1411,1,1,1,0.005379,0.976975,0.004152,0.001176,0.002385,0.000679,0.001264,0.001495,0.000598,0.005897
1412,1,1,1,0.008074,0.953887,0.003367,0.007403,0.005226,0.003286,0.003587,0.002182,0.00255,0.010438
1413,1,1,1,0.011624,0.930961,0.012756,0.006185,0.005829,0.002152,0.007466,0.002364,0.004662,0.016001
1414,1,1,1,0.004286,0.942705,0.010726,0.003706,0.008477,0.006058,0.002297,0.002804,0.004114,0.014828
1415,1,1,1,0.005344,0.951128,0.005766,0.006726,0.002907,0.002818,0.003011,0.002189,0.001034,0.019078
1416,1,1,1,0.000514,0.995165,0.000355,0.000247,0.000553,0.00073,0.000151,0.000459,0.000248,0.001577
1417,1,1,1,0.01273,0.931115,0.0129,0.00602,0.009138,0.005195,0.002603,0.004146,0.003761,0.01239
1418,1,1,1,0.012846,0.946886,0.006597,0.00658,0.003083,0.00292,0.004475,0.002061,0.001601,0.01295
1419,1,1,1,0.011642,0.92124,0.010684,0.01123,0.004322,0.003439,0.007046,0.004011,0.005963,0.020423
1420,1,1,1,0.015324,0.935896,0.006373,0.009488,0.004703,0.002272,0.005126,0.002646,0.00436,0.013812
1421,1,1,1,2.2e-05,0.9999,1.6e-05,8e-06,1.2e-05,3e-06,5e-06,5e-06,6e-06,2.3e-05
1422,1,1,1,0.006167,0.974221,0.001832,0.000947,0.002432,0.0015,0.001155,0.001756,0.000816,0.009174
1423,1,1,1,0.010715,0.950383,0.008588,0.003199,0.002386,0.004238,0.00307,0.002387,0.003312,0.011722
1424,1,1,1,0.01017,0.915725,0.005276,0.01656,0.009994,0.007253,0.002742,0.004963,0.004066,0.023251
1425,1,1,1,0.003402,0.963529,0.004898,0.0068,0.003768,0.002072,0.001741,0.002395,0.001964,0.009431
1426,1,1,1,0.008267,0.930071,0.007687,0.010131,0.003316,0.006609,0.004908,0.001553,0.003405,0.024053
1427,1,1,1,0.006101,0.938508,0.013234,0.007911,0.007946,0.006062,0.003577,0.003838,0.001862,0.01096
1428,1,1,1,0.009441,0.954779,0.006786,0.006679,0.005425,0.003485,0.002205,0.002602,0.001648,0.006951
1429,1,1,1,0.002254,0.986884,0.00231,0.000854,0.001252,0.00147,0.000561,0.000998,0.000433,0.002983
1430,1,1,1,0.003778,0.975756,0.002917,0.004038,0.003235,0.00201,0.000524,0.00099,0.000598,0.006154
1431,1,1,1,0.003831,0.981221,0.002876,0.001482,0.002177,0.001218,0.000681,0.00033,0.00075,0.005435
1432,1,1,1,0.014055,0.932013,0.013016,0.006012,0.003938,0.007018,0.002156,0.004623,0.001505,0.015664
1433,1,1,1,0.01561,0.933501,0.008703,0.004603,0.002334,0.008,0.004215,0.003474,0.001949,0.01761
1434,1,1,1,0.016134,0.926845,0.006252,0.004612,0.005041,0.002293,0.006942,0.004281,0.003415,0.024186
1435,1,1,1,0.00149,0.992738,0.001435,0.000604,0.000472,0.000265,0.000416,0.000291,0.000543,0.001745
1436,1,1,1,0.010134,0.940842,0.005243,0.007324,0.004176,0.001723,0.001848,0.00331,0.003693,0.021705
1437,1,1,1,0.002708,0.965443,0.006891,0.00312,0.001203,0.002824,0.002044,0.00135,0.002489,0.011929
1438,1,1,1,0.004265,0.96285,0.00662,0.00152,0.00377,0.004081,0.003256,0.002037,0.002731,0.008871
1439,1,1,1,0.006473,0.916999,0.005391,0.005881,0.012579,0.003602,0.00599,0.005231,0.002507,0.035346
1440,1,1,1,0.006027,0.953681,0.002515,0.005035,0.006809,0.004899,0.003358,0.0012,0.001507,0.01497
1441,1,1,1,0.002497,0.96948,0.005676,0.005,0.001656,0.000962,0.00275,0.000657,0.002022,0.0093
1442,1,1,1,0.002988,0.948865,0.009711,0.009224,0.007037,0.001719,0.00233,0.002311,0.002797,0.013017
1443,1,1,1,0.009349,0.927618,0.009584,0.005769,0.002608,0.008697,0.004837,0.002006,0.002659,0.026874
1444,1,1,1,0.002801,0.981111,0.001929,0.000936,0.002993,0.001553,0.001873,0.000881,0.000477,0.005447
1445,1,1,1,0.001809,0.964859,0.005851,0.004797,0.002339,0.00254,0.002273,0.00337,0.002442,0.009719
1446,1,1,1,0.009363,0.959219,0.004038,0.004931,0.00315,0.002685,0.004046,0.002317,0.002091,0.00816
1447,1,1,1,0.001838,0.979788,0.001333,0.002173,0.001061,0.003267,0.00096,0.001935,0.001507,0.006138
1448,1,1,1,0.004996,0.946198,0.008231,0.00449,0.005151,0.005554,0.002435,0.005232,0.003874,0.013837
1449,1,1,1,9e-06,0.9999,5e-06,4e-06,1.8e-05,1.4e-05,5e-06,1.1e-05,4e-06,3e-05
1450,1,1,1,0.013693,0.919627,0.005538,0.00907,0.008444,0.004671,0.009636,0.006494,0.002276,0.020551
1451,1,1,1,1.7e-05,0.9999,1.9e-05,1.4e-05,9e-06,9e-06,8e-06,6e-06,2e-06,1.7e-05
1452,1,1,1,0.005616,0.931425,0.003822,0.005503,0.004728,0.006584,0.009534,0.002138,0.004091,0.026557
1453,1,1,1,0.000743,0.986358,0.002633,0.002358,0.000873,0.000721,0.00149,0.001097,0.000783,0.002943
1454,1,1,1,0.004192,0.978919,0.003147,0.000771,0.003064,0.001439,0.000448,0.000539,0.000725,0.006755
1455,1,1,1,2.2e-05,0.9999,1.3e-05,1e-05,6e-06,9e-06,6e-06,7e-06,2e-06,2.5e-05
1456,1,1,1,6e-06,0.9999,1.4e-05,1.7e-05,8e-06,1.3e-05,7e-06,2e-06,2e-06,3e-05
1457,1,1,1,0.00449,0.977978,0.001861,0.001666,0.002042,0.002517,0.000518,0.000932,0.001794,0.006201
1458,1,1,1,0.001859,0.963115,0.006306,0.006454,0.004834,0.00239,0.003617,0.001688,0.000938,0.008801
1459,1,1,1,0.001636,0.992555,0.000345,0.000671,0.000813,0.000562,0.000494,0.000242,0.000487,0.002195
1460,1,1,1,0.00524,0.93379,0.012013,0.005843,0.003656,0.005144,0.004924,0.003512,0.002808,0.023071
1461,1,1,1,0.002668,0.987467,0.001976,0.001175,0.001064,0.00069,0.000676,0.00073,0.000807,0.002747
1462,1,1,1,0.007747,0.945943,0.009296,0.00823,0.002385,0.001546,0.003759,0.004681,0.002872,0.01354
1463,1,1,1,0.002625,0.984535,0.002029,0.002339,0.000694,0.001631,0.000479,0.001209,0.000406,0.004052
1464,1,1,1,0.005931,0.955673,0.002779,0.005352,0.001767,0.002017,0.001345,0.005955,0.003509,0.015672
1465,1,1,1,0.00428,0.948391,0.004513,0.008218,0.004047,0.002242,0.005559,0.004763,0.002872,0.015114
1466,1,1,1,0.009599,0.925334,0.010762,0.010859,0.008149,0.008739,0.002527,0.004296,0.001601,0.018133
1467,1,1,1,0.002473,0.986903,0.002132,0.001641,0.001566,0.001289,0.000839,0.000471,0.000626,0.00206
1468,1,1,1,0.009797,0.951295,0.004302,0.003178,0.005583,0.006211,0.001732,0.000953,0.00185,0.015098
1469,1,1,1,0.005864,0.935851,0.012562,0.008509,0.00236,0.004898,0.002211,0.006631,0.00385,0.017266
1470,1,1,1,1.2e-05,0.9999,1.1e-05,9e-06,1.2e-05,1.3e-05,8e-06,6e-06,6e-06,2.4e-05
1471,1,1,1,0.009157,0.962686,0.004224,0.002879,0.00213,0.002739,0.003392,0.002566,0.002086,0.008142
1472,1,1,1,0.017025,0.924711,0.013973,0.008281,0.008964,0.003408,0.005734,0.003613,0.000963,0.013329
1473,1,1,1,0.002146,0.978627,0.001315,0.001775,0.003487,0.002229,0.000717,0.001222,0.000996,0.007484
1474,1,1,1,0.007661,0.933137,0.009503,0.009483,0.00564,0.005973,0.001973,0.004973,0.003653,0.018003
1475,1,1,1,0.011189,0.939537,0.002742,0.007038,0.002521,0.003189,0.003546,0.004929,0.005322,0.019988
1476,1,1,1,0.008751,0.913044,0.005751,0.011111,0.005201,0.007879,0.010652,0.00218,0.006031,0.0294
1477,1,1,1,0.006862,0.949299,0.008214,0.008682,0.001761,0.003687,0.002145,0.002466,0.003358,0.013525
1478,1,1,1,0.006345,0.949377,0.004891,0.003729,0.007956,0.004618,0.003432,0.003788,0.003358,0.012505
1479,1,1,1,0.013273,0.944605,0.003084,0.003236,0.002735,0.008126,0.004266,0.001132,0.002916,0.016626
1480,1,1,1,0.005991,0.968747,0.005799,0.002407,0.002707,0.001919,0.000705,0.00161,0.001926,0.00819
1481,1,1,1,0.004474,0.929419,0.004459,0.013905,0.008734,0.005653,0.005051,0.002792,0.00601,0.019503
1482,1,1,1,0.002401,0.964304,0.002909,0.002714,0.005036,0.003603,0.003073,0.002323,0.00333,0.010307
1483,1,1,1,0.006336,0.965041,0.004764,0.001746,0.001282,0.001885,0.002085,0.003361,0.00173,0.011771
1484,1,1,1,0.0034,0.93516,0.009518,0.005357,0.007269,0.004349,0.007419,0.003136,0.002408,0.021984
1485,1,1,1,0.002068,0.98584,0.001121,0.002005,0.001306,0.000711,0.000587,0.001022,0.000937,0.004403
1486,1,1,1,0.006005,0.967262,0.005923,0.001646,0.003873,0.002225,0.00324,0.000634,0.000762,0.00843
1487,1,1,1,0.008581,0.951074,0.005354,0.006128,0.006856,0.004745,0.002266,0.003006,0.000702,0.011288
1488,1,1,1,0.004681,0.947119,0.009413,0.004838,0.004752,0.006344,0.00217,0.004788,0.002319,0.013576
1489,1,1,1,0.003081,0.987157,0.001483,0.001087,0.001614,0.000988,0.000451,0.000639,0.000523,0.002978
1490,1,1,1,0.000511,0.99617,0.000539,0.000531,0.000462,0.000366,8.2e-05,0.000141,0.000127,0.001071
1491,1,1,1,0.003881,0.978446,0.004371,0.001574,0.002548,0.00157,0.00178,0.001289,0.000654,0.003888
1492,1,1,1,0.019686,0.909656,0.011864,0.009527,0.009185,0.006809,0.006893,0.002043,0.002858,0.021479
1493,1,1,1,0.006803,0.963871,0.007186,0.003466,0.003236,0.000966,0.002545,0.002825,0.002048,0.007055
1494,1,1,1,0.013624,0.942114,0.005083,0.003835,0.003119,0.007878,0.002152,0.002597,0.00363,0.015969
1495,1,1,1,0.005503,0.947937,0.007894,0.007112,0.002766,0.004969,0.004939,0.003973,0.002797,0.012108
1496,1,1,1,0.004463,0.976818,0.003006,0.001428,0.002036,0.001887,0.000761,0.001868,0.000837,0.006896
1497,1,1,1,1e-05,0.9999,1.5e-05,1.3e-05,7e-06,1.2e-05,9e-06,4e-06,4e-06,2.5e-05
1498,1,1,1,0.007704,0.945679,0.005514,0.004149,0.00238,0.002589,0.004008,0.00448,0.003022,0.020475
1499,1,1,1,0.006848,0.891834,0.02152,0.008057,0.01069,0.014466,0.00746,0.008382,0.00468,0.026064
1500,1,1,1,0.01495,0.939304,0.008034,0.005578,0.002301,0.0041,0.002898,0.00178,0.00157,0.019484
1501,1,1,1,0.005799,0.971295,0.0057,0.001002,0.001038,0.001084,0.002212,0.000896,0.000759,0.010216
1502,1,1,1,0.002399,0.958621,0.007097,0.001976,0.002162,0.006808,0.00406,0.001803,0.001479,0.013595
1503,1,1,1,0.006722,0.928555,0.01105,0.010753,0.010111,0.00396,0.002806,0.001422,0.004107,0.020513
1504,1,1,1,0.009384,0.961428,0.003697,0.004036,0.001148,0.001667,0.003062,0.002692,0.003155,0.009732
1505,1,1,1,0.012369,0.941633,0.003446,0.004223,0.005032,0.003277,0.005161,0.005677,0.00448,0.014703
1506,1,1,1,0.00745,0.95956,0.004521,0.006325,0.00487,0.002405,0.001434,0.002948,0.001381,0.009105
1507,1,1,1,0.005227,0.962349,0.002596,0.006789,0.005071,0.003596,0.000785,0.002758,0.000986,0.009843
1508,1,1,1,0.012353,0.945106,0.005039,0.00203,0.005374,0.00384,0.003635,0.002061,0.001622,0.018939
1509,1,1,1,0.004483,0.93152,0.013912,0.009349,0.003409,0.004882,0.003036,0.003548,0.002711,0.023149
1510,1,1,1,0.006801,0.945977,0.010651,0.008855,0.005191,0.003664,0.003378,0.000974,0.002795,0.011714
1511,1,1,1,0.00558,0.897387,0.015946,0.009885,0.003852,0.009244,0.008081,0.006745,0.00595,0.037331
1512,1,1,1,0.012487,0.946252,0.004208,0.003024,0.003193,0.005153,0.003941,0.003396,0.001636,0.016712
1513,1,1,1,0.001181,0.979373,0.002456,0.001013,0.001529,0.002766,0.000955,0.001857,0.001424,0.007447
1514,1,1,1,0.00405,0.95991,0.002876,0.002598,0.004193,0.005913,0.001784,0.002463,0.001351,0.014862
1515,1,1,1,0.000214,0.996619,0.000711,0.000428,0.000334,0.00035,0.000302,0.000233,0.000161,0.000649
1516,1,1,1,0.00647,0.951952,0.003475,0.002036,0.008738,0.00466,0.001483,0.004334,0.001749,0.015103
1517,1,1,1,0.001478,0.992846,0.00089,0.000985,0.000611,0.000395,0.00024,0.000401,0.000188,0.001967
1518,1,1,1,0.002858,0.966119,0.003241,0.005908,0.003285,0.004256,0.001845,0.001041,0.001646,0.0098
1519,1,1,1,0.014454,0.93409,0.005062,0.00797,0.004743,0.006959,0.003807,0.003231,0.00378,0.015903
1520,1,1,1,0.007544,0.955936,0.002135,0.008478,0.001999,0.002569,0.003324,0.002666,0.003083,0.012266
1521,1,1,1,0.009183,0.942628,0.009409,0.008833,0.004292,0.004604,0.00324,0.003692,0.002337,0.011782
1522,1,1,1,0.002407,0.975999,0.005126,0.001373,0.003345,0.000884,0.000622,0.000663,0.002385,0.007196
1523,1,1,1,0.014427,0.933939,0.003775,0.011047,0.004657,0.003534,0.001568,0.003989,0.004614,0.01845
1524,1,1,1,0.005777,0.971123,0.003234,0.003339,0.003334,0.001029,0.002539,0.001244,0.000658,0.007723
1525,1,1,1,2.3e-05,0.9999,1.8e-05,6e-06,7e-06,9e-06,5e-06,3e-06,2e-06,2.8e-05
1526,1,1,1,0.001441,0.98179,0.002985,0.000968,0.0016,0.001347,0.002288,0.001724,0.001314,0.004542
1527,1,1,1,0.002996,0.95435,0.00464,0.008143,0.004789,0.001457,0.005818,0.003907,0.000883,0.013016
1528,1,1,1,0.007971,0.947335,0.002334,0.002976,0.007832,0.005122,0.001638,0.003766,0.003704,0.017323
1529,1,1,1,0.002168,0.982548,0.002135,0.001536,0.002004,0.001147,0.000976,0.000925,0.001379,0.005181
1530,1,1,1,0.018843,0.906576,0.010194,0.009838,0.009997,0.00711,0.00748,0.00453,0.006351,0.01908
1531,1,1,1,0.005798,0.928123,0.014203,0.006019,0.008844,0.007265,0.005267,0.001929,0.004565,0.017987
1532,1,1,1,0.00276,0.973748,0.002209,0.001251,0.00105,0.001454,0.002343,0.001347,0.002904,0.010932
1533,1,1,1,0.000178,0.999216,8.2e-05,8.6e-05,0.000109,3e-05,7.4e-05,1.9e-05,1.2e-05,0.000195
1534,1,1,1,0.004458,0.95248,0.010035,0.002745,0.005588,0.001799,0.00421,0.003968,0.001745,0.012973
1535,1,1,1,0.018037,0.907778,0.00923,0.00934,0.01342,0.006979,0.00562,0.006815,0.00452,0.018261
1536,1,1,1,0.004711,0.941927,0.009946,0.008393,0.005394,0.003135,0.004472,0.00505,0.001616,0.015356
1537,1,1,1,0.003246,0.940381,0.008269,0.005562,0.006457,0.005405,0.005978,0.003235,0.005161,0.016307
1538,1,1,1,0.004179,0.941389,0.004332,0.004746,0.009374,0.008137,0.002777,0.005791,0.004534,0.014741
1539,1,1,1,1.9e-05,0.9999,1.2e-05,9e-06,8e-06,8e-06,5e-06,4e-06,6e-06,2.9e-05
1540,1,1,1,2e-05,0.9999,1.9e-05,4e-06,7e-06,7e-06,6e-06,9e-06,3e-06,2.5e-05
1541,1,1,1,0.006709,0.945931,0.005285,0.006198,0.008953,0.006342,0.002661,0.001663,0.002211,0.014046
1542,1,1,1,0.007995,0.962092,0.003506,0.004478,0.003699,0.004022,0.000996,0.000878,0.002436,0.009897
1543,1,1,1,0.001416,0.9823,0.00221,0.003227,0.002569,0.001728,0.001241,0.000427,0.000294,0.004588
1544,1,1,1,0.005155,0.952392,0.009285,0.006161,0.006309,0.003932,0.003072,0.000924,0.00106,0.011709
1545,1,1,1,0.004322,0.961392,0.0024,0.007948,0.001591,0.001294,0.001054,0.00469,0.003183,0.012126
1546,1,1,1,1.5e-05,0.9999,9e-06,8e-06,1.5e-05,3e-06,9e-06,3e-06,5e-06,3.3e-05
1547,1,1,1,0.016252,0.926289,0.004682,0.010831,0.006417,0.005304,0.002864,0.002921,0.003145,0.021296
1548,1,1,1,0.007148,0.950545,0.005944,0.00874,0.003074,0.004436,0.004283,0.002115,0.003238,0.010478
1549,1,1,1,0.005184,0.975181,0.004309,0.002809,0.001153,0.001617,0.001859,0.000453,0.000459,0.006978
1550,1,1,1,0.006989,0.972003,0.00158,0.00378,0.001666,0.001629,0.001408,0.001071,0.001445,0.008428
1551,1,1,1,0.00686,0.948018,0.010647,0.006331,0.005187,0.004496,0.00204,0.00315,0.00304,0.010229
1552,1,1,1,0.007161,0.944127,0.005798,0.002566,0.008805,0.006647,0.003185,0.004614,0.00244,0.014658
1553,1,1,1,0.015507,0.936267,0.00997,0.008512,0.004162,0.005453,0.004007,0.003087,0.002368,0.010667
1554,1,1,1,2.2e-05,0.9999,7e-06,1.6e-05,5e-06,5e-06,3e-06,1e-05,4e-06,2.9e-05
1555,1,1,1,0.003098,0.946961,0.003899,0.007024,0.005816,0.003505,0.002686,0.002326,0.001424,0.023261
1556,1,1,1,0.001384,0.988331,0.001779,0.000999,0.000532,0.001425,0.001353,0.000379,0.000304,0.003513
1557,1,1,1,0.007137,0.961644,0.006917,0.004832,0.002038,0.002234,0.002367,0.002157,0.002512,0.008163
1558,1,1,1,0.004532,0.976909,0.001074,0.004246,0.002227,0.00119,0.002449,0.001042,0.000677,0.005655
1559,1,1,1,5e-06,0.9999,1.6e-05,1.9e-05,4e-06,1.2e-05,6e-06,5e-06,7e-06,2.5e-05
1560,1,1,1,0.021942,0.898866,0.00749,0.007381,0.014685,0.010941,0.008255,0.005591,0.004123,0.020725
1561,1,1,1,0.008984,0.930337,0.003086,0.00552,0.004914,0.010106,0.003624,0.001687,0.00189,0.029852
1562,1,1,1,1.6e-05,0.9999,1.9e-05,1.5e-05,3e-06,1e-05,7e-06,6e-06,5e-06,1.8e-05
1563,1,1,1,0.003078,0.984895,0.002197,0.001468,0.001388,0.001094,0.000944,0.001017,0.000866,0.003053
1564,1,1,1,0.002617,0.986588,0.000922,0.001789,0.000427,0.00104,0.000766,0.00058,0.000769,0.004501
1565,1,1,1,0.003733,0.946585,0.011736,0.007445,0.002556,0.003031,0.002527,0.001844,0.002779,0.017764
1566,1,1,1,0.008874,0.95629,0.003754,0.007757,0.004392,0.003366,0.001016,0.00118,0.000993,0.012377
1567,1,1,1,0.016185,0.931829,0.012514,0.002494,0.007546,0.005936,0.002444,0.001806,0.003906,0.015339
1568,1,1,1,0.012691,0.941526,0.007184,0.005873,0.004786,0.00483,0.004786,0.002222,0.001101,0.015
1569,1,1,1,0.000841,0.990134,0.001907,0.001132,0.000599,0.000289,0.001187,0.000825,0.000644,0.002442
1570,1,1,1,0.00243,0.969299,0.00232,0.005529,0.003205,0.002509,0.003455,0.001984,0.000519,0.00875
1571,1,1,1,0.007589,0.965612,0.005588,0.002895,0.003873,0.002963,0.001498,0.000833,0.001594,0.007554
1572,1,1,1,0.015091,0.920354,0.015831,0.009693,0.008466,0.007237,0.004809,0.002991,0.002198,0.01333
1573,1,1,1,0.004103,0.964144,0.00393,0.006399,0.001227,0.00177,0.003025,0.000823,0.002667,0.011912
1574,1,1,1,0.011795,0.941008,0.00243,0.00506,0.005666,0.002615,0.002175,0.004508,0.005029,0.019715
1575,1,1,1,0.003441,0.979589,0.002455,0.002333,0.001953,0.002069,0.000603,0.001603,0.001234,0.004719
1576,1,1,1,0.008592,0.94542,0.006214,0.002298,0.002673,0.008276,0.004853,0.005411,0.003076,0.013185
1577,1,1,1,0.012191,0.942802,0.011245,0.003583,0.006638,0.005797,0.004348,0.001644,0.001759,0.009993
1578,1,1,1,0.00233,0.957811,0.004266,0.003095,0.00223,0.002345,0.004328,0.004009,0.001371,0.018214
1579,1,1,1,0.00513,0.929415,0.016032,0.010063,0.004474,0.002608,0.005335,0.004485,0.001477,0.020982
1580,1,1,1,0.003093,0.984697,0.002454,0.002269,0.000494,0.001347,0.001339,0.000965,0.000532,0.002811
1581,1,1,1,0.007431,0.967867,0.004485,0.001417,0.002458,0.003859,0.001403,0.0025,0.000589,0.007992
1582,1,1,1,0.005002,0.935359,0.004107,0.013269,0.002147,0.009158,0.001811,0.006176,0.003014,0.019957
1583,1,1,1,7e-06,0.9999,8e-06,2e-05,1.5e-05,5e-06,5e-06,3e-06,8e-06,2.8e-05
1584,1,1,1,0.009408,0.955717,0.005024,0.005843,0.001809,0.004386,0.00382,0.00261,0.001112,0.010271
1585,1,1,1,0.007024,0.946618,0.008636,0.008488,0.004833,0.004782,0.004284,0.002278,0.001274,0.011783
1586,1,1,1,0.009881,0.922614,0.014514,0.005752,0.003649,0.010668,0.004356,0.004732,0.002476,0.021358
1587,1,1,1,0.003869,0.977672,0.004207,0.002728,0.001164,0.001772,0.000432,0.000595,0.001271,0.00629
1588,1,1,1,0.006766,0.959071,0.007273,0.004465,0.005459,0.001692,0.002936,0.001187,0.001115,0.010036
1589,1,1,1,0.0051,0.914013,0.005212,0.009758,0.016021,0.005255,0.003238,0.002094,0.003618,0.035692
1590,1,1,1,0.000592,0.995539,0.000458,0.000476,0.000233,0.000485,0.000166,0.000254,0.000441,0.001357
1591,1,1,1,0.001296,0.989693,0.001386,0.000801,0.001246,0.001236,0.000344,0.000511,0.000306,0.003182
1592,1,1,1,0.007554,0.92335,0.010211,0.00617,0.003152,0.002508,0.006715,0.002512,0.008616,0.02921
1593,1,1,1,0.006361,0.89726,0.013662,0.008918,0.009792,0.014482,0.00387,0.004833,0.00552,0.035301
1594,1,1,1,1.6e-05,0.9999,1.4e-05,8e-06,1.1e-05,7e-06,8e-06,4e-06,5e-06,2.7e-05
1595,1,1,1,0.004542,0.964549,0.002537,0.00267,0.005936,0.001056,0.001813,0.002487,0.001351,0.013059
1596,1,1,1,0.00143,0.99396,0.000332,0.000831,0.000532,0.000548,0.000247,0.000385,0.000364,0.001371
1597,1,1,1,0.01024,0.948614,0.002224,0.006361,0.00739,0.002473,0.002419,0.004298,0.003221,0.01276
1598,1,1,1,0.010146,0.941258,0.010195,0.00599,0.002806,0.004423,0.00392,0.001697,0.001055,0.01851
1599,1,1,1,0.014935,0.926683,0.011906,0.006225,0.00476,0.005189,0.002651,0.005434,0.004314,0.017903
1600,1,1,1,0.00848,0.918769,0.00654,0.008633,0.012574,0.007665,0.006079,0.002164,0.004201,0.024896
1601,1,1,1,0.001691,0.981058,0.001707,0.00092,0.001714,0.001863,0.001085,0.001162,0.000841,0.007959
1602,1,1,1,0.002266,0.965267,0.005293,0.002103,0.003313,0.001279,0.002937,0.002754,0.002924,0.011864
1603,1,1,1,0.002923,0.958559,0.009551,0.004627,0.004715,0.001848,0.001652,0.002003,0.00081,0.013315
1604,1,1,1,1.4e-05,0.999816,1.8e-05,2.6e-05,1.8e-05,1e-05,1.2e-05,8e-06,6e-06,7.3e-05
1605,1,1,1,0.007824,0.962932,0.006089,0.003644,0.00343,0.003251,0.000755,0.002268,0.001552,0.008255
1606,1,1,1,0.003356,0.934538,0.013565,0.010359,0.003561,0.004582,0.003489,0.001799,0.004123,0.020628
1607,1,1,1,0.018481,0.921345,0.00635,0.007289,0.005574,0.004972,0.005055,0.005852,0.001389,0.023692
1608,1,1,1,0.0003,0.994478,0.000549,0.000394,0.000348,0.000776,0.00062,0.000226,0.000212,0.002097
1609,1,1,1,0.001206,0.984235,0.00207,0.002277,0.000971,0.000711,0.000628,0.001837,0.000551,0.005514
1610,1,1,1,0.009135,0.916891,0.013859,0.004856,0.003462,0.011925,0.005771,0.001757,0.00404,0.028303
1611,1,1,1,0.013199,0.915721,0.013284,0.013211,0.003197,0.008397,0.003047,0.002418,0.001973,0.025553
1612,1,1,1,0.003393,0.967135,0.00454,0.004014,0.003879,0.004089,0.003061,0.002272,0.001778,0.005838
1613,1,1,1,2.5e-05,0.9999,1.7e-05,5e-06,1.3e-05,6e-06,6e-06,7e-06,3e-06,1.9e-05
1614,1,1,1,0.008565,0.919069,0.007385,0.006032,0.011594,0.009677,0.002035,0.004675,0.003874,0.027093
1615,1,1,1,0.011668,0.925726,0.014741,0.010767,0.002711,0.006496,0.00642,0.00206,0.003689,0.015723
1616,1,1,1,0.003797,0.973971,0.005155,0.002837,0.002813,0.00088,0.00162,0.001409,0.000724,0.006794
1617,1,1,1,0.003356,0.955418,0.009548,0.004805,0.004605,0.005052,0.001692,0.002491,0.001535,0.011497
1618,1,1,1,0.00729,0.937382,0.004273,0.004373,0.006327,0.00888,0.002866,0.006024,0.002125,0.020459
1619,1,1,1,0.008054,0.95456,0.005742,0.005537,0.001678,0.004744,0.003137,0.003269,0.001519,0.011761
1620,1,1,1,0.006072,0.972329,0.001209,0.004141,0.003347,0.002645,0.00193,0.001853,0.00126,0.005213
1621,1,1,1,0.001285,0.980739,0.001492,0.003271,0.002344,0.00072,0.001904,0.001205,0.001486,0.005554
1622,1,1,1,0.017768,0.901019,0.00499,0.013428,0.015305,0.00262,0.003588,0.004981,0.004567,0.031734
1623,1,1,1,0.001184,0.983791,0.003499,0.002065,0.001897,0.000773,0.000455,0.001347,0.000849,0.004141
1624,1,1,1,0.010419,0.929712,0.013893,0.003003,0.003659,0.007967,0.004711,0.005531,0.002381,0.018724
1625,1,1,1,0.008018,0.944234,0.00723,0.005813,0.002042,0.001952,0.005602,0.005704,0.002437,0.016968
1626,1,1,1,0.009437,0.951552,0.004097,0.002793,0.004033,0.002095,0.003447,0.004725,0.002715,0.015108
1627,1,1,1,0.012354,0.950213,0.004639,0.001961,0.003454,0.002301,0.004147,0.004101,0.002701,0.014129
1628,1,1,1,0.00095,0.992764,0.000616,0.000966,0.000813,0.000552,0.000404,0.000733,0.00045,0.001751
1629,1,1,1,0.006526,0.968276,0.006063,0.004233,0.002312,0.000946,0.000724,0.002297,0.002032,0.006591
1630,1,1,1,0.003866,0.975174,0.00478,0.003771,0.002453,0.001019,0.001758,0.001741,0.000972,0.004467
1631,1,1,1,0.009116,0.942843,0.006953,0.00929,0.003174,0.002541,0.005051,0.001841,0.003446,0.015746
1632,1,1,1,0.010717,0.941947,0.003706,0.005673,0.007044,0.006034,0.00384,0.003767,0.003168,0.014105
1633,1,1,1,0.002992,0.973167,0.002611,0.001149,0.004536,0.003129,0.000945,0.002231,0.002024,0.007217
1634,1,1,1,0.012776,0.947239,0.004013,0.005122,0.001794,0.00372,0.006057,0.003399,0.001291,0.014587
1635,1,1,1,0.008153,0.965918,0.003234,0.002454,0.004548,0.00137,0.002975,0.002204,0.001132,0.008011
1636,1,1,1,0.005175,0.941414,0.011916,0.008127,0.006131,0.003921,0.002601,0.004317,0.00365,0.012747
1637,1,1,1,0.006898,0.954794,0.00927,0.004532,0.005716,0.001024,0.001691,0.001154,0.001467,0.013454
1638,1,1,1,0.011187,0.948227,0.004265,0.007086,0.002247,0.004642,0.004233,0.003346,0.001742,0.013024
1639,1,1,1,0.008022,0.92568,0.011789,0.013552,0.004435,0.003321,0.003095,0.007344,0.004889,0.017873
1640,1,1,1,0.004593,0.972566,0.005178,0.001315,0.003199,0.002779,0.00219,0.000556,0.001466,0.006158
1641,1,1,1,0.000783,0.994448,0.000683,0.000922,0.000236,0.000175,0.000675,0.000204,0.000128,0.001746
1642,1,1,1,0.004241,0.94488,0.009097,0.010441,0.001813,0.003878,0.001461,0.001581,0.00151,0.021099
1643,1,1,1,0.014302,0.928496,0.01157,0.006814,0.009407,0.007302,0.001527,0.004984,0.003458,0.01214
1644,1,1,1,0.004856,0.968652,0.001369,0.005836,0.001769,0.000969,0.003511,0.00218,0.001269,0.009589
1645,1,1,1,0.011585,0.912901,0.012078,0.013799,0.007683,0.002208,0.00746,0.00377,0.005058,0.023459
1646,1,1,1,0.018991,0.911511,0.01176,0.013977,0.010135,0.007846,0.005838,0.00371,0.002084,0.014149
1647,1,1,1,0.006739,0.960807,0.003867,0.006494,0.001442,0.003526,0.003625,0.003026,0.001863,0.008611
1648,1,1,1,0.00573,0.947168,0.004535,0.00664,0.004261,0.00175,0.002329,0.00688,0.001842,0.018866
1649,1,1,1,0.009913,0.953459,0.002987,0.003133,0.005199,0.002014,0.002284,0.002206,0.00221,0.016596
1650,1,1,1,0.001123,0.980401,0.00368,0.002902,0.000904,0.001728,0.002206,0.000413,0.00082,0.005823
1651,1,1,1,0.001591,0.970678,0.005779,0.002141,0.004698,0.002051,0.003177,0.001965,0.001219,0.006701
1652,1,1,1,1.4e-05,0.9999,1.9e-05,1.6e-05,1.2e-05,9e-06,2e-06,6e-06,3e-06,1.9e-05
1653,1,1,1,0.001531,0.988184,0.001764,0.00182,0.001357,0.00068,0.000872,0.000245,0.000844,0.002702
1654,1,1,1,0.004651,0.977146,0.001835,0.001933,0.000872,0.001844,0.001876,0.001351,0.000609,0.007883
1655,1,1,1,1.8e-05,0.9999,1.2e-05,1.4e-05,1e-05,4e-06,4e-06,6e-06,3e-06,2.9e-05
1656,1,1,1,0.003939,0.959982,0.008272,0.001418,0.004105,0.003108,0.001703,0.001917,0.002262,0.013295
1657,1,1,1,0.008916,0.951391,0.006353,0.007626,0.001988,0.001405,0.00216,0.002517,0.003437,0.014207
1658,1,1,1,1.4e-05,0.9999,1.6e-05,1.2e-05,3e-06,7e-06,8e-06,8e-06,7e-06,2.5e-05
1659,1,1,1,0.002716,0.974649,0.001955,0.001099,0.004877,0.003652,0.001841,0.000766,0.001699,0.006745
1660,1,1,1,0.009006,0.948591,0.008621,0.005558,0.003533,0.005089,0.002142,0.002803,0.002505,0.012151
1661,1,1,1,0.013667,0.919633,0.01307,0.009957,0.010754,0.004649,0.006441,0.002382,0.003054,0.016393
1662,1,1,1,0.01435,0.940303,0.004518,0.004739,0.002547,0.00182,0.004761,0.003017,0.00416,0.019783
1663,1,1,1,0.004407,0.98201,0.001207,0.001052,0.000997,0.000898,0.001943,0.001601,0.000641,0.005243
1664,1,1,1,1.3e-05,0.9999,1.4e-05,1.7e-05,7e-06,9e-06,1e-05,4e-06,3e-06,2.2e-05
1665,1,1,1,7e-06,0.9999,1.9e-05,1.8e-05,3e-06,7e-06,9e-06,4e-06,8e-06,2.5e-05
1666,1,1,1,0.004311,0.954179,0.007639,0.005774,0.003438,0.002436,0.005334,0.001312,0.003573,0.012003
1667,1,1,1,0.015282,0.924122,0.013161,0.011678,0.007709,0.006436,0.00523,0.003726,0.000931,0.011725
1668,1,1,1,0.001905,0.988922,0.001085,0.001293,0.001494,0.000421,0.00082,0.000494,0.000661,0.002905
1669,1,1,1,0.000536,0.99608,0.000349,0.000627,0.000304,0.000264,0.000242,0.000103,0.000322,0.001171
1670,1,1,1,0.000777,0.994254,0.000916,0.000758,0.000261,0.000267,0.000431,0.000384,0.00048,0.001472
1671,1,1,1,0.007358,0.963223,0.002953,0.00234,0.002495,0.003424,0.001786,0.003436,0.001456,0.011528
1672,1,1,1,0.004766,0.91799,0.004317,0.017637,0.008055,0.004475,0.002194,0.008942,0.004328,0.027296
1673,1,1,1,0.005431,0.957614,0.008391,0.001786,0.001634,0.00545,0.003991,0.002368,0.000867,0.012469
1674,1,1,1,0.00784,0.93297,0.014436,0.009886,0.002078,0.002074,0.004778,0.004472,0.002272,0.019194
1675,1,1,1,0.009553,0.912042,0.013431,0.014396,0.00578,0.0063,0.007882,0.006815,0.003674,0.020128
1676,1,1,1,1.8e-05,0.9999,1.4e-05,4e-06,8e-06,1e-05,5e-06,9e-06,4e-06,2.7e-05
1677,1,1,1,0.015762,0.907156,0.009878,0.004142,0.015046,0.010904,0.007244,0.006051,0.003152,0.020665
1678,1,1,1,0.001555,0.971154,0.005724,0.004296,0.002563,0.002575,0.001757,0.001317,0.000539,0.00852
1679,1,1,1,0.002311,0.971883,0.004899,0.003562,0.003535,0.001418,0.001604,0.00167,0.001429,0.007689
1680,1,1,1,0.001988,0.97804,0.001926,0.004285,0.003314,0.001179,0.001789,0.00063,0.000815,0.006035
1681,1,1,1,0.007727,0.968099,0.001734,0.003567,0.001242,0.000919,0.003675,0.002996,0.000832,0.009209
1682,1,1,1,0.000364,0.992736,0.0005,0.00128,0.0005,0.000705,0.00072,0.000244,0.00044,0.00251
1683,1,1,1,0.002584,0.984309,0.00156,0.000857,0.001001,0.000628,0.001663,0.000809,0.000678,0.00591
1684,1,1,1,2.2e-05,0.9999,9e-06,5e-06,8e-06,8e-06,1.1e-05,2e-06,3e-06,2.9e-05
1685,1,1,1,0.004167,0.983263,0.001223,0.001032,0.001032,0.000653,0.001243,0.000529,0.000537,0.00632
1686,1,1,1,0.016816,0.908335,0.006292,0.005987,0.003304,0.004877,0.003723,0.007514,0.00924,0.033911
1687,1,1,1,0.004378,0.972162,0.002029,0.003765,0.001806,0.003745,0.001623,0.001726,0.001035,0.007732
1688,1,1,1,0.002765,0.985244,0.00165,0.002085,0.001844,0.000618,0.001243,0.000449,0.0003,0.003804
1689,1,1,1,0.013177,0.913908,0.011572,0.015286,0.006065,0.004707,0.005804,0.004125,0.005014,0.020342
1690,1,1,1,0.013776,0.913313,0.012929,0.007831,0.012277,0.002943,0.005379,0.001963,0.006574,0.023014
1691,1,1,1,0.005657,0.962106,0.007416,0.003814,0.004443,0.003677,0.000684,0.002476,0.001218,0.008508
1692,1,1,1,0.001072,0.987267,0.001105,0.001265,0.001717,0.000509,0.000909,0.001383,0.000588,0.004184
1693,1,1,1,0.001123,0.994534,0.000685,0.00051,0.000223,0.000301,0.00043,0.000431,0.000272,0.00149
1694,1,1,1,0.009278,0.962337,0.002207,0.004282,0.005338,0.003328,0.003188,0.001622,0.001321,0.007099
1695,1,1,1,0.010887,0.941585,0.004612,0.007497,0.005609,0.006161,0.005288,0.004418,0.001051,0.012892
1696,1,1,1,2.1e-05,0.9999,1.9e-05,1.1e-05,5e-06,1e-05,5e-06,6e-06,5e-06,1.9e-05
1697,1,1,1,0.006876,0.93135,0.015061,0.008393,0.004201,0.005838,0.0062,0.003797,0.002938,0.015346
1698,1,1,1,0.003401,0.971502,0.004397,0.003136,0.004259,0.002664,0.000608,0.001815,0.000561,0.007655
1699,1,1,1,0.0082,0.965065,0.002595,0.003833,0.002833,0.002543,0.002357,0.003073,0.00083,0.008671
1700,1,1,1,0.001247,0.990107,0.000567,0.001396,0.001296,0.000984,0.000626,0.00065,0.000464,0.002662
1701,1,1,1,0.008439,0.946725,0.009927,0.005757,0.004002,0.003759,0.004687,0.003632,0.000992,0.012081
1702,1,1,1,0.014861,0.940277,0.002586,0.007553,0.003946,0.004767,0.003374,0.001975,0.003617,0.017045
1703,1,1,1,0.004095,0.957996,0.002289,0.0037,0.001787,0.006899,0.002836,0.005077,0.001933,0.013388
1704,1,1,1,0.012019,0.926641,0.003443,0.00434,0.005673,0.007583,0.008289,0.003794,0.003525,0.024694
1705,1,1,1,0.007132,0.928855,0.015161,0.006284,0.007182,0.003157,0.003887,0.006038,0.002427,0.019876
1706,1,1,1,0.005169,0.932541,0.009751,0.00868,0.004555,0.005042,0.00765,0.005942,0.001838,0.018833
1707,1,1,1,0.017547,0.92752,0.012896,0.009959,0.003786,0.002345,0.00171,0.004511,0.00228,0.017446
1708,1,1,1,0.016523,0.933342,0.007353,0.009959,0.003895,0.002417,0.004377,0.002894,0.003229,0.016012
1709,1,1,1,0.010203,0.954385,0.003345,0.005001,0.005585,0.002664,0.001782,0.00423,0.001932,0.010874
1710,1,1,1,0.00835,0.932206,0.014286,0.00668,0.003947,0.004394,0.006631,0.0027,0.003578,0.017228
1711,1,1,1,0.010259,0.949009,0.008334,0.003482,0.002959,0.001337,0.002741,0.003821,0.004073,0.013985
1712,1,1,1,6e-06,0.9999,2e-05,1.7e-05,1e-05,4e-06,4e-06,8e-06,4e-06,2.7e-05
1713,1,1,1,0.007252,0.925394,0.014056,0.003582,0.006107,0.005621,0.00257,0.003851,0.002257,0.02931
1714,1,1,1,0.002851,0.969449,0.002346,0.004408,0.001946,0.002544,0.003218,0.003179,0.000699,0.00936
1715,1,1,1,0.012128,0.94218,0.006372,0.004461,0.001855,0.005748,0.006556,0.001655,0.004244,0.0148
1716,1,1,1,0.006543,0.967917,0.001722,0.004889,0.001618,0.002191,0.002356,0.003185,0.001812,0.007766
1717,1,1,1,0.009777,0.936819,0.008667,0.007651,0.008047,0.005853,0.00119,0.002688,0.001873,0.017435
1718,1,1,1,0.0159,0.921829,0.008123,0.012348,0.009908,0.00515,0.00622,0.004211,0.002173,0.014139
1719,1,1,1,0.010471,0.956572,0.007343,0.00427,0.002841,0.003716,0.002333,0.001319,0.002478,0.008657
1720,1,1,1,0.00147,0.990329,0.002023,0.001413,0.000505,0.000752,0.00069,0.000379,0.0003,0.002141
1721,1,1,1,0.00093,0.995837,0.000671,0.000559,0.000216,0.000269,0.000168,0.000233,8.2e-05,0.001034
1722,1,1,1,2.5e-05,0.9999,4e-06,1.7e-05,3e-06,3e-06,4e-06,5e-06,7e-06,3.3e-05
1723,1,1,1,0.002849,0.982969,0.003201,0.000709,0.000999,0.001656,0.001639,0.001484,0.000329,0.004166
1724,1,1,1,0.004771,0.947955,0.005427,0.006114,0.005516,0.005339,0.003362,0.004252,0.003218,0.014046
1725,1,1,1,0.001785,0.983285,0.001596,0.002053,0.001956,0.001186,0.001416,0.0013,0.000427,0.004996
1726,1,1,1,2.4e-05,0.9999,1e-05,1.5e-05,1.1e-05,8e-06,4e-06,4e-06,5e-06,2e-05
1727,1,1,1,0.00384,0.949443,0.01024,0.009008,0.005239,0.005198,0.001832,0.003647,0.000738,0.010814
1728,1,1,1,0.005586,0.970833,0.004989,0.001323,0.001325,0.003464,0.000939,0.001977,0.002159,0.007405
1729,1,1,1,1.8e-05,0.9999,1.4e-05,1.2e-05,3e-06,1e-05,1e-05,5e-06,4e-06,2.4e-05
1730,1,1,1,0.009668,0.939781,0.006016,0.00697,0.00764,0.003914,0.004974,0.00385,0.001468,0.015719
1731,1,1,1,0.003331,0.961331,0.004241,0.004442,0.002721,0.005856,0.002936,0.001562,0.001048,0.012533
1732,1,1,1,0.001018,0.981994,0.001333,0.001065,0.003112,0.002536,0.001774,0.000906,0.001137,0.005124
1733,1,1,1,0.000761,0.992257,0.000492,0.000393,0.001365,0.000917,0.000924,0.000518,0.000202,0.002172
1734,1,1,1,0.008332,0.939874,0.010019,0.003904,0.006169,0.005279,0.002305,0.005247,0.001054,0.017817
1735,1,1,1,0.002975,0.965551,0.002551,0.006972,0.005091,0.001565,0.002025,0.001118,0.000853,0.0113
1736,1,1,1,0.014117,0.936056,0.003242,0.005154,0.006655,0.002739,0.007347,0.00284,0.002682,0.019168
1737,1,1,1,0.006847,0.971805,0.004438,0.00374,0.002081,0.001265,0.002338,0.000774,0.0005,0.006214
1738,1,1,1,0.008998,0.954722,0.005392,0.002542,0.003646,0.002456,0.001199,0.002452,0.004148,0.014445
1739,1,1,1,0.012089,0.926964,0.014665,0.006925,0.0076,0.002328,0.006729,0.003875,0.004134,0.014691
1740,1,1,1,0.006883,0.958086,0.004835,0.002489,0.00322,0.00449,0.003383,0.003355,0.003078,0.010181
1741,1,1,1,0.007961,0.958912,0.003076,0.005757,0.005187,0.001484,0.004234,0.003202,0.001567,0.00862
1742,1,1,1,0.006499,0.964879,0.006996,0.001664,0.002453,0.003429,0.002749,0.00069,0.000933,0.009709
1743,1,1,1,0.002,0.96524,0.001929,0.006234,0.003635,0.004447,0.003092,0.001921,0.001733,0.009769
1744,1,1,1,0.003529,0.981101,0.0029,0.002424,0.002267,0.001427,0.000772,0.000543,0.000791,0.004246
1745,1,1,1,0.015115,0.935644,0.010328,0.009126,0.006198,0.005018,0.001079,0.000935,0.004067,0.012491
1746,1,1,1,0.002486,0.962558,0.005751,0.006099,0.002637,0.002907,0.002096,0.00347,0.002889,0.009106
1747,1,1,1,0.002331,0.989612,0.001322,0.001587,0.000354,0.000986,0.00068,0.000261,0.000675,0.002192
1748,1,1,1,1.8e-05,0.9999,6e-06,7e-06,7e-06,1.4e-05,7e-06,3e-06,8e-06,3e-05
1749,1,1,1,0.013437,0.942164,0.00734,0.009207,0.001853,0.004871,0.003169,0.003084,0.001086,0.013789
1750,1,1,1,0.014536,0.925967,0.00435,0.004493,0.011313,0.009237,0.007286,0.003012,0.003972,0.015833
1751,1,1,1,0.001134,0.985446,0.00098,0.002541,0.001828,0.000591,0.000946,0.000463,0.001412,0.004658
1752,1,1,1,6e-06,0.9999,7e-06,1e-05,1.5e-05,1e-05,7e-06,4e-06,9e-06,3.1e-05
1753,1,1,1,0.005819,0.970811,0.002169,0.002305,0.001672,0.002171,0.00138,0.00072,0.001111,0.011841
1754,1,1,1,0.007273,0.934058,0.009047,0.003966,0.009451,0.003086,0.002253,0.001684,0.004718,0.024465
1755,1,1,1,0.009801,0.923996,0.010259,0.013112,0.009507,0.005508,0.003208,0.001893,0.003845,0.01887
1756,1,1,1,0.009435,0.956044,0.003063,0.006901,0.006113,0.002213,0.002047,0.002953,0.002382,0.008849
1757,1,1,1,0.007113,0.963927,0.001455,0.006495,0.004058,0.002776,0.001688,0.002571,0.001653,0.008264
1758,1,1,1,0.001615,0.983133,0.002147,0.001027,0.001065,0.00261,0.001344,0.001115,0.000758,0.005186
1759,1,1,1,0.017514,0.913516,0.005246,0.013973,0.005068,0.002904,0.008294,0.00272,0.002405,0.02836
1760,1,1,1,0.003725,0.950086,0.007984,0.005573,0.00527,0.002889,0.002038,0.003901,0.002569,0.015965
1761,1,1,1,0.007552,0.961135,0.0021,0.003951,0.004248,0.002784,0.001385,0.00374,0.002047,0.011058
1762,1,1,1,0.003025,0.973436,0.005663,0.001461,0.003705,0.002241,0.000539,0.001889,0.001795,0.006245
1763,1,1,1,0.002531,0.955177,0.002611,0.002118,0.004607,0.007614,0.006116,0.003132,0.003278,0.012817
1764,1,1,1,0.01452,0.92998,0.009689,0.005689,0.006741,0.006866,0.003171,0.002498,0.004559,0.016287
1765,1,1,1,0.007307,0.969448,0.002331,0.004566,0.001265,0.003198,0.001692,0.000515,0.000569,0.009109
1766,1,1,1,0.005368,0.974031,0.001535,0.001743,0.003659,0.002696,0.001453,0.000913,0.001203,0.007398
1767,1,1,1,0.003631,0.965494,0.007368,0.003474,0.0027,0.001014,0.000859,0.001074,0.00281,0.011575
1768,1,1,1,0.00835,0.950459,0.009214,0.002291,0.003519,0.001627,0.001641,0.003473,0.002559,0.016867
1769,1,1,1,0.002064,0.970653,0.001658,0.004933,0.002409,0.004456,0.002939,0.001171,0.002371,0.007345
1770,1,1,1,0.000588,0.993462,0.000774,0.000377,0.000429,0.000234,0.000567,0.000428,0.000697,0.002445
1771,1,1,1,0.009259,0.950024,0.005674,0.006682,0.004799,0.003516,0.001822,0.002957,0.001782,0.013483
1772,1,1,1,2.1e-05,0.9999,1.4e-05,5e-06,1.3e-05,1.1e-05,9e-06,6e-06,5e-06,1.7e-05
1773,1,1,1,0.005506,0.959918,0.002759,0.003839,0.001757,0.002573,0.001836,0.004815,0.000914,0.016083
1774,1,1,1,0.002384,0.982066,0.001089,0.003514,0.00192,0.000496,0.000542,0.000585,0.001032,0.006371
1775,1,1,1,0.004657,0.968351,0.003873,0.005382,0.001019,0.00334,0.001372,0.001167,0.002207,0.008632
1776,1,1,1,0.015065,0.907339,0.014742,0.012037,0.009619,0.006791,0.003888,0.005602,0.004773,0.020145
1777,1,1,1,0.006557,0.942142,0.004331,0.004749,0.007252,0.002013,0.005534,0.004917,0.003816,0.018688
1778,1,1,1,0.021952,0.893781,0.013132,0.010568,0.005738,0.003456,0.007328,0.00607,0.002812,0.035163
1779,1,1,1,0.005145,0.961288,0.005726,0.005568,0.001568,0.004796,0.003836,0.000962,0.001633,0.009478
1780,1,1,1,0.001143,0.993037,0.00058,0.001133,0.000831,0.00045,0.00026,0.000482,0.000319,0.001764
1781,1,1,1,0.008435,0.949847,0.004498,0.006093,0.002266,0.004967,0.005051,0.001195,0.003786,0.013862
1782,1,1,1,0.009995,0.954492,0.008564,0.0021,0.002308,0.001357,0.003011,0.004195,0.003059,0.01092
1783,1,1,1,7e-06,0.9999,1.2e-05,1.8e-05,1.1e-05,9e-06,7e-06,6e-06,3e-06,2.6e-05
1784,1,1,1,0.000338,0.997876,0.000437,9e-05,0.000156,0.00021,0.000155,0.000113,9.4e-05,0.000531
1785,1,1,1,0.02297,0.907605,0.01159,0.013312,0.010218,0.002288,0.004447,0.001502,0.005664,0.020405
1786,1,1,1,0.008628,0.920078,0.012997,0.003271,0.011779,0.002773,0.006448,0.004416,0.00302,0.026589
1787,1,1,1,0.006425,0.959084,0.002833,0.002344,0.007017,0.005054,0.002662,0.002879,0.001131,0.01057
1788,1,1,1,1.2e-05,0.9999,2.1e-05,1.1e-05,4e-06,3e-06,8e-06,6e-06,4e-06,3.2e-05
1789,1,1,1,0.008918,0.951352,0.008572,0.002678,0.0025,0.004226,0.002391,0.00253,0.003416,0.013417
1790,1,1,1,0.011335,0.925515,0.009469,0.011457,0.004395,0.003142,0.006385,0.004583,0.00358,0.020139
1791,1,1,1,0.014394,0.899112,0.017336,0.011461,0.014413,0.010217,0.004809,0.005004,0.002405,0.020849
1792,1,1,1,0.004295,0.941633,0.012488,0.002815,0.006443,0.002344,0.004061,0.003859,0.003538,0.018525
1793,1,1,1,0.005128,0.94853,0.006836,0.007302,0.006818,0.004078,0.002021,0.003753,0.001877,0.013658
1794,1,1,1,0.007116,0.966043,0.005662,0.003897,0.00224,0.001633,0.000792,0.002157,0.001405,0.009055
1795,1,1,1,0.012947,0.927237,0.012981,0.005867,0.006529,0.006684,0.006581,0.002877,0.001887,0.016411
1796,1,1,1,0.007933,0.942838,0.003967,0.005323,0.00508,0.002857,0.007574,0.004055,0.002009,0.018363
1797,1,1,1,0.007265,0.958736,0.003571,0.004848,0.001281,0.005917,0.004449,0.002866,0.001142,0.009924
1798,1,1,1,0.007409,0.922488,0.004081,0.009057,0.01407,0.005535,0.002999,0.008504,0.004019,0.021837
1799,1,1,1,0.00218,0.987207,0.000675,0.000541,0.002035,0.000499,0.000444,0.001603,0.00035,0.004465
1800,1,1,1,1e-05,0.9999,1.6e-05,1.8e-05,1e-05,4e-06,9e-06,3e-06,4e-06,2.6e-05
1801,1,1,1,0.00951,0.901477,0.012909,0.01001,0.00331,0.005482,0.005714,0.012054,0.004516,0.035017
1802,1,1,1,0.014474,0.92972,0.010607,0.010486,0.004237,0.007352,0.004627,0.002758,0.001612,0.014127
1803,1,1,1,0.007295,0.957896,0.004727,0.005417,0.00554,0.003623,0.001624,0.002881,0.001466,0.009533
1804,1,1,1,0.004154,0.979025,0.003857,0.003063,0.000624,0.001421,0.001493,0.001075,0.000871,0.004417
1805,1,1,1,0.010825,0.932054,0.003334,0.00851,0.010482,0.00176,0.004299,0.006226,0.00178,0.02073
1806,1,1,1,0.00589,0.95563,0.008449,0.00213,0.002659,0.00291,0.001942,0.002628,0.002226,0.015537
1807,1,1,1,0.000808,0.992152,0.000946,0.001113,0.000864,0.000959,0.000599,0.000426,0.000404,0.001729
1808,1,1,1,0.009789,0.935321,0.008972,0.008621,0.00833,0.003345,0.004296,0.005242,0.003389,0.012696
1809,1,1,1,0.00287,0.952058,0.003372,0.003209,0.006537,0.002752,0.006394,0.004703,0.004507,0.013598
1810,1,1,1,0.008758,0.961561,0.001748,0.00203,0.003753,0.002979,0.003751,0.001471,0.00236,0.011589
1811,1,1,1,2e-05,0.9999,1.3e-05,9e-06,8e-06,5e-06,1.1e-05,6e-06,2e-06,2.6e-05
1812,1,1,1,0.010786,0.936516,0.006629,0.002374,0.002401,0.007483,0.005561,0.005972,0.002445,0.019833
1813,1,1,1,0.012889,0.94723,0.00399,0.002132,0.007903,0.006457,0.003618,0.001654,0.003258,0.01087
1814,1,1,1,0.001816,0.986676,0.00152,0.001152,0.001212,0.000628,0.001497,0.001299,0.000474,0.003725
1815,1,1,1,0.015971,0.928393,0.008235,0.006571,0.006431,0.001921,0.004551,0.006719,0.004318,0.016891
1816,1,1,1,0.003158,0.979127,0.003042,0.001981,0.00125,0.002362,0.000923,0.001068,0.000895,0.006194
1817,1,1,1,0.003374,0.955694,0.007233,0.006877,0.003146,0.002553,0.001514,0.003461,0.002757,0.01339
1818,1,1,1,0.004101,0.920869,0.017736,0.00774,0.010957,0.002844,0.002876,0.002834,0.006081,0.023962
1819,1,1,1,1.4e-05,0.9999,2.1e-05,9e-06,1e-05,5e-06,3e-06,4e-06,2e-06,3.1e-05
1820,1,1,1,0.002974,0.971992,0.006176,0.001291,0.004078,0.002972,0.002241,0.00083,0.001559,0.005887
1821,1,1,1,0.00674,0.962112,0.007746,0.001199,0.005127,0.002687,0.001031,0.002241,0.002739,0.008378
1822,1,1,1,0.0121,0.9252,0.005591,0.003759,0.008833,0.010083,0.00419,0.007142,0.005301,0.017801
1823,1,1,1,0.008472,0.96413,0.002867,0.001888,0.004385,0.003807,0.003187,0.002002,0.00125,0.008012
1824,1,1,1,0.002591,0.96875,0.002602,0.002612,0.004621,0.004271,0.001724,0.001745,0.002098,0.008986
1825,1,1,1,0.00556,0.97162,0.005095,0.002773,0.002127,0.00154,0.002413,0.000743,0.002005,0.006124
1826,1,1,1,0.001692,0.977614,0.003815,0.003189,0.001321,0.001421,0.001102,0.002062,0.001915,0.00587
1827,1,1,1,0.004766,0.95403,0.002319,0.00929,0.002986,0.004805,0.002334,0.002793,0.003301,0.013376
1828,1,1,1,2.2e-05,0.999656,2.5e-05,2.6e-05,6.4e-05,5.1e-05,1.7e-05,2.2e-05,2.4e-05,9.3e-05
1829,1,1,1,0.016146,0.917702,0.009807,0.013411,0.008445,0.008507,0.003641,0.005144,0.002229,0.014968
1830,1,1,1,0.005008,0.972027,0.004265,0.001557,0.001439,0.001387,0.0031,0.00177,0.001767,0.007681
1831,1,1,1,2.1e-05,0.9999,1.8e-05,7e-06,3e-06,8e-06,9e-06,2e-06,6e-06,2.5e-05
1832,1,1,1,1e-05,0.9999,1.7e-05,6e-06,8e-06,1.4e-05,1.1e-05,4e-06,5e-06,2.4e-05
1833,1,1,1,0.011483,0.946825,0.004309,0.008552,0.00335,0.002444,0.00256,0.00117,0.004521,0.014786
1834,1,1,1,0.003761,0.946851,0.003152,0.010381,0.004952,0.004667,0.00401,0.001409,0.00281,0.018007
1835,1,1,1,0.01994,0.919526,0.006403,0.005461,0.008956,0.004841,0.00357,0.0019,0.004597,0.024806
1836,1,1,1,0.002616,0.986059,0.001642,0.001684,0.00112,0.001423,0.00039,0.000903,0.00075,0.003412
1837,1,1,1,0.022251,0.90412,0.014373,0.006761,0.009382,0.003219,0.006276,0.008138,0.003886,0.021594
1838,1,1,1,0.005251,0.95872,0.006284,0.004933,0.006144,0.002903,0.003236,0.002843,0.001965,0.00772
1839,1,1,1,0.000457,0.997305,0.000249,0.000491,0.000219,0.000244,0.000225,5.7e-05,0.000164,0.000588
1840,1,1,1,0.004791,0.95036,0.00951,0.007858,0.006796,0.00327,0.004227,0.002533,0.000906,0.009749
1841,1,1,1,0.00465,0.939167,0.005098,0.008242,0.004082,0.005423,0.005144,0.002753,0.005304,0.020137
1842,1,1,1,0.005636,0.968554,0.004128,0.001215,0.004789,0.001277,0.003259,0.001025,0.000855,0.009263
1843,1,1,1,0.006272,0.971922,0.005121,0.003209,0.002175,0.001044,0.000812,0.000557,0.000652,0.008236
1844,1,1,1,0.001644,0.967395,0.001938,0.004481,0.003491,0.00265,0.001087,0.000969,0.003567,0.012777
1845,1,1,1,0.003875,0.977122,0.004248,0.003451,0.002095,0.001777,0.000552,0.001097,0.001235,0.004547
1846,1,1,1,0.001991,0.970978,0.001685,0.00494,0.004684,0.001696,0.001597,0.001228,0.002673,0.008528
1847,1,1,1,0.002116,0.9874,0.002108,0.001736,0.000699,0.001228,0.000958,0.000601,0.000245,0.00291
1848,1,1,1,0.012864,0.947811,0.004455,0.00646,0.001975,0.001341,0.004935,0.005018,0.002141,0.013
1849,1,1,1,0.002357,0.988233,0.002194,0.000366,0.001462,0.00057,0.000558,0.000845,0.00043,0.002984
1850,1,1,1,0.006094,0.97357,0.001204,0.002613,0.003789,0.001629,0.001151,0.000644,0.002149,0.007155
1851,1,1,1,0.008134,0.936752,0.006845,0.010788,0.007189,0.00578,0.005598,0.004512,0.003563,0.010841
1852,1,1,1,0.000843,0.992654,0.000844,0.001209,0.001038,0.000354,0.000531,0.000148,0.000412,0.001968
1853,1,1,1,0.004898,0.960325,0.005646,0.002591,0.003555,0.002079,0.003362,0.002203,0.002993,0.012348
1854,1,1,1,0.008695,0.931902,0.008425,0.002706,0.004674,0.005959,0.006063,0.007248,0.003969,0.020359
1855,1,1,1,0.007525,0.947924,0.011093,0.006092,0.004024,0.004035,0.002371,0.002103,0.002496,0.012336
1856,1,1,1,0.001708,0.973928,0.003433,0.002625,0.003453,0.001446,0.00073,0.000854,0.001612,0.010211
1857,1,1,1,0.001923,0.989895,0.002026,0.000867,0.001283,0.000618,0.000548,0.000637,0.000277,0.001924
1858,1,1,1,0.009711,0.95605,0.006923,0.006722,0.003384,0.004077,0.003127,0.002069,0.00097,0.006966
1859,1,1,1,0.004337,0.971483,0.005907,0.001344,0.002494,0.001561,0.000876,0.002395,0.001418,0.008185
1860,1,1,1,0.003532,0.945604,0.008055,0.008966,0.006058,0.002193,0.00175,0.004591,0.002514,0.016738
1861,1,1,1,0.002119,0.972677,0.002602,0.001866,0.003538,0.002502,0.00224,0.000808,0.000707,0.01094
1862,1,1,1,0.015048,0.933645,0.009964,0.005097,0.008454,0.001975,0.004149,0.004035,0.002197,0.015437
1863,1,1,1,0.029355,0.864526,0.006269,0.013682,0.013025,0.003699,0.011499,0.004361,0.011999,0.041584
1864,1,1,1,0.006651,0.959669,0.008003,0.00154,0.004258,0.001867,0.003437,0.001726,0.001349,0.011499
1865,1,1,1,0.002422,0.960006,0.003169,0.007412,0.002853,0.00538,0.004659,0.002124,0.002801,0.009174
1866,1,1,1,0.019997,0.911947,0.007214,0.003753,0.008398,0.008784,0.009278,0.004697,0.002131,0.023802
1867,1,1,1,0.008218,0.919722,0.010126,0.004213,0.014357,0.002797,0.009668,0.004896,0.006143,0.01986
1868,1,1,1,0.002497,0.960472,0.007675,0.007004,0.003985,0.003685,0.000907,0.001009,0.001588,0.011178
1869,1,1,1,0.002175,0.956675,0.003522,0.005372,0.006821,0.006262,0.003478,0.001773,0.001886,0.012035
1870,1,1,1,0.004919,0.959861,0.008432,0.005959,0.002877,0.003845,0.00109,0.000765,0.001746,0.010507
1871,1,1,1,0.010376,0.951041,0.00651,0.005969,0.001329,0.003636,0.004887,0.00351,0.002303,0.010438
1872,1,1,1,0.001338,0.988103,0.00203,0.001619,0.000659,0.00112,0.001075,0.000626,0.000455,0.002975
1873,1,1,1,0.010843,0.932683,0.005233,0.01135,0.004744,0.005941,0.00309,0.003772,0.001634,0.02071
1874,1,1,1,0.005832,0.966651,0.005344,0.005214,0.004163,0.001157,0.001306,0.001629,0.000806,0.007898
1875,1,1,1,0.010416,0.948966,0.008314,0.001845,0.003547,0.002173,0.00507,0.003595,0.0021,0.013973
1876,1,1,1,0.010172,0.955478,0.003183,0.007054,0.005019,0.002329,0.001697,0.003056,0.00258,0.009432
1877,1,1,1,0.005918,0.949622,0.010389,0.00457,0.001832,0.006154,0.005288,0.002224,0.002787,0.011215
1878,1,1,1,0.007302,0.922163,0.013652,0.005704,0.005625,0.007215,0.003414,0.003867,0.002652,0.028406
1879,1,1,1,0.005698,0.972874,0.002711,0.00461,0.003267,0.002643,0.000898,0.001701,0.000885,0.004714
1880,1,1,1,0.009558,0.955181,0.008301,0.005148,0.002807,0.002657,0.001915,0.000953,0.003265,0.010216
1881,1,1,1,0.002567,0.968657,0.004688,0.004717,0.001006,0.001043,0.004112,0.003044,0.001168,0.008997
1882,1,1,1,1.1e-05,0.9999,5e-06,2.1e-05,4e-06,6e-06,1.3e-05,1e-05,4e-06,2.6e-05
1883,1,1,1,0.004371,0.971148,0.003123,0.003635,0.00332,0.00113,0.002802,0.001998,0.001178,0.007294
1884,1,1,1,0.006411,0.924953,0.012133,0.007415,0.008551,0.009481,0.00351,0.006445,0.002186,0.018915
1885,1,1,1,0.002538,0.989342,0.001515,0.001649,0.001133,0.000701,0.00027,0.000657,0.000454,0.001741
1886,1,1,1,0.004161,0.982833,0.000678,0.002737,0.001937,0.001454,0.000373,0.000664,0.000607,0.004557
1887,1,1,1,0.01259,0.943432,0.010383,0.007771,0.003084,0.004766,0.003366,0.002449,0.001678,0.010481
1888,1,1,1,0.002597,0.981129,0.000956,0.003323,0.000839,0.001546,0.000848,0.000664,0.001368,0.006729
1889,1,1,1,0.003435,0.942654,0.006511,0.009415,0.00702,0.005536,0.005917,0.003576,0.00344,0.012496
1890,1,1,1,1.1e-05,0.9999,1.7e-05,7e-06,7e-06,1.1e-05,4e-06,1e-05,2e-06,3.1e-05
1891,1,1,1,0.001537,0.985434,0.00098,0.000678,0.001056,0.00061,0.001672,0.001964,0.000648,0.005421
1892,1,1,1,0.002973,0.982784,0.000979,0.00125,0.002172,0.002225,0.00132,0.000534,0.000917,0.004845
1893,1,1,1,0.003449,0.971074,0.005096,0.004726,0.002931,0.001503,0.000664,0.001347,0.000522,0.00869
1894,1,1,1,0.016423,0.931027,0.002765,0.002681,0.007736,0.009392,0.006947,0.003673,0.001253,0.018102
1895,1,1,1,0.002673,0.979017,0.002524,0.001619,0.002914,0.002578,0.002162,0.000978,0.001045,0.00449
1896,1,1,1,9e-06,0.9999,8e-06,1.8e-05,7e-06,1.1e-05,1.1e-05,8e-06,1e-06,2.6e-05
1897,1,1,1,1.3e-05,0.9999,1.2e-05,1.5e-05,1.3e-05,5e-06,2e-06,3e-06,4e-06,3.2e-05
1898,1,1,1,0.001262,0.994894,0.000433,0.000259,0.000404,0.000295,0.000348,0.000213,0.000315,0.001578
1899,1,1,1,0.006596,0.962427,0.005647,0.004168,0.004356,0.001576,0.001436,0.001603,0.000842,0.01135
1900,1,1,1,1.6e-05,0.9999,1.5e-05,1.6e-05,1.2e-05,2e-06,4e-06,6e-06,7e-06,2.2e-05
1901,1,1,1,0.005633,0.965046,0.003894,0.002559,0.001207,0.004923,0.001227,0.001967,0.00188,0.011664
1902,1,1,1,0.001463,0.971478,0.006204,0.002438,0.004513,0.003231,0.001247,0.002123,0.001187,0.006115
1903,1,1,1,0.016619,0.920096,0.010037,0.006105,0.00769,0.003441,0.003032,0.00651,0.005405,0.021064
1904,1,1,1,0.004941,0.948628,0.010151,0.004855,0.006625,0.002129,0.001172,0.00406,0.002468,0.014971
1905,1,1,1,0.001466,0.987856,0.000932,0.000986,0.002161,0.001504,0.000963,0.000311,0.000884,0.002937
1906,1,1,1,2.2e-05,0.9999,7e-06,1.4e-05,3e-06,5e-06,9e-06,3e-06,7e-06,3e-05
1907,1,1,1,0.000765,0.99554,0.000673,0.000192,0.000655,0.000337,0.000138,0.00028,0.00021,0.001211
1908,1,1,1,0.000783,0.988632,0.000755,0.000712,0.001252,0.001236,0.000772,0.000938,0.000965,0.003956
1909,1,1,1,0.008872,0.960769,0.004973,0.003624,0.005322,0.001373,0.002835,0.001546,0.001639,0.009048
1910,1,1,1,0.010801,0.947214,0.009801,0.004691,0.005584,0.00416,0.003933,0.000876,0.003181,0.009758
1911,1,1,1,0.015167,0.91168,0.005919,0.01558,0.007537,0.003727,0.006132,0.003986,0.006854,0.023419
1912,1,1,1,0.002667,0.989291,0.000624,0.001442,0.000868,0.000257,0.000415,0.000411,0.000438,0.003585
1913,1,1,1,0.005489,0.92729,0.015819,0.012639,0.002987,0.008554,0.001683,0.00173,0.002518,0.021291
1914,1,1,1,2e-05,0.9999,1.9e-05,1.4e-05,1e-05,2e-06,9e-06,7e-06,3e-06,1.7e-05
1915,1,1,1,0.008349,0.95654,0.006679,0.005249,0.00457,0.003666,0.001129,0.002443,0.002795,0.00858
1916,1,1,1,0.003834,0.951982,0.009741,0.002622,0.004384,0.003343,0.005688,0.00348,0.001054,0.013871
1917,1,1,1,1.2e-05,0.9999,8e-06,1.8e-05,1.2e-05,7e-06,6e-06,8e-06,4e-06,2.4e-05
1918,1,1,1,0.010322,0.95819,0.001936,0.005705,0.00403,0.004696,0.002087,0.00185,0.001449,0.009735
1919,1,1,1,0.006445,0.961388,0.00554,0.002526,0.004907,0.003585,0.002815,0.003175,0.000654,0.008967
1920,1,1,1,0.015369,0.937438,0.003058,0.004842,0.008764,0.001776,0.006871,0.003641,0.004399,0.013842
1921,1,1,1,0.008435,0.909915,0.0195,0.00347,0.005844,0.012843,0.006329,0.003541,0.005242,0.024882
1922,1,1,1,0.003533,0.946653,0.011145,0.009195,0.003948,0.001348,0.001479,0.002977,0.004476,0.015246
1923,1,1,1,0.007123,0.970778,0.002951,0.004671,0.001862,0.003038,0.002159,0.000431,0.000676,0.006311
1924,1,1,1,0.008793,0.946407,0.009445,0.004328,0.001926,0.004838,0.004992,0.003982,0.001683,0.013605
1925,1,1,1,0.001678,0.970681,0.006719,0.002684,0.001628,0.001848,0.003012,0.002273,0.00155,0.007928
1926,1,1,1,0.009254,0.945853,0.003747,0.003619,0.00823,0.003723,0.003498,0.004786,0.00117,0.01612
1927,1,1,1,0.004592,0.981161,0.001441,0.002653,0.001859,0.00194,0.001257,0.001214,0.000625,0.003258
1928,1,1,1,0.004165,0.940745,0.008425,0.007123,0.008986,0.001768,0.005671,0.005544,0.002967,0.014606
1929,1,1,1,1.9e-05,0.9999,6e-06,1.3e-05,8e-06,1e-05,9e-06,8e-06,5e-06,2.2e-05
1930,1,1,1,0.00773,0.93868,0.005044,0.007862,0.008584,0.007302,0.004812,0.004846,0.00161,0.01353
1931,1,1,1,0.010335,0.927314,0.015064,0.010772,0.006695,0.003666,0.002541,0.00234,0.005102,0.016171
1932,1,1,1,0.006092,0.967577,0.001725,0.004707,0.002451,0.003205,0.002135,0.000673,0.002813,0.008622
1933,1,1,1,0.004395,0.957505,0.008486,0.006091,0.003013,0.003855,0.003082,0.002034,0.002414,0.009125
1934,1,1,1,0.015245,0.92146,0.015702,0.00925,0.009147,0.00681,0.002622,0.001776,0.004379,0.01361
1935,1,1,1,0.001717,0.987495,0.001757,0.002242,0.000707,0.000774,0.001038,0.000877,0.000429,0.002963
1936,1,1,1,0.006671,0.971146,0.00167,0.001752,0.002009,0.000912,0.003002,0.000662,0.001417,0.010758
1937,1,1,1,0.015208,0.93016,0.009488,0.010743,0.005216,0.006215,0.002,0.002722,0.001433,0.016815
1938,1,1,1,0.00422,0.966574,0.003225,0.00362,0.001623,0.004864,0.000837,0.003369,0.001228,0.010441
1939,1,1,1,0.006672,0.931859,0.012625,0.008191,0.002997,0.00325,0.002563,0.006774,0.001517,0.023551
1940,1,1,1,0.008204,0.948368,0.003869,0.008249,0.002551,0.003828,0.001827,0.004745,0.004172,0.014188
1941,1,1,1,0.005604,0.939547,0.011624,0.006076,0.004923,0.005851,0.003734,0.001604,0.00487,0.016167
1942,1,1,1,0.006074,0.966088,0.005461,0.003337,0.002973,0.001948,0.001177,0.003059,0.000651,0.009231
1943,1,1,1,0.008665,0.955788,0.004953,0.007136,0.003786,0.002236,0.001601,0.003375,0.002263,0.010198
1944,1,1,1,0.009404,0.958725,0.004816,0.003845,0.0024,0.003872,0.003863,0.001956,0.000806,0.010313
1945,1,1,1,0.005207,0.941364,0.012982,0.009058,0.007432,0.00444,0.003675,0.002094,0.001626,0.012122
1946,1,1,1,0.009437,0.959145,0.004479,0.002058,0.003384,0.004007,0.002297,0.001352,0.000701,0.013139
1947,1,1,1,0.00602,0.943068,0.003176,0.010286,0.008801,0.005038,0.002867,0.00167,0.00263,0.016445
1948,1,1,1,0.011034,0.953486,0.004084,0.00483,0.006557,0.001146,0.004417,0.00212,0.002299,0.010028
1949,1,1,1,0.008138,0.958457,0.002109,0.002731,0.004074,0.005372,0.001701,0.002353,0.002574,0.012491
1950,1,1,1,0.007144,0.965712,0.005533,0.002021,0.002539,0.003602,0.00254,0.001624,0.00077,0.008516
1951,1,1,1,7.1e-05,0.998755,8.7e-05,0.000137,0.000113,0.000161,0.000104,7.3e-05,0.000115,0.000384
1952,1,1,1,1.7e-05,0.9999,1.5e-05,1e-05,6e-06,4e-06,6e-06,7e-06,8e-06,2.8e-05
1953,1,1,1,0.007273,0.967232,0.004757,0.004809,0.001269,0.001175,0.002544,0.00233,0.000821,0.00779
1954,1,1,1,0.014915,0.912613,0.00615,0.007127,0.013057,0.008685,0.008077,0.006062,0.002201,0.021113
1955,1,1,1,0.00994,0.917718,0.005486,0.009002,0.003901,0.006474,0.002704,0.005795,0.009023,0.029957
1956,1,1,1,0.010897,0.928449,0.007753,0.007912,0.010884,0.00692,0.005747,0.00463,0.001513,0.015297
1957,1,1,1,0.002916,0.949479,0.002515,0.003379,0.005393,0.004389,0.006995,0.005354,0.003147,0.016434
1958,1,1,1,0.001621,0.989997,0.002032,0.001214,0.001247,0.000578,0.000691,0.000461,0.000506,0.001652
1959,1,1,1,0.012933,0.936106,0.007992,0.004368,0.005038,0.003023,0.004231,0.002698,0.001866,0.021746
1960,1,1,1,2.5e-05,0.9999,1.9e-05,4e-06,4e-06,9e-06,2e-06,3e-06,6e-06,2.8e-05
1961,1,1,1,0.005023,0.950143,0.003622,0.006678,0.006357,0.005582,0.001827,0.004426,0.004055,0.012286
1962,1,1,1,0.01043,0.947016,0.005138,0.002299,0.003041,0.007303,0.006158,0.002187,0.002042,0.014385
1963,1,1,1,0.003236,0.945939,0.006502,0.009601,0.006149,0.005555,0.005131,0.00177,0.003562,0.012556
1964,1,1,1,0.00419,0.96761,0.005882,0.002347,0.004304,0.000803,0.002732,0.001162,0.001775,0.009194
1965,1,1,1,0.003697,0.966687,0.002204,0.00445,0.00183,0.004812,0.00105,0.00313,0.001031,0.01111
1966,1,1,1,0.00633,0.941044,0.006834,0.007518,0.007426,0.005595,0.003213,0.002485,0.002061,0.017495
1967,1,1,1,0.010214,0.929669,0.007353,0.005291,0.003064,0.003768,0.007122,0.002127,0.002113,0.029279
1968,1,1,1,0.001085,0.983441,0.003146,0.002276,0.001166,0.000927,0.001305,0.001225,0.000897,0.004532
1969,1,1,1,0.005428,0.956642,0.009367,0.004804,0.00333,0.003051,0.003666,0.000851,0.00271,0.010151
1970,1,1,1,0.003169,0.962155,0.008505,0.004798,0.001373,0.004468,0.002318,0.00102,0.002223,0.009971
1971,1,1,1,0.003623,0.954676,0.002696,0.003524,0.003503,0.006181,0.005964,0.003452,0.002335,0.014046
1972,1,1,1,0.004018,0.929842,0.015938,0.007275,0.002783,0.00543,0.007937,0.002578,0.005072,0.019127
1973,1,1,1,0.01319,0.946604,0.003501,0.00505,0.004048,0.005602,0.003126,0.002224,0.002754,0.0139
1974,1,1,1,0.014571,0.918935,0.008915,0.005611,0.009223,0.003915,0.006841,0.005257,0.006233,0.020498
1975,1,1,1,0.009042,0.952055,0.003525,0.006033,0.005165,0.003058,0.002361,0.001054,0.002701,0.015008
1976,1,1,1,0.005398,0.953853,0.003938,0.002906,0.00277,0.005206,0.003122,0.001248,0.002583,0.018976
1977,1,1,1,0.016696,0.921063,0.006502,0.005939,0.008865,0.008593,0.003455,0.001484,0.001644,0.025759
1978,1,1,1,1.4e-05,0.9999,1e-05,1.2e-05,1.3e-05,8e-06,5e-06,5e-06,5e-06,2.9e-05
1979,1,1,1,1.1e-05,0.9999,2.1e-05,9e-06,5e-06,1.2e-05,6e-06,9e-06,3e-06,2.4e-05
1980,1,1,1,0.004265,0.956856,0.004391,0.003246,0.002807,0.004771,0.003011,0.002158,0.002503,0.015993
1981,1,1,1,0.002997,0.965666,0.004477,0.001768,0.005684,0.003165,0.001975,0.002338,0.001503,0.010426
1982,1,1,1,0.005481,0.955868,0.005534,0.001709,0.003882,0.001983,0.00398,0.003074,0.003419,0.015071
1983,1,1,1,0.004245,0.968625,0.00263,0.001609,0.002582,0.002193,0.002806,0.003368,0.002604,0.009337
1984,1,1,1,0.004372,0.963483,0.003418,0.005214,0.002342,0.005176,0.003211,0.002876,0.002362,0.007546
1985,1,1,1,0.008796,0.918881,0.006819,0.012564,0.010965,0.008745,0.003691,0.002194,0.004481,0.022864
1986,1,1,1,0.009927,0.942115,0.010395,0.008976,0.002907,0.004254,0.002293,0.003157,0.00166,0.014316
1987,1,1,1,0.007075,0.946398,0.002486,0.008888,0.007641,0.005225,0.001878,0.001937,0.003116,0.015356
1988,1,1,1,0.010843,0.944279,0.008738,0.003387,0.005408,0.005839,0.003839,0.004001,0.002276,0.011391
1989,1,1,1,0.009482,0.95995,0.002138,0.002318,0.006357,0.004929,0.002995,0.001646,0.000634,0.00955
1990,1,1,1,0.002513,0.987581,0.001444,0.000933,0.001659,0.000702,0.000555,0.000885,0.000494,0.003233
1991,1,1,1,1.2e-05,0.9999,1.9e-05,5e-06,1.3e-05,3e-06,3e-06,5e-06,7e-06,3.4e-05
1992,1,1,1,0.001443,0.977024,0.004193,0.001642,0.000956,0.000818,0.003195,0.002413,0.000593,0.007723
1993,1,1,1,0.013164,0.936021,0.004614,0.010291,0.004189,0.004082,0.003351,0.004648,0.00252,0.017118
1994,1,1,1,0.009874,0.946773,0.006255,0.001872,0.008383,0.006554,0.001335,0.003122,0.001483,0.014349
1995,1,1,1,0.001034,0.983788,0.002902,0.001971,0.000905,0.001778,0.000986,0.000626,0.000388,0.005624
1996,1,1,1,0.000311,0.994786,0.000446,0.001016,0.000303,0.000413,0.000645,0.000412,9.5e-05,0.001574
1997,1,1,1,0.005502,0.944829,0.005563,0.004788,0.004051,0.00323,0.002292,0.003279,0.004834,0.021631
1998,1,1,1,0.009307,0.953064,0.00696,0.00557,0.005178,0.003149,0.000933,0.002541,0.003063,0.010236
1999,1,1,1,0.016869,0.929684,0.006027,0.009084,0.002997,0.007848,0.003472,0.004,0.001202,0.018818
2000,1,1,1,0.001259,0.99298,0.001408,0.000599,0.000402,0.00048,0.000252,0.000151,0.000226,0.002243
2001,1,1,1,0.007808,0.931334,0.004932,0.008798,0.009816,0.004602,0.001943,0.002535,0.004569,0.023665
2002,1,1,1,0.001234,0.989515,0.001292,0.000934,0.001577,0.001277,0.000342,0.000345,0.000537,0.002947
2003,1,1,1,0.004095,0.949231,0.009738,0.001916,0.001865,0.003847,0.004828,0.001752,0.002066,0.020663
2004,1,1,1,0.003014,0.966311,0.004039,0.003681,0.004518,0.001375,0.003928,0.002715,0.001282,0.009139
2005,1,1,1,0.008442,0.960395,0.004285,0.003638,0.004768,0.003176,0.001827,0.002865,0.001058,0.009544
2006,1,1,1,0.007167,0.959813,0.003042,0.001968,0.006462,0.005,0.003259,0.002142,0.001133,0.010013
2007,1,1,1,0.008634,0.941477,0.004839,0.004206,0.007897,0.007912,0.001912,0.001744,0.002335,0.019045
2008,1,1,1,1.7e-05,0.9999,1.7e-05,1.7e-05,1e-05,3e-06,7e-06,7e-06,4e-06,1.9e-05
2009,1,1,1,0.000511,0.993324,0.000373,0.000722,0.000699,0.000987,0.000449,0.000635,0.000419,0.001882
2010,1,1,1,0.020899,0.913531,0.014186,0.007464,0.007783,0.005386,0.006611,0.003206,0.003652,0.017283
2011,1,1,1,0.011683,0.946034,0.010027,0.002793,0.003027,0.003364,0.004106,0.001811,0.003851,0.013304
2012,1,1,1,0.012839,0.910738,0.006088,0.010632,0.014103,0.00392,0.004724,0.002144,0.008395,0.026416
2013,1,1,1,0.004282,0.979252,0.001954,0.00187,0.001982,0.002052,0.002006,0.001287,0.000423,0.004893
2014,1,1,1,0.003469,0.96037,0.005955,0.007192,0.004807,0.001273,0.001133,0.003885,0.00088,0.011036
2015,1,1,1,0.002449,0.982706,0.002267,0.001222,0.001355,0.001877,0.001082,0.001645,0.000933,0.004464
2016,1,1,1,0.016211,0.929445,0.007656,0.002796,0.009431,0.003731,0.001758,0.005095,0.002271,0.021606
2017,1,1,1,0.007641,0.904741,0.006196,0.019893,0.010672,0.009606,0.003533,0.004287,0.007594,0.025837
2018,1,1,1,0.003115,0.963146,0.002646,0.004616,0.003377,0.002331,0.001954,0.002651,0.001337,0.014828
2019,1,1,1,0.009145,0.925125,0.007089,0.004625,0.006759,0.005925,0.004716,0.007769,0.004853,0.023994
2020,1,1,1,0.006681,0.924489,0.00613,0.012364,0.009487,0.008713,0.002907,0.003156,0.002879,0.023194
2021,1,1,1,0.01948,0.913591,0.014504,0.005816,0.010166,0.00546,0.005262,0.006031,0.001031,0.018658
2022,1,1,1,0.004835,0.907136,0.010989,0.014377,0.012732,0.00933,0.00261,0.00772,0.00341,0.02686
2023,1,1,1,0.005824,0.971947,0.003104,0.001941,0.003272,0.001201,0.001721,0.001996,0.000737,0.008257
2024,1,1,1,0.000605,0.995448,0.000409,0.000497,0.000455,0.000294,0.000193,0.000488,0.000263,0.001348
2025,1,1,1,0.003975,0.925712,0.004648,0.008528,0.009059,0.003767,0.007573,0.002041,0.004295,0.030402
2026,1,1,1,0.007201,0.957265,0.002608,0.003771,0.0065,0.005342,0.002287,0.000878,0.002381,0.011768
2027,1,1,1,0.006491,0.94264,0.009307,0.006912,0.003344,0.003095,0.005181,0.004893,0.003249,0.014886
2028,1,1,1,0.002228,0.979625,0.00368,0.001244,0.001802,0.000745,0.00195,0.001525,0.000399,0.006803
2029,1,1,1,0.000554,0.996987,0.00029,0.000193,0.000385,0.000151,0.000227,0.000267,5.6e-05,0.000891
2030,1,1,1,0.008768,0.907596,0.018492,0.004094,0.010896,0.004281,0.003687,0.010123,0.002712,0.029351
2031,1,1,1,0.004323,0.933755,0.012374,0.007545,0.009759,0.002339,0.003723,0.002114,0.0033,0.020769
2032,1,1,1,0.009202,0.929378,0.014049,0.003354,0.007332,0.005729,0.003171,0.004375,0.002994,0.020417
2033,1,1,1,0.005561,0.977554,0.003377,0.002937,0.001953,0.000504,0.001036,0.001161,0.00089,0.005026
2034,1,1,1,0.00162,0.98954,0.000874,0.000898,0.000816,0.001234,0.00064,0.000571,0.00091,0.002897
2035,1,1,1,0.006928,0.946648,0.005207,0.008205,0.005584,0.005344,0.002066,0.003637,0.001185,0.015195
2036,1,1,1,2.1e-05,0.9999,7e-06,6e-06,4e-06,1.2e-05,3e-06,4e-06,4e-06,3.9e-05
2037,1,1,1,9e-06,0.9999,2.2e-05,7e-06,9e-06,8e-06,1e-05,7e-06,5e-06,2.2e-05
2038,1,1,1,0.002452,0.985826,0.000946,0.002177,0.001441,0.001208,0.001027,0.000813,0.000639,0.003471
2039,1,1,1,0.003265,0.981895,0.002267,0.00113,0.002255,0.000496,0.000816,0.001074,0.000898,0.005905
2040,1,1,1,0.008394,0.956108,0.002218,0.003979,0.002618,0.002195,0.002873,0.003432,0.001595,0.016588
2041,1,1,1,0.006196,0.910549,0.00952,0.004371,0.0147,0.005687,0.01113,0.008698,0.004663,0.024485
2042,1,1,1,0.002234,0.988106,0.00227,0.001615,0.001,0.000869,0.000636,0.000563,0.000168,0.002539
2043,1,1,1,0.005141,0.960337,0.006542,0.002317,0.003631,0.003023,0.001878,0.001635,0.00339,0.012106
2044,1,1,1,0.004398,0.980402,0.002613,0.0016,0.002285,0.002106,0.000613,0.000878,0.001175,0.003932
2045,1,1,1,0.002727,0.959095,0.004476,0.002454,0.005507,0.004079,0.004598,0.003676,0.001747,0.011641
2046,1,1,1,0.007018,0.948706,0.004912,0.008085,0.001569,0.001928,0.002251,0.00386,0.001763,0.019909
2047,1,1,1,0.007254,0.968463,0.004696,0.001576,0.003325,0.003228,0.002248,0.000873,0.001914,0.006423
2048,1,1,1,0.017567,0.920591,0.009627,0.006008,0.010978,0.006949,0.005375,0.003005,0.004559,0.01534
2049,1,1,1,0.004483,0.969832,0.001772,0.001403,0.004527,0.003501,0.003115,0.000948,0.001844,0.008575
2050,1,1,1,0.001455,0.993422,0.001089,0.000401,0.000236,0.000256,0.000538,0.000628,0.000145,0.001829
2051,1,1,1,0.012764,0.94537,0.007911,0.004091,0.005038,0.004119,0.003244,0.001736,0.002966,0.012763
2052,1,1,1,0.011946,0.939324,0.002599,0.008914,0.007309,0.005692,0.003036,0.004007,0.003682,0.013492
2053,1,1,1,0.001806,0.98848,0.001969,0.001335,0.000774,0.001217,0.000343,0.000569,0.000391,0.003115
2054,1,1,1,0.018925,0.921305,0.007094,0.004989,0.004987,0.005851,0.006533,0.006148,0.004777,0.019392
2055,1,1,1,0.009493,0.958241,0.005352,0.004618,0.003099,0.003369,0.001243,0.00253,0.001623,0.010433
2056,1,1,1,0.002942,0.9855,0.001905,0.001248,0.000457,0.000404,0.001557,0.000847,0.000962,0.004179
2057,1,1,1,0.006261,0.958148,0.00576,0.005582,0.005338,0.002021,0.001776,0.003638,0.001018,0.010458
2058,1,1,1,0.007469,0.932378,0.007952,0.005142,0.010248,0.005661,0.005482,0.002342,0.004586,0.018739
2059,1,1,1,0.009806,0.937653,0.00823,0.011053,0.003612,0.004947,0.001373,0.002519,0.001081,0.019726
2060,1,1,1,0.011467,0.925031,0.008185,0.002875,0.012742,0.002924,0.008367,0.001599,0.003477,0.023332
2061,1,1,1,0.016254,0.932901,0.00294,0.00623,0.006692,0.008058,0.001444,0.004048,0.002231,0.019202
2062,1,1,1,0.001831,0.974171,0.002263,0.003505,0.002879,0.002473,0.002897,0.002105,0.000913,0.006962
2063,1,1,1,0.007157,0.935536,0.012204,0.007226,0.006582,0.006177,0.002572,0.004981,0.004373,0.013192
2064,1,1,1,0.015479,0.930616,0.002852,0.012002,0.005444,0.004171,0.001547,0.001398,0.001568,0.024923
2065,1,1,1,0.005977,0.949768,0.005668,0.007168,0.002211,0.006651,0.00464,0.002171,0.001428,0.014318
2066,1,1,1,1.3e-05,0.9999,6e-06,8e-06,1.2e-05,1.3e-05,1.2e-05,7e-06,7e-06,2.3e-05
2067,1,1,1,0.008591,0.921065,0.009832,0.003652,0.011499,0.01056,0.00809,0.004827,0.003417,0.018467
2068,1,1,1,0.001616,0.992331,0.00034,0.001007,0.000427,0.000533,0.000703,0.000181,0.000298,0.002564
2069,1,1,1,1.1e-05,0.9999,2.1e-05,7e-06,1e-05,1.2e-05,5e-06,4e-06,4e-06,2.6e-05
2070,1,1,1,0.012638,0.902913,0.019703,0.005372,0.014131,0.005681,0.008208,0.002358,0.003326,0.025669
2071,1,1,1,0.001131,0.990484,0.001421,0.001563,0.000418,0.001178,0.000775,0.000263,0.000612,0.002155
2072,1,1,1,0.003627,0.962676,0.007965,0.004619,0.002301,0.003925,0.001514,0.001491,0.002735,0.009148
2073,1,1,1,0.004133,0.962672,0.003576,0.006134,0.002923,0.001945,0.002558,0.001351,0.00323,0.011478
2074,1,1,1,0.002776,0.975324,0.003237,0.001239,0.001349,0.001874,0.001698,0.000879,0.002212,0.009412
2075,1,1,1,0.016406,0.92622,0.009707,0.002415,0.004517,0.003077,0.003275,0.002348,0.007169,0.024866
2076,1,1,1,1e-05,0.9999,1.9e-05,6e-06,1.6e-05,7e-06,6e-06,4e-06,6e-06,2.7e-05
2077,1,1,1,0.012251,0.937592,0.008702,0.00668,0.006693,0.003208,0.002859,0.001897,0.003696,0.016421
2078,1,1,1,0.000963,0.987651,0.002526,0.000623,0.000602,0.001149,0.000959,0.000956,0.000639,0.003932
2079,1,1,1,6e-06,0.9999,2.2e-05,1.1e-05,1.1e-05,6e-06,7e-06,4e-06,5e-06,2.8e-05
2080,1,1,1,0.005252,0.957382,0.003474,0.00693,0.002953,0.005397,0.003655,0.0033,0.001273,0.010385
2081,1,1,1,0.003998,0.981549,0.003163,0.000833,0.001737,0.001661,0.001737,0.000755,0.000466,0.004102
2082,1,1,1,0.00095,0.983429,0.001504,0.002147,0.000671,0.001006,0.001605,0.001166,0.00169,0.00583
2083,1,1,1,0.004676,0.926622,0.006197,0.013445,0.007567,0.007061,0.002976,0.007463,0.003661,0.020331
2084,1,1,1,0.021866,0.897061,0.013082,0.008195,0.005072,0.008683,0.00411,0.004489,0.006027,0.031416
2085,1,1,1,0.003679,0.957615,0.007232,0.003547,0.002079,0.004867,0.002764,0.003941,0.001321,0.012955
2086,1,1,1,0.010633,0.949948,0.008154,0.001876,0.004478,0.005548,0.002348,0.003184,0.001212,0.01262
2087,1,1,1,0.002222,0.979002,0.002371,0.001108,0.002231,0.002593,0.002479,0.001347,0.000861,0.005786
2088,1,1,1,9e-06,0.9999,1.9e-05,6e-06,1.1e-05,6e-06,6e-06,9e-06,3e-06,3e-05
2089,1,1,1,0.017698,0.923456,0.003562,0.009261,0.007694,0.002139,0.002077,0.002035,0.005425,0.026655
2090,1,1,1,0.002755,0.948407,0.011291,0.00813,0.005494,0.002825,0.001457,0.001316,0.003095,0.015231
2091,1,1,1,0.003984,0.978196,0.001926,0.001709,0.002555,0.001488,0.002,0.001245,0.001058,0.005839
2092,1,1,1,0.020039,0.908025,0.012446,0.008422,0.00634,0.003763,0.009511,0.003906,0.005648,0.0219
2093,1,1,1,0.013081,0.911649,0.013324,0.010172,0.010399,0.003115,0.005879,0.002339,0.005061,0.024981
2094,1,1,1,0.006971,0.964974,0.003999,0.003795,0.003689,0.003025,0.002387,0.000723,0.000809,0.009627
2095,1,1,1,0.004607,0.970426,0.002185,0.003911,0.004189,0.003373,0.001611,0.002281,0.001484,0.005933
2096,1,1,1,0.010832,0.894358,0.010974,0.00585,0.008046,0.016449,0.007226,0.009351,0.003026,0.033888
2097,1,1,1,0.012984,0.947853,0.00965,0.002094,0.00237,0.002343,0.00127,0.003336,0.002142,0.015958
2098,1,1,1,0.015192,0.925916,0.009754,0.008449,0.010057,0.006643,0.001582,0.005356,0.002,0.01505
2099,1,1,1,0.001312,0.974898,0.005096,0.003694,0.002602,0.002894,0.002312,0.001396,0.001021,0.004777
2100,1,1,1,0.00473,0.967059,0.001676,0.003002,0.003814,0.002663,0.002296,0.001351,0.002878,0.010532
2101,1,1,1,0.003459,0.972272,0.004262,0.003629,0.003258,0.002069,0.000598,0.002032,0.00204,0.006382
2102,1,1,1,1.1e-05,0.9999,7e-06,1.1e-05,1.4e-05,4e-06,9e-06,9e-06,2e-06,3.3e-05
2103,1,1,1,0.003564,0.964258,0.007128,0.001882,0.003816,0.002803,0.001272,0.00341,0.001423,0.010443
2104,1,1,1,0.006374,0.961322,0.006074,0.003033,0.003642,0.001373,0.002736,0.001152,0.001525,0.01277
2105,1,1,1,0.000522,0.991612,0.000607,0.000671,0.000937,0.000735,0.001136,0.000894,0.000603,0.002283
2106,1,1,1,0.012085,0.940026,0.003734,0.006092,0.003555,0.004132,0.005897,0.003187,0.002109,0.019183
2107,1,1,1,0.0053,0.956069,0.008101,0.001895,0.001473,0.003172,0.002743,0.004776,0.003299,0.013173
2108,1,1,1,0.004796,0.972839,0.002424,0.003652,0.001094,0.001776,0.001706,0.001465,0.001711,0.008536
2109,1,3,0,-0.004748,0.469304,-0.007033,0.575169,-0.005103,-0.010372,-0.00614,-0.005528,-0.005548,0.0
2110,1,3,0,0.015214,0.268526,0.026589,0.525215,0.032811,0.019421,0.012511,0.010118,0.007831,0.081764
2111,1,3,0,0.010188,0.326934,0.004367,0.613519,0.007764,0.005675,0.00194,0.005449,0.003468,0.020697
2112,1,3,0,-0.027213,0.536923,-0.044183,0.626765,-0.029067,-0.016243,-0.026979,-0.007215,-0.012788,0.0
2113,1,3,0,0.013046,0.329749,0.00423,0.572915,0.009892,0.005761,0.005771,0.007212,0.00418,0.047244
2114,1,3,0,-0.016704,0.413175,-0.015513,0.682573,-0.010498,-0.023709,-0.010267,-0.010853,-0.008204,0.0
2115,2,2,1,0.004757,0.010961,0.912426,0.015051,0.007594,0.006419,0.008089,0.007708,0.004909,0.022086
2116,2,2,1,0.023604,0.012669,0.899117,0.005468,0.009304,0.011046,0.009221,0.00449,0.005093,0.019989
2117,2,2,1,0.01981,0.013767,0.911654,0.006579,0.010656,0.003657,0.007327,0.003073,0.004689,0.018788
2118,2,2,1,0.007135,0.009125,0.904425,0.007084,0.012883,0.00801,0.008243,0.006981,0.002671,0.033443
2119,2,2,1,0.001661,0.002749,0.976649,0.004099,0.001546,0.002581,0.002312,0.000761,0.001829,0.005811
2120,2,2,1,0.019036,0.009639,0.917317,0.004921,0.007067,0.007579,0.004196,0.004609,0.005036,0.020599
2121,2,2,1,0.006254,0.006523,0.932668,0.007909,0.002462,0.004428,0.003837,0.001856,0.001788,0.032274
2122,2,2,1,1.2e-05,1.3e-05,0.9999,1.3e-05,8e-06,3e-06,8e-06,5e-06,4e-06,3.2e-05
2123,2,2,1,0.016013,0.01492,0.922833,0.010854,0.002249,0.007272,0.005753,0.001941,0.001217,0.016949
2124,2,2,1,1.4e-05,7e-06,0.9999,8e-06,8e-06,3e-06,1.2e-05,7e-06,7e-06,3.4e-05
2125,2,2,1,0.005825,0.001728,0.969473,0.002137,0.00217,0.004659,0.001373,0.002024,0.00069,0.009921
2126,2,2,1,0.00832,0.015909,0.925653,0.011763,0.003024,0.003724,0.007599,0.001336,0.004444,0.018227
2127,2,2,1,0.011768,0.004897,0.92718,0.007185,0.004953,0.010417,0.004414,0.002529,0.003322,0.023334
2128,2,2,1,2.1e-05,7e-06,0.9999,4e-06,1.5e-05,1e-05,8e-06,3e-06,2e-06,3e-05
2129,2,2,1,0.00673,0.006315,0.957052,0.001707,0.003132,0.003889,0.001479,0.002487,0.001033,0.016174
2130,2,2,1,0.000335,0.000372,0.997602,0.000103,0.000374,0.000249,5.4e-05,0.000106,0.000167,0.000635
2131,2,2,1,0.004763,0.00682,0.96284,0.004969,0.001319,0.002355,0.002233,0.002334,0.000695,0.011672
2132,2,2,1,0.00654,0.003195,0.941918,0.007203,0.003181,0.009152,0.004685,0.001266,0.004794,0.018067
2133,2,2,1,0.001034,0.001431,0.988907,0.000758,0.001619,0.00113,0.000432,0.000322,0.000397,0.003969
2134,2,2,1,0.004976,0.002901,0.974953,0.001118,0.002054,0.001099,0.000954,0.002519,0.00095,0.008476
2135,2,2,1,0.016978,0.01129,0.924217,0.00503,0.005587,0.002671,0.005107,0.004773,0.003882,0.020466
2136,2,2,1,0.006227,0.00317,0.971282,0.00215,0.002256,0.003679,0.000887,0.000984,0.001033,0.008331
2137,2,2,1,0.008968,0.007448,0.95949,0.00184,0.002717,0.00134,0.002356,0.001249,0.001258,0.013335
2138,2,2,1,0.001316,0.004452,0.980199,0.003266,0.001969,0.00047,0.000869,0.00148,0.000832,0.005147
2139,2,2,1,0.011489,0.009313,0.947424,0.003977,0.001516,0.004859,0.002874,0.003248,0.001732,0.01357
2140,2,2,1,0.00494,0.005868,0.962517,0.004549,0.002434,0.003179,0.004031,0.002314,0.001058,0.009109
2141,2,2,1,0.002895,0.004039,0.975668,0.002903,0.001742,0.001613,0.00085,0.000733,0.001754,0.007804
2142,2,2,1,0.01153,0.012621,0.930661,0.003802,0.005627,0.008087,0.006881,0.003963,0.003306,0.01352
2143,2,2,1,2.1e-05,1.8e-05,0.9999,6e-06,9e-06,1e-05,8e-06,4e-06,3e-06,2.1e-05
2144,2,2,1,0.002063,0.001628,0.966591,0.004609,0.002822,0.002268,0.003048,0.001632,0.003285,0.012054
2145,2,2,1,0.001849,0.00065,0.988552,0.001458,0.001231,0.000927,0.000928,0.00072,0.000247,0.003438
2146,2,2,1,0.007067,0.00702,0.956975,0.004509,0.005247,0.004388,0.003623,0.001437,0.00236,0.007375
2147,2,2,1,0.0054,0.005514,0.969157,0.004127,0.003886,0.00126,0.001106,0.001312,0.001152,0.007086
2148,2,2,1,0.000453,0.000941,0.993836,0.000742,0.000458,0.000487,0.000245,0.000628,0.000185,0.002025
2149,2,2,1,0.012693,0.003429,0.949143,0.006786,0.005234,0.004509,0.004064,0.001723,0.001438,0.010981
2150,2,2,1,0.000165,0.000168,0.996724,0.00047,0.00031,0.000451,0.00034,0.000341,0.000145,0.000885
2151,2,2,1,0.012669,0.010761,0.924923,0.002617,0.007561,0.008444,0.005404,0.001878,0.002585,0.023157
2152,2,2,1,0.006939,0.007714,0.958183,0.00186,0.004138,0.004197,0.001365,0.001514,0.002636,0.011454
2153,2,2,1,0.003503,0.004987,0.961215,0.006554,0.004384,0.004627,0.002437,0.001745,0.002039,0.00851
2154,2,2,1,0.007555,0.003355,0.963855,0.004004,0.004639,0.001102,0.003422,0.002799,0.001252,0.008016
2155,2,2,1,0.009722,0.003724,0.961113,0.001479,0.001309,0.003836,0.004107,0.00247,0.001291,0.01095
2156,2,2,1,0.007714,0.005081,0.966177,0.002079,0.002636,0.003848,0.001928,0.000706,0.000673,0.009157
2157,2,2,1,0.001463,0.001272,0.991434,0.001101,0.000548,0.000327,0.000635,0.000679,0.000203,0.002336
2158,2,2,1,2.1e-05,1.4e-05,0.9999,4e-06,5e-06,1.1e-05,5e-06,5e-06,5e-06,2.9e-05
2159,2,2,1,0.004393,0.005072,0.964858,0.004351,0.002275,0.004346,0.001539,0.001723,0.001583,0.00986
2160,2,2,1,0.006859,0.00372,0.95716,0.005768,0.00141,0.001953,0.004719,0.004272,0.002655,0.011485
2161,2,2,1,0.004274,0.00379,0.946863,0.004259,0.005687,0.008237,0.002899,0.001205,0.005519,0.017267
2162,2,2,1,0.005499,0.009231,0.953915,0.004684,0.005008,0.005003,0.002391,0.002967,0.001375,0.009926
2163,2,2,1,0.008555,0.003504,0.964964,0.001883,0.00498,0.001916,0.002,0.00063,0.00078,0.010787
2164,2,2,1,0.017577,0.007083,0.891499,0.01595,0.00485,0.004617,0.007813,0.003233,0.004043,0.043334
2165,2,2,1,0.018359,0.009904,0.895872,0.012358,0.006819,0.012656,0.005703,0.008688,0.001843,0.027799
2166,2,2,1,0.005859,0.006726,0.943059,0.002695,0.003148,0.003792,0.002731,0.002154,0.002027,0.027808
2167,2,2,1,0.011871,0.009422,0.947427,0.002818,0.00657,0.003581,0.004542,0.002416,0.000724,0.010631
2168,2,2,1,0.007805,0.006222,0.966195,0.003818,0.000835,0.002981,0.001664,0.001205,0.002236,0.007038
2169,2,2,1,0.007377,0.005631,0.963908,0.005649,0.001773,0.001979,0.00081,0.002897,0.001806,0.00817
2170,2,2,1,1.3e-05,8e-06,0.9999,1.4e-05,8e-06,1.4e-05,3e-06,3e-06,4e-06,3.3e-05
2171,2,2,1,0.011263,0.015538,0.908575,0.013552,0.012595,0.009342,0.003258,0.005669,0.002059,0.018149
2172,2,2,1,0.005651,0.019781,0.915173,0.009322,0.004138,0.005217,0.002863,0.007036,0.006633,0.024186
2173,2,2,1,1.8e-05,7e-06,0.9999,1e-05,3e-06,8e-06,7e-06,1e-05,9e-06,2.8e-05
2174,2,2,1,2.4e-05,1.7e-05,0.9999,6e-06,3e-06,1.2e-05,9e-06,7e-06,3e-06,2e-05
2175,2,2,1,0.009831,0.007902,0.938228,0.009638,0.007156,0.002961,0.003483,0.001375,0.001592,0.017834
2176,2,2,1,0.001112,0.002632,0.979029,0.004075,0.002778,0.001148,0.001505,0.00192,0.00142,0.004381
2177,2,2,1,0.002438,0.003381,0.967546,0.00278,0.002192,0.001316,0.003972,0.003697,0.002546,0.010133
2178,2,2,1,0.008784,0.011819,0.890418,0.015788,0.016006,0.009774,0.009493,0.003137,0.003525,0.031255
2179,2,2,1,0.012737,0.002605,0.938506,0.005997,0.007557,0.006852,0.004597,0.001429,0.001474,0.018245
2180,2,2,1,0.012242,0.007573,0.940232,0.002639,0.002961,0.003429,0.006848,0.00327,0.002317,0.01849
2181,2,2,1,0.00896,0.011265,0.92373,0.006025,0.011249,0.005837,0.002824,0.001896,0.004327,0.023888
2182,2,2,1,0.003648,0.008271,0.933227,0.005591,0.01009,0.00468,0.002403,0.002251,0.001753,0.028085
2183,2,2,1,0.003835,0.011159,0.943781,0.005121,0.003221,0.006575,0.001748,0.004795,0.001965,0.017799
2184,2,2,1,6e-06,1.6e-05,0.9999,1.9e-05,8e-06,1.1e-05,4e-06,3e-06,6e-06,2.7e-05
2185,2,2,1,0.005597,0.003894,0.968622,0.001326,0.001268,0.001594,0.004423,0.001199,0.00204,0.010036
2186,2,2,1,0.013355,0.015656,0.921843,0.003245,0.009709,0.002044,0.001798,0.003544,0.006837,0.021968
2187,2,2,1,0.011186,0.004064,0.947401,0.007471,0.00446,0.001774,0.005072,0.003759,0.002384,0.012429
2188,2,2,1,2.3e-05,1.6e-05,0.9999,1.4e-05,4e-06,1.1e-05,4e-06,6e-06,6e-06,1.8e-05
2189,2,2,1,0.006427,0.003785,0.974097,0.001595,0.002345,0.001257,0.002577,0.001135,0.00105,0.005732
2190,2,2,1,1.8e-05,5e-06,0.9999,1.9e-05,7e-06,6e-06,4e-06,3e-06,6e-06,3.3e-05
2191,2,2,1,0.007503,0.012856,0.909925,0.015578,0.00751,0.009276,0.005391,0.00658,0.004308,0.021072
2192,2,2,1,0.001435,0.002447,0.980183,0.002157,0.002212,0.001763,0.002018,0.001121,0.001446,0.005219
2193,2,2,1,0.002473,0.002724,0.967444,0.004628,0.004583,0.003208,0.001895,0.001908,0.002283,0.008855
2194,2,2,1,0.016033,0.003349,0.926286,0.012261,0.006813,0.002511,0.007551,0.002177,0.002471,0.020548
2195,2,2,1,0.002524,0.008778,0.952359,0.005807,0.006316,0.003465,0.005064,0.000883,0.001243,0.01356
2196,2,2,1,0.003785,0.007906,0.957385,0.002865,0.003621,0.002132,0.005444,0.001253,0.002607,0.013002
2197,2,2,1,2.1e-05,1e-05,0.9999,1.3e-05,7e-06,6e-06,6e-06,5e-06,5e-06,2.8e-05
2198,2,2,1,0.012096,0.003337,0.935152,0.008596,0.003008,0.006262,0.007777,0.005618,0.003438,0.014717
2199,2,2,1,0.004559,0.003485,0.980838,0.000755,0.000632,0.000711,0.001184,0.000859,0.000551,0.006425
2200,2,2,1,0.000477,0.00078,0.990806,0.00047,0.001778,0.001209,0.000692,0.000385,0.000702,0.002699
2201,2,2,1,0.002645,0.002052,0.97514,0.004025,0.00117,0.00236,0.001191,0.000884,0.001668,0.008866
2202,2,2,1,0.00235,0.004477,0.957053,0.00258,0.004528,0.006147,0.001484,0.001135,0.004487,0.015758
2203,2,2,1,0.001741,0.001935,0.970684,0.005957,0.002469,0.003339,0.002813,0.002134,0.002213,0.006717
2204,2,2,1,0.010389,0.003787,0.950252,0.007952,0.004775,0.00265,0.002261,0.001222,0.000846,0.015865
2205,2,2,1,0.003682,0.004809,0.931063,0.012223,0.011208,0.004965,0.00653,0.00207,0.003544,0.019907
2206,2,2,1,0.004659,0.001222,0.97893,0.002195,0.002084,0.001246,0.001962,0.001717,0.000463,0.005523
2207,2,2,1,0.018218,0.016424,0.910732,0.012647,0.004865,0.002587,0.003344,0.00388,0.004438,0.022864
2208,2,2,1,0.006869,0.007582,0.932608,0.012588,0.002386,0.006997,0.005256,0.002113,0.004646,0.018955
2209,2,2,1,0.002213,0.004249,0.958848,0.003765,0.006237,0.005395,0.002392,0.001792,0.003092,0.012017
2210,2,2,1,0.003023,0.003167,0.951958,0.005949,0.002234,0.005051,0.002132,0.00336,0.002375,0.020751
2211,2,2,1,0.006928,0.004918,0.961609,0.004731,0.002094,0.003607,0.001003,0.001051,0.001597,0.012462
2212,2,2,1,0.00071,0.000626,0.996539,0.000232,0.000122,0.000195,0.000345,0.000235,0.000183,0.000811
2213,2,2,1,0.00569,0.003233,0.95508,0.003044,0.003358,0.005929,0.004427,0.002512,0.00133,0.015397
2214,2,2,1,0.016556,0.014918,0.923628,0.006274,0.005242,0.002578,0.004284,0.006059,0.003819,0.016642
2215,2,2,1,0.002237,0.006256,0.971599,0.004418,0.002963,0.002989,0.000874,0.001384,0.001705,0.005575
2216,2,2,1,0.010398,0.005638,0.91451,0.015879,0.0073,0.006978,0.0057,0.00203,0.007235,0.024333
2217,2,2,1,0.006241,0.005617,0.966945,0.003252,0.004257,0.003405,0.00173,0.000828,0.000475,0.007251
2218,2,2,1,0.005303,0.002526,0.945368,0.009718,0.006952,0.007193,0.003918,0.001502,0.001577,0.015943
2219,2,2,1,0.00202,0.000875,0.984881,0.002823,0.001591,0.001092,0.001614,0.001048,0.000458,0.003598
2220,2,2,1,0.00799,0.003226,0.939605,0.007118,0.007112,0.004986,0.005757,0.002877,0.001744,0.019585
2221,2,2,1,0.018633,0.011048,0.915345,0.012233,0.004199,0.007949,0.003118,0.006017,0.003119,0.018337
2222,2,2,1,0.000616,0.001465,0.991898,0.000518,0.001052,0.000379,0.000728,0.00049,0.000203,0.002651
2223,2,2,1,0.005096,0.01048,0.921596,0.007803,0.012513,0.005747,0.002726,0.00505,0.003902,0.025087
2224,2,2,1,0.002868,0.002169,0.983458,0.000838,0.001106,0.001535,0.001328,0.000647,0.000756,0.005296
2225,2,2,1,0.007422,0.005159,0.968815,0.004485,0.000728,0.002235,0.002357,0.000769,0.001844,0.006185
2226,2,2,1,0.010344,0.006596,0.958088,0.001318,0.005899,0.00405,0.001191,0.001621,0.001624,0.00927
2227,2,2,1,0.009002,0.017272,0.862541,0.006121,0.006755,0.014049,0.019162,0.003507,0.005741,0.055851
2228,2,2,1,0.000859,0.002005,0.990323,0.000394,0.00076,0.000295,0.000303,0.000843,0.000387,0.003829
2229,2,2,1,0.005362,0.00497,0.959579,0.003032,0.002866,0.004004,0.004452,0.003503,0.001689,0.010542
2230,2,2,1,0.012069,0.007499,0.911674,0.011073,0.009113,0.011734,0.002081,0.004502,0.007138,0.023116
2231,2,2,1,0.006149,0.004397,0.939733,0.005965,0.008563,0.007515,0.004429,0.001668,0.003685,0.017897
2232,2,2,1,0.005923,0.002911,0.958409,0.006605,0.00225,0.005312,0.001525,0.002808,0.003058,0.011201
2233,2,2,1,0.005794,0.010025,0.938647,0.004995,0.008289,0.006883,0.00157,0.005142,0.003613,0.015041
2234,2,2,1,0.017469,0.008986,0.918678,0.004567,0.008999,0.005005,0.003306,0.004878,0.004911,0.023202
2235,2,2,1,0.004787,0.002809,0.972694,0.00277,0.000849,0.00357,0.001715,0.002304,0.001137,0.007365
2236,2,2,1,0.00908,0.013322,0.931502,0.003869,0.00672,0.006499,0.006802,0.00362,0.004061,0.014526
2237,2,2,1,0.003301,0.002125,0.960867,0.00294,0.002017,0.003573,0.005415,0.002171,0.003743,0.013849
2238,2,2,1,0.009148,0.011311,0.942261,0.006224,0.00263,0.002313,0.006304,0.00197,0.00151,0.016328
2239,2,2,1,0.013666,0.004247,0.943406,0.002454,0.002927,0.004157,0.005257,0.002777,0.004659,0.016449
2240,2,2,1,0.000242,0.000246,0.998767,8e-05,0.000139,9.8e-05,2.4e-05,8.9e-05,5.2e-05,0.000263
2241,2,2,1,0.005279,0.004138,0.975174,0.001648,0.002844,0.001908,0.001811,0.000713,0.001459,0.005025
2242,2,2,1,0.01081,0.005966,0.953768,0.002252,0.005777,0.001186,0.003297,0.003356,0.003397,0.010192
2243,2,2,1,0.00176,0.001246,0.981682,0.003723,0.001204,0.00108,0.000766,0.001417,0.000989,0.006132
2244,2,2,1,0.006786,0.012028,0.939736,0.007056,0.002641,0.001946,0.002341,0.006685,0.002708,0.018073
2245,2,2,1,0.000319,0.000651,0.995096,0.000659,0.000346,0.000185,0.000145,0.000225,0.000487,0.001888
2246,2,2,1,0.003762,0.005271,0.958488,0.005665,0.005614,0.003544,0.001521,0.002247,0.002647,0.01124
2247,2,2,1,0.001878,0.003107,0.973162,0.004251,0.001331,0.002192,0.003381,0.001548,0.000734,0.008416
2248,2,2,1,0.001881,0.001598,0.985501,0.002529,0.000666,0.000431,0.001288,0.000452,0.001197,0.004457
2249,2,2,1,0.007056,0.003393,0.926278,0.010669,0.009572,0.00972,0.007678,0.002899,0.001762,0.020974
2250,2,2,1,0.001653,0.002605,0.976773,0.001822,0.001995,0.000788,0.000988,0.00123,0.002482,0.009663
2251,2,2,1,0.002328,0.005499,0.966773,0.002791,0.004143,0.001106,0.003824,0.00199,0.001943,0.009603
2252,2,2,1,0.009432,0.003444,0.944872,0.007964,0.003438,0.002353,0.006958,0.003238,0.00178,0.016521
2253,2,2,1,0.012345,0.007977,0.94224,0.006929,0.005799,0.003903,0.001496,0.001662,0.004157,0.013492
2254,2,2,1,1.5e-05,5e-06,0.9999,1.2e-05,9e-06,1e-05,1.2e-05,9e-06,6e-06,2.3e-05
2255,2,2,1,0.006308,0.007735,0.962404,0.003203,0.001405,0.004253,0.003504,0.000931,0.001471,0.008784
2256,2,2,1,0.008736,0.003392,0.936076,0.007974,0.00777,0.007467,0.003483,0.003902,0.001874,0.019325
2257,2,2,1,0.009218,0.003154,0.95339,0.007018,0.005169,0.004236,0.002593,0.001993,0.001116,0.012113
2258,2,2,1,0.006083,0.006441,0.958467,0.00597,0.002822,0.004747,0.003441,0.002136,0.001126,0.008768
2259,2,2,1,0.007921,0.011523,0.93645,0.005661,0.006193,0.002726,0.006611,0.001185,0.001548,0.02018
2260,2,2,1,0.003705,0.002935,0.979722,0.00114,0.002832,0.001063,0.000726,0.001042,0.001147,0.005688
2261,2,2,1,1e-05,8e-06,0.9999,4e-06,1.7e-05,5e-06,5e-06,1.2e-05,3e-06,3.6e-05
2262,2,2,1,0.002973,0.002839,0.943149,0.00972,0.005516,0.003009,0.006189,0.001542,0.003308,0.021755
2263,2,2,1,0.002397,0.010633,0.952105,0.007962,0.0058,0.001277,0.003294,0.002249,0.001243,0.013039
2264,2,2,1,0.003722,0.011723,0.935676,0.008451,0.002425,0.007679,0.005003,0.00251,0.004622,0.01819
2265,2,2,1,0.005757,0.002629,0.963506,0.002307,0.005606,0.001388,0.004512,0.00135,0.002854,0.010091
2266,2,2,1,0.002747,0.00746,0.949363,0.005752,0.006305,0.003237,0.002669,0.001622,0.003898,0.016946
2267,2,2,1,0.009278,0.013123,0.930556,0.006812,0.005519,0.002637,0.003409,0.005497,0.004464,0.018707
2268,2,2,1,0.004966,0.005444,0.956859,0.002945,0.004013,0.003581,0.002999,0.001522,0.001671,0.016
2269,2,2,1,0.002594,0.008213,0.964103,0.005701,0.004019,0.001121,0.002545,0.00244,0.000943,0.008321
2270,2,2,1,0.006388,0.012296,0.94189,0.007612,0.004066,0.002919,0.005299,0.001431,0.003616,0.014483
2271,2,2,1,0.016401,0.014155,0.88446,0.015441,0.008879,0.007425,0.012788,0.009257,0.006251,0.024941
2272,2,2,1,0.016776,0.010915,0.919349,0.004555,0.011856,0.007813,0.006494,0.00471,0.002536,0.014995
2273,2,2,1,0.004059,0.000998,0.981691,0.002122,0.000601,0.000709,0.002153,0.001334,0.001032,0.005302
2274,2,2,1,0.001065,0.001442,0.98172,0.002557,0.001838,0.001176,0.001056,0.001864,0.000609,0.006675
2275,2,2,1,1e-05,1.2e-05,0.9999,9e-06,6e-06,1.3e-05,8e-06,6e-06,7e-06,2.8e-05
2276,2,2,1,0.00128,0.00165,0.988225,0.001761,0.000891,0.001252,0.00066,0.0007,0.00038,0.003201
2277,2,2,1,0.005466,0.002922,0.961915,0.004062,0.004902,0.001299,0.001019,0.004447,0.002363,0.011607
2278,2,2,1,0.005474,0.002902,0.968749,0.004538,0.001899,0.001122,0.00299,0.001194,0.002294,0.008838
2279,2,2,1,1.7e-05,1.8e-05,0.9999,4e-06,1.3e-05,7e-06,3e-06,7e-06,2e-06,3e-05
2280,2,2,1,0.010994,0.004967,0.916783,0.006351,0.009199,0.01196,0.004069,0.003299,0.001951,0.030428
2281,2,2,1,0.007222,0.001975,0.963066,0.005561,0.004849,0.004204,0.001579,0.001537,0.002294,0.007714
2282,2,2,1,0.006922,0.004783,0.969284,0.002487,0.003882,0.002911,0.002009,0.000954,0.00074,0.006028
2283,2,2,1,0.009994,0.006608,0.947065,0.00775,0.005697,0.003759,0.004546,0.001164,0.001946,0.011471
2284,2,2,1,0.003827,0.010131,0.946853,0.004374,0.002026,0.004619,0.006148,0.003577,0.000998,0.017447
2285,2,2,1,0.018906,0.007137,0.922915,0.010238,0.005536,0.004144,0.001783,0.005609,0.003295,0.020437
2286,2,2,1,0.000539,0.000271,0.994563,0.000678,0.000545,0.000314,0.00066,0.00035,0.000433,0.001646
2287,2,2,1,0.013969,0.007424,0.939514,0.003015,0.007106,0.003886,0.005709,0.002811,0.002732,0.013833
2288,2,2,1,0.002257,0.006118,0.957593,0.00516,0.004372,0.002838,0.00326,0.002133,0.002759,0.013511
2289,2,2,1,0.006003,0.002789,0.972116,0.003824,0.002512,0.001159,0.002156,0.000791,0.001323,0.007326
2290,2,2,1,0.016689,0.016399,0.917046,0.002733,0.010311,0.007724,0.005166,0.005256,0.004086,0.01459
2291,2,2,1,0.014063,0.01071,0.920709,0.004241,0.0037,0.006571,0.004099,0.007946,0.003761,0.024199
2292,2,2,1,0.009743,0.006338,0.956282,0.003829,0.003129,0.001886,0.004093,0.002977,0.001529,0.010194
2293,2,2,1,0.004251,0.011156,0.948517,0.006683,0.006641,0.003297,0.004644,0.002459,0.001056,0.011297
2294,2,2,1,0.000673,0.002369,0.989813,0.001524,0.001327,0.000636,0.000594,0.00041,0.000304,0.00235
2295,2,2,1,0.02018,0.006251,0.910989,0.013195,0.007049,0.005991,0.008464,0.001428,0.00356,0.022893
2296,2,2,1,0.00169,0.003073,0.979957,0.001246,0.001281,0.002411,0.001625,0.002098,0.000641,0.005977
2297,2,2,1,0.017254,0.010873,0.923944,0.004672,0.00499,0.007172,0.005533,0.004817,0.001506,0.019238
2298,2,2,1,0.015838,0.006804,0.935534,0.010405,0.005334,0.001636,0.002885,0.003401,0.001598,0.016566
2299,2,2,1,0.001231,0.002177,0.990036,0.001023,0.001337,0.000438,0.00061,0.00048,0.000547,0.002121
2300,2,2,1,0.003178,0.003891,0.947782,0.010128,0.006502,0.005649,0.003275,0.003091,0.002193,0.014312
2301,2,2,1,0.008859,0.011785,0.941094,0.00487,0.004187,0.005204,0.004384,0.00364,0.001897,0.01408
2302,2,2,1,0.012907,0.011822,0.935823,0.002381,0.004668,0.007134,0.005722,0.003248,0.00317,0.013125
2303,2,2,1,0.005585,0.014445,0.92875,0.007796,0.005025,0.003454,0.004884,0.001782,0.004106,0.024174
2304,2,2,1,1.3e-05,1e-05,0.9999,1.1e-05,4e-06,4e-06,1e-05,3e-06,8e-06,3.8e-05
2305,2,2,1,0.016045,0.012383,0.928127,0.006119,0.004868,0.005055,0.004662,0.003023,0.001672,0.018047
2306,2,2,1,0.002502,0.00315,0.977219,0.003434,0.000767,0.002846,0.001427,0.001327,0.001334,0.005995
2307,2,2,1,0.01418,0.010603,0.941691,0.002909,0.005492,0.004429,0.001402,0.002581,0.000843,0.015869
2308,2,2,1,1.9e-05,1.8e-05,0.9999,8e-06,4e-06,1.1e-05,5e-06,3e-06,5e-06,2.7e-05
2309,2,2,1,0.008986,0.010599,0.942423,0.003724,0.002536,0.001947,0.006001,0.002023,0.005104,0.016656
2310,2,2,1,0.001851,0.001676,0.982018,0.001666,0.002161,0.001871,0.00076,0.000805,0.001796,0.005397
2311,2,2,1,1.9e-05,1.8e-05,0.9999,1.5e-05,3e-06,2e-06,9e-06,7e-06,6e-06,2.1e-05
2312,2,2,1,0.006501,0.002078,0.971154,0.003432,0.002813,0.003334,0.000868,0.000929,0.001092,0.007799
2313,2,2,1,0.00135,0.00396,0.973942,0.002142,0.00261,0.003433,0.002957,0.000593,0.00155,0.007463
2314,2,2,1,0.004537,0.011021,0.94059,0.004318,0.004493,0.00767,0.006248,0.002359,0.002259,0.016505
2315,2,2,1,0.00627,0.01219,0.933625,0.004847,0.008647,0.006539,0.005939,0.004563,0.003576,0.013802
2316,2,2,1,0.00404,0.004801,0.959036,0.006114,0.005672,0.004673,0.002496,0.000971,0.002742,0.009454
2317,2,2,1,0.005683,0.007231,0.965347,0.002169,0.002424,0.004077,0.001699,0.000915,0.000936,0.009519
2318,2,2,1,0.002258,0.003304,0.98211,0.002106,0.001789,0.001314,0.00076,0.000412,0.000741,0.005207
2319,2,2,1,0.001937,0.003273,0.982722,0.002939,0.002018,0.001304,0.000493,0.001061,0.001022,0.003232
2320,2,2,1,0.002232,0.005681,0.974316,0.002892,0.001127,0.001743,0.001557,0.002543,0.001896,0.006013
2321,2,2,1,0.001039,0.000698,0.993659,0.000404,0.0005,0.000637,0.000515,0.000581,0.000335,0.001633
2322,2,2,1,0.004489,0.003799,0.977264,0.002843,0.001156,0.001192,0.001486,0.00113,0.001623,0.005016
2323,2,2,1,0.012255,0.009107,0.923972,0.00815,0.008009,0.004792,0.006952,0.001404,0.001884,0.023475
2324,2,2,1,0.006272,0.007659,0.959442,0.00267,0.004111,0.001973,0.002064,0.002697,0.002612,0.010499
2325,2,2,1,0.005281,0.002762,0.978463,0.001092,0.000933,0.000596,0.000553,0.000653,0.001058,0.008608
2326,2,2,1,0.009357,0.007261,0.934694,0.010615,0.00742,0.007319,0.005631,0.001965,0.002839,0.012899
2327,2,2,1,0.007243,0.003899,0.924055,0.006924,0.013727,0.002832,0.00455,0.001961,0.005337,0.029473
2328,2,2,1,0.01463,0.010699,0.936455,0.005504,0.001853,0.005326,0.003497,0.002544,0.003592,0.015901
2329,2,2,1,0.005688,0.009187,0.94802,0.006806,0.00574,0.002686,0.001143,0.003611,0.003285,0.013833
2330,2,2,1,0.00183,0.003698,0.981076,0.000753,0.00299,0.0024,0.000984,0.001495,0.000336,0.004438
2331,2,2,1,0.0025,0.00129,0.989524,0.001164,0.000414,0.001213,0.000927,0.000639,0.00037,0.001958
2332,2,2,1,1.8e-05,1.8e-05,0.9999,8e-06,4e-06,3e-06,7e-06,5e-06,6e-06,3e-05
2333,2,2,1,0.002498,0.008121,0.950599,0.005112,0.00799,0.003496,0.002588,0.002862,0.003373,0.013363
2334,2,2,1,0.016561,0.005584,0.931769,0.010108,0.004027,0.00668,0.002817,0.00228,0.003877,0.016297
2335,2,2,1,0.009055,0.01716,0.920291,0.0097,0.006413,0.006494,0.006798,0.001671,0.001353,0.021064
2336,2,2,1,0.005018,0.008178,0.940196,0.011379,0.002199,0.00442,0.005765,0.004623,0.001565,0.016657
2337,2,2,1,0.002288,0.006897,0.961222,0.006412,0.004609,0.003097,0.003009,0.002096,0.001588,0.008782
2338,2,2,1,0.002499,0.005087,0.971594,0.004415,0.003615,0.001434,0.002491,0.000951,0.00136,0.006554
2339,2,2,1,0.001812,0.001039,0.9912,0.000328,0.001124,0.000706,0.000846,0.000603,0.000265,0.002077
2340,2,2,1,5e-06,2.1e-05,0.9999,1e-05,4e-06,1.2e-05,3e-06,6e-06,2e-06,3.6e-05
2341,2,2,1,0.001947,0.00103,0.991671,0.001104,0.000516,0.000547,0.000311,0.000521,0.000524,0.001828
2342,2,2,1,0.00603,0.003902,0.949889,0.004064,0.006176,0.001936,0.005851,0.003362,0.002233,0.016556
2343,2,2,1,0.007421,0.002585,0.953304,0.00724,0.002035,0.006279,0.002967,0.001894,0.00342,0.012855
2344,2,2,1,0.010625,0.003795,0.937669,0.006213,0.007477,0.007332,0.001359,0.002732,0.00382,0.018978
2345,2,2,1,0.005046,0.003583,0.977913,0.002602,0.001235,0.001081,0.001349,0.001776,0.001348,0.004068
2346,2,2,1,0.007583,0.002545,0.960579,0.001942,0.00432,0.004288,0.003144,0.002008,0.001115,0.012476
2347,2,2,1,2.4e-05,1.5e-05,0.9999,6e-06,7e-06,1e-05,6e-06,6e-06,3e-06,2.3e-05
2348,2,2,1,1.8e-05,1.3e-05,0.9999,4e-06,8e-06,5e-06,1e-05,3e-06,9e-06,3e-05
2349,2,2,1,0.005179,0.005973,0.951367,0.006374,0.006949,0.004698,0.002306,0.00229,0.001338,0.013525
2350,2,2,1,0.000393,0.00024,0.997266,0.000114,0.00046,0.000351,0.000238,0.000204,0.000108,0.000625
2351,2,2,1,0.008586,0.011719,0.943185,0.005903,0.007605,0.001346,0.001811,0.004878,0.00289,0.012076
2352,2,2,1,0.011644,0.012059,0.926381,0.009412,0.0092,0.003332,0.002643,0.001732,0.004393,0.019205
2353,2,2,1,0.014914,0.010469,0.93574,0.004887,0.002354,0.00498,0.004284,0.003628,0.002223,0.016521
2354,2,2,1,0.006006,0.001956,0.96693,0.00455,0.001161,0.004827,0.003056,0.002124,0.000768,0.008622
2355,2,2,1,0.00328,0.00551,0.938828,0.0121,0.007477,0.004764,0.006741,0.002613,0.001975,0.016712
2356,2,2,1,0.017904,0.015184,0.913919,0.009845,0.008016,0.002723,0.005772,0.00238,0.003366,0.020891
2357,2,2,1,0.002148,0.004112,0.965749,0.001811,0.004543,0.002549,0.001886,0.001797,0.003471,0.011936
2358,2,2,1,0.00916,0.013569,0.930412,0.004028,0.00494,0.007646,0.003786,0.001338,0.002422,0.022699
2359,2,2,1,0.00197,0.007074,0.962625,0.001834,0.004158,0.00119,0.002639,0.003935,0.003373,0.011201
2360,2,2,1,1.5e-05,5e-06,0.9999,1.9e-05,4e-06,6e-06,7e-06,4e-06,9e-06,3.2e-05
2361,2,2,1,0.004665,0.002495,0.962438,0.004748,0.004572,0.003782,0.002349,0.003252,0.002045,0.009655
2362,2,2,1,0.004085,0.002333,0.956208,0.002753,0.002873,0.006702,0.002441,0.001261,0.002625,0.01872
2363,2,2,1,0.002314,0.0041,0.957668,0.002931,0.002969,0.007161,0.004603,0.002988,0.002889,0.012377
2364,2,2,1,0.01313,0.014288,0.920375,0.01273,0.002303,0.006493,0.004807,0.001516,0.005422,0.018936
2365,2,2,1,1.4e-05,2e-05,0.9999,1.6e-05,1.2e-05,7e-06,3e-06,3e-06,4e-06,2.1e-05
2366,2,2,1,0.003368,0.004528,0.968575,0.004023,0.003681,0.003721,0.00115,0.000746,0.001648,0.008559
2367,2,2,1,0.007517,0.002607,0.957322,0.005196,0.003498,0.004196,0.003065,0.001771,0.00323,0.011599
2368,2,2,1,0.011203,0.002793,0.954473,0.002635,0.006035,0.002839,0.001495,0.003211,0.000926,0.01439
2369,2,2,1,0.002605,0.0014,0.986282,0.000942,0.001862,0.000487,0.000861,0.000433,0.000812,0.004316
2370,2,2,1,0.004994,0.005472,0.964276,0.005091,0.004646,0.002037,0.001028,0.001503,0.002726,0.008228
2371,2,2,1,0.004826,0.004226,0.960829,0.001934,0.006792,0.003983,0.001107,0.001566,0.002876,0.011861
2372,2,2,1,0.002118,0.000893,0.989998,0.000425,0.00102,0.000912,0.000578,0.000348,0.00041,0.003299
2373,2,2,1,0.004547,0.007561,0.950488,0.004171,0.005431,0.001705,0.003264,0.002348,0.004078,0.016407
2374,2,2,1,0.003395,0.006276,0.970214,0.004699,0.00257,0.001463,0.001617,0.001607,0.001608,0.006552
2375,2,2,1,2e-05,1.9e-05,0.9999,1.1e-05,8e-06,6e-06,7e-06,3e-06,5e-06,2.1e-05
2376,2,2,1,0.008655,0.004412,0.93221,0.005309,0.011179,0.007368,0.004599,0.004609,0.003507,0.018153
2377,2,2,1,0.007163,0.011634,0.944555,0.004575,0.00461,0.005613,0.005334,0.004108,0.002343,0.010064
2378,2,2,1,0.000608,0.000862,0.991029,0.001659,0.001234,0.000323,0.000373,0.000216,0.000451,0.003246
2379,2,2,1,0.012429,0.006695,0.915888,0.014301,0.003991,0.008932,0.007164,0.002832,0.005179,0.022588
2380,2,2,1,0.001779,0.001202,0.986417,0.000925,0.001569,0.000622,0.000734,0.000559,0.000799,0.005395
2381,2,2,1,2.1e-05,1.9e-05,0.9999,7e-06,1.2e-05,7e-06,3e-06,4e-06,6e-06,2e-05
2382,2,2,1,0.00701,0.010512,0.926031,0.00664,0.003892,0.003551,0.007931,0.001871,0.00224,0.030323
2383,2,2,1,0.013648,0.002954,0.927309,0.007553,0.004261,0.008954,0.003004,0.003419,0.002244,0.026656
2384,2,2,1,0.000383,0.00094,0.994031,0.000371,0.000734,0.000744,0.00041,0.000511,0.000417,0.00146
2385,2,2,1,0.005596,0.00444,0.95161,0.004542,0.007755,0.001603,0.005752,0.002146,0.00271,0.013847
2386,2,2,1,0.007819,0.003861,0.951201,0.002075,0.006775,0.003637,0.002632,0.002182,0.00366,0.016158
2387,2,2,1,0.004102,0.008696,0.952781,0.008557,0.005042,0.001668,0.001449,0.002477,0.002183,0.013046
2388,2,2,1,0.00832,0.004277,0.963404,0.005808,0.004384,0.0018,0.001318,0.001557,0.002147,0.006986
2389,2,2,1,0.003966,0.002255,0.971383,0.002739,0.001919,0.003716,0.001641,0.001395,0.00192,0.009066
2390,2,2,1,0.003804,0.006175,0.964625,0.001461,0.003461,0.003923,0.003237,0.001018,0.001835,0.010462
2391,2,2,1,0.00298,0.009432,0.944501,0.005897,0.007672,0.003641,0.002158,0.003337,0.00158,0.018801
2392,2,2,1,0.009853,0.006924,0.958106,0.001325,0.00138,0.004288,0.001598,0.002507,0.003455,0.010565
2393,2,2,1,0.00723,0.007025,0.959121,0.006357,0.004593,0.003277,0.002965,0.001847,0.000808,0.006777
2394,2,2,1,0.009521,0.00923,0.935291,0.003258,0.010037,0.008041,0.004673,0.003274,0.002449,0.014225
2395,2,2,1,0.005209,0.004178,0.968405,0.002344,0.004955,0.0031,0.001199,0.00247,0.001231,0.006909
2396,2,2,1,2.3e-05,1.6e-05,0.9999,3e-06,6e-06,1e-05,8e-06,3e-06,4e-06,2.7e-05
2397,2,2,1,0.006609,0.002496,0.970556,0.001536,0.003743,0.003691,0.001153,0.001289,0.00068,0.008246
2398,2,2,1,0.00365,0.003501,0.980868,0.00253,0.000614,0.001975,0.000486,0.001104,0.000857,0.004416
2399,2,2,1,0.000999,0.000749,0.991529,0.000342,0.000413,0.001116,0.000667,0.000794,0.000793,0.002598
2400,2,2,1,0.001265,0.00114,0.994069,0.000672,0.000316,0.000379,0.000182,0.00045,0.000271,0.001255
2401,2,2,1,1.2e-05,1.7e-05,0.9999,1.4e-05,1.1e-05,3e-06,7e-06,6e-06,2e-06,2.9e-05
2402,2,2,1,0.003128,0.002712,0.979839,0.0021,0.001417,0.001721,0.001994,0.00045,0.001025,0.005613
2403,2,2,1,0.005635,0.002536,0.955591,0.007112,0.005522,0.002386,0.003787,0.002269,0.002176,0.012986
2404,2,2,1,2.4e-05,1.8e-05,0.9999,7e-06,1e-05,5e-06,5e-06,4e-06,3e-06,2.4e-05
2405,2,2,1,0.009267,0.004577,0.954798,0.00711,0.003839,0.004984,0.003413,0.002662,0.001299,0.008051
2406,2,2,1,0.001425,0.003532,0.976305,0.003088,0.001223,0.000963,0.001752,0.000603,0.001486,0.009623
2407,2,2,1,1.2e-05,1e-05,0.9999,1.1e-05,1e-05,1.4e-05,5e-06,7e-06,5e-06,2.6e-05
2408,2,2,1,0.012405,0.011177,0.938508,0.004565,0.008278,0.002116,0.003306,0.002061,0.000903,0.016681
2409,2,2,1,0.003067,0.002929,0.975906,0.002791,0.003243,0.002554,0.002103,0.000802,0.000406,0.006199
2410,2,2,1,0.001359,0.000862,0.986556,0.000954,0.001041,0.00102,0.000523,0.001172,0.001122,0.005391
2411,2,2,1,0.006445,0.00106,0.972761,0.004151,0.003376,0.001103,0.001458,0.001513,0.001099,0.007034
2412,2,2,1,0.007024,0.007888,0.938196,0.002738,0.002769,0.002234,0.003877,0.003132,0.007276,0.024866
2413,2,2,1,0.004575,0.008816,0.958276,0.002289,0.002407,0.004221,0.001207,0.001075,0.003234,0.0139
2414,2,2,1,0.008751,0.003373,0.955619,0.007955,0.004991,0.002039,0.001102,0.001679,0.002401,0.01209
2415,2,2,1,0.012868,0.008785,0.922842,0.00351,0.008916,0.007292,0.008002,0.006498,0.004876,0.016411
2416,2,2,1,0.002968,0.006305,0.971609,0.003079,0.001153,0.001824,0.002245,0.00168,0.001003,0.008134
2417,2,2,1,0.01193,0.005612,0.94877,0.004069,0.006043,0.004724,0.002798,0.003975,0.002956,0.009123
2418,2,2,1,0.002433,0.002703,0.986337,0.001404,0.001321,0.001321,0.000748,0.000656,0.000492,0.002587
2419,2,2,1,0.002939,0.008557,0.96235,0.001313,0.004805,0.002007,0.001432,0.003724,0.002849,0.010023
2420,2,2,1,0.001792,0.002036,0.985163,0.002697,0.000648,0.001181,0.001116,0.001203,0.000598,0.003565
2421,2,2,1,0.025201,0.007259,0.884862,0.007893,0.012168,0.008641,0.007663,0.004962,0.00568,0.035671
2422,2,2,1,0.014045,0.008074,0.941412,0.00231,0.007852,0.005197,0.00525,0.002971,0.002505,0.010384
2423,2,2,1,0.001648,0.002494,0.981743,0.002836,0.000855,0.001785,0.001791,0.001054,0.000749,0.005044
2424,2,2,1,0.007859,0.013743,0.889628,0.008783,0.016261,0.005332,0.013332,0.002534,0.007594,0.034935
2425,2,2,1,0.009014,0.004679,0.953659,0.005699,0.002856,0.003418,0.004502,0.001755,0.00221,0.012209
2426,2,2,1,9e-06,5e-06,0.9999,1.1e-05,1.6e-05,5e-06,1.3e-05,9e-06,2e-06,2.9e-05
2427,2,2,1,7e-06,2e-05,0.9999,1.7e-05,1.2e-05,3e-06,7e-06,3e-06,7e-06,2.5e-05
2428,2,2,1,2.1e-05,1.3e-05,0.9999,9e-06,9e-06,1e-05,9e-06,7e-06,2e-06,2e-05
2429,2,2,1,0.010877,0.005183,0.923418,0.01094,0.00366,0.008034,0.009062,0.001597,0.002187,0.025044
2430,2,2,1,0.005153,0.00115,0.976087,0.003376,0.002979,0.002765,0.000962,0.000787,0.001415,0.005326
2431,2,2,1,0.001613,0.001521,0.989819,0.000431,0.001507,0.000542,0.000654,0.000545,0.000386,0.002982
2432,2,2,1,0.00591,0.005464,0.957489,0.003511,0.00466,0.001504,0.004587,0.003763,0.002074,0.011039
2433,2,2,1,1.9e-05,1.8e-05,0.9999,1.3e-05,7e-06,3e-06,7e-06,4e-06,5e-06,2.5e-05
2434,2,2,1,0.009697,0.00929,0.936198,0.008624,0.004637,0.004133,0.004387,0.003481,0.00313,0.016423
2435,2,2,1,0.006801,0.003848,0.95095,0.002096,0.002945,0.001781,0.004604,0.001776,0.002458,0.022741
2436,2,2,1,0.003762,0.008435,0.948398,0.007234,0.001788,0.006683,0.004684,0.003032,0.00338,0.012604
2437,2,2,1,0.002202,0.006899,0.968525,0.004014,0.002901,0.002763,0.002786,0.00205,0.000548,0.007313
2438,2,2,1,0.001887,0.006945,0.965886,0.0013,0.003126,0.004026,0.003702,0.002221,0.00245,0.008457
2439,2,2,1,0.005635,0.014917,0.905161,0.006975,0.013857,0.008975,0.003505,0.006583,0.007865,0.026527
2440,2,2,1,0.004472,0.005874,0.970632,0.002612,0.001817,0.003362,0.002631,0.000847,0.000878,0.006874
2441,2,2,1,1.3e-05,1e-05,0.9999,1.2e-05,9e-06,9e-06,9e-06,4e-06,8e-06,2.6e-05
2442,2,2,1,0.003381,0.008964,0.935791,0.005042,0.003292,0.003663,0.008415,0.007226,0.002268,0.021957
2443,2,2,1,0.000109,9.9e-05,0.999052,4.3e-05,0.000152,6.2e-05,8.9e-05,2.2e-05,2.8e-05,0.000343
2444,2,2,1,0.001967,0.002154,0.988477,0.0007,0.000702,0.001287,0.000484,0.000475,0.000925,0.00283
2445,2,2,1,0.003308,0.001255,0.978993,0.001073,0.000965,0.003278,0.002673,0.001524,0.001319,0.005611
2446,2,2,1,0.009546,0.00612,0.961124,0.00511,0.001623,0.002589,0.001927,0.001374,0.002117,0.008469
2447,2,2,1,0.023601,0.017814,0.889625,0.011747,0.01137,0.007635,0.005257,0.007399,0.004435,0.021117
2448,2,2,1,0.007789,0.016271,0.900678,0.008317,0.013764,0.005499,0.00645,0.004469,0.004868,0.031896
2449,2,2,1,0.007857,0.009855,0.945669,0.002012,0.007,0.002661,0.0051,0.003873,0.002164,0.013811
2450,2,2,1,0.005711,0.008589,0.958129,0.00476,0.003329,0.003929,0.002352,0.00121,0.000885,0.011106
2451,2,2,1,0.005661,0.004242,0.965991,0.003389,0.004835,0.002704,0.002512,0.000847,0.001353,0.008464
2452,2,2,1,0.002628,0.002702,0.983768,0.002095,0.000681,0.001755,0.000741,0.000696,0.000943,0.003991
2453,2,2,1,0.002405,0.001596,0.978308,0.003792,0.001325,0.001383,0.001401,0.002433,0.000916,0.006441
2454,2,2,1,0.008075,0.007162,0.919938,0.008853,0.007154,0.011684,0.008618,0.003136,0.005303,0.020077
2455,2,2,1,0.011627,0.007938,0.946986,0.004273,0.005702,0.002795,0.003649,0.002067,0.001596,0.013367
2456,2,2,1,0.000349,0.000715,0.996625,0.000545,0.000129,0.000103,7.8e-05,7.7e-05,0.000114,0.001266
2457,2,2,1,0.001593,0.002683,0.980839,0.001024,0.002258,0.000747,0.002354,0.000913,0.001895,0.005695
2458,2,2,1,0.007171,0.004733,0.96704,0.002681,0.004187,0.002711,0.00116,0.001677,0.001631,0.00701
2459,2,2,1,2.1e-05,8e-06,0.9999,1.4e-05,4e-06,1.1e-05,9e-06,5e-06,3e-06,2.4e-05
2460,2,2,1,0.004923,0.011752,0.945457,0.008042,0.004025,0.00569,0.002405,0.004188,0.000756,0.012761
2461,2,2,1,0.011108,0.007649,0.943097,0.007302,0.002697,0.004548,0.00207,0.0027,0.002673,0.016157
2462,2,2,1,0.008473,0.007566,0.936343,0.003123,0.003467,0.004623,0.00469,0.003111,0.002425,0.026179
2463,2,2,1,0.013715,0.00245,0.942861,0.008551,0.007057,0.001946,0.004445,0.001784,0.00297,0.014221
2464,2,2,1,0.012679,0.00751,0.948817,0.007575,0.003765,0.004486,0.00224,0.002243,0.000569,0.010118
2465,2,2,1,0.006257,0.005188,0.956811,0.002045,0.002374,0.00303,0.005171,0.001416,0.001926,0.015782
2466,2,2,1,0.011368,0.005282,0.944649,0.005479,0.007319,0.005999,0.002724,0.001914,0.003415,0.011851
2467,2,2,1,0.006751,0.002849,0.946158,0.007075,0.003689,0.006706,0.003371,0.001481,0.003659,0.01826
2468,2,2,1,0.007119,0.00749,0.960135,0.004464,0.00252,0.003684,0.002595,0.001765,0.001409,0.00882
2469,2,2,1,0.019572,0.007109,0.911104,0.004264,0.009943,0.002653,0.010679,0.008452,0.006132,0.020092
2470,2,2,1,0.003605,0.008079,0.95798,0.0036,0.005233,0.005285,0.003509,0.002623,0.001051,0.009036
2471,2,2,1,0.004375,0.006766,0.959377,0.006633,0.002967,0.001553,0.002872,0.002429,0.002143,0.010883
2472,2,2,1,0.013456,0.002674,0.944244,0.009313,0.003189,0.005323,0.004124,0.002205,0.002266,0.013206
2473,2,2,1,1.7e-05,7e-06,0.9999,9e-06,5e-06,1.2e-05,8e-06,6e-06,5e-06,3e-05
2474,2,2,1,0.002357,0.005316,0.969315,0.002483,0.003421,0.001832,0.002111,0.002372,0.001457,0.009337
2475,2,2,1,0.008952,0.002996,0.941402,0.007262,0.004915,0.002079,0.002267,0.005704,0.003568,0.020854
2476,2,2,1,0.006474,0.003725,0.961107,0.006819,0.002188,0.00269,0.002668,0.001206,0.000929,0.012194
2477,2,2,1,0.002957,0.001637,0.985922,0.001515,0.001273,0.000465,0.001078,0.000675,0.000694,0.003784
2478,2,2,1,0.010911,0.009376,0.946038,0.004422,0.004668,0.005349,0.001511,0.002403,0.002538,0.012784
2479,2,2,1,0.002929,0.006991,0.967309,0.004424,0.002283,0.001649,0.002758,0.00104,0.001389,0.009227
2480,2,2,1,0.001854,0.002926,0.978695,0.003716,0.003143,0.00182,0.000918,0.00131,0.00104,0.004579
2481,2,2,1,0.007823,0.001998,0.966439,0.002556,0.001464,0.002127,0.001419,0.002115,0.002054,0.012005
2482,2,2,1,0.003479,0.004538,0.969472,0.001763,0.001433,0.004288,0.002027,0.0013,0.002571,0.009129
2483,2,2,1,0.005052,0.002104,0.967167,0.005664,0.002113,0.001008,0.001924,0.00335,0.001945,0.009673
2484,2,2,1,0.004045,0.002218,0.967503,0.001456,0.006,0.003715,0.003035,0.002647,0.000683,0.008698
2485,2,2,1,0.002097,0.003263,0.977099,0.001611,0.002631,0.001177,0.002162,0.001222,0.00134,0.007398
2486,2,2,1,0.002382,0.002294,0.974364,0.003553,0.002038,0.003411,0.002222,0.001135,0.000802,0.007796
2487,2,2,1,0.003846,0.005236,0.955862,0.007169,0.003056,0.00344,0.004462,0.001433,0.002584,0.012912
2488,2,2,1,0.0049,0.003221,0.942204,0.010533,0.0094,0.002959,0.005358,0.003799,0.00255,0.015074
2489,2,2,1,0.007307,0.00521,0.968367,0.002014,0.002814,0.002535,0.001435,0.001799,0.001841,0.006678
2490,2,2,1,0.005148,0.013154,0.924763,0.014203,0.010528,0.004214,0.005957,0.003581,0.001167,0.017285
2491,2,2,1,1.5e-05,2e-05,0.9999,1.6e-05,6e-06,4e-06,7e-06,2e-06,7e-06,2.3e-05
2492,2,2,1,0.007552,0.011107,0.947756,0.003151,0.003983,0.004399,0.002738,0.00208,0.002383,0.01485
2493,2,2,1,0.008178,0.002576,0.967087,0.004497,0.002417,0.001731,0.001306,0.001119,0.001842,0.009246
2494,2,2,1,0.004938,0.010694,0.934563,0.010119,0.006361,0.003926,0.002939,0.002856,0.005322,0.018282
2495,2,2,1,0.01982,0.020762,0.896455,0.009367,0.00903,0.004883,0.004673,0.002323,0.005825,0.026863
2496,2,2,1,0.001291,0.000747,0.990345,0.001334,0.001485,0.000551,0.000393,0.000701,0.000417,0.002737
2497,2,2,1,0.008692,0.013274,0.92488,0.005277,0.007926,0.005297,0.002435,0.00632,0.002057,0.023843
2498,2,2,1,0.007463,0.011891,0.923273,0.013074,0.007056,0.006758,0.004056,0.003195,0.002205,0.021028
2499,2,2,1,0.013407,0.002841,0.943968,0.005121,0.007152,0.004984,0.004256,0.001237,0.001686,0.015349
2500,2,2,1,0.004607,0.003453,0.939503,0.00987,0.008726,0.006925,0.006422,0.002147,0.003168,0.015177
2501,2,2,1,0.008437,0.007541,0.960373,0.005457,0.000979,0.003946,0.001689,0.001216,0.000949,0.009412
2502,2,2,1,0.003173,0.00547,0.97037,0.003535,0.001912,0.00318,0.001599,0.001234,0.001006,0.008521
2503,2,2,1,0.002263,0.004379,0.971298,0.004771,0.001433,0.003464,0.001354,0.002209,0.000804,0.008025
2504,2,2,1,0.003365,0.004059,0.976302,0.002718,0.002864,0.001883,0.00097,0.000729,0.001522,0.005587
2505,2,2,1,0.007896,0.015169,0.922934,0.003563,0.009258,0.003554,0.004994,0.007578,0.004854,0.020201
2506,2,2,1,0.006835,0.011142,0.948223,0.001863,0.005953,0.004161,0.002045,0.001862,0.001293,0.016624
2507,2,2,1,0.003214,0.005382,0.954713,0.003081,0.006959,0.004377,0.00162,0.004238,0.001631,0.014784
2508,2,2,1,0.004489,0.014979,0.920943,0.0053,0.005229,0.011991,0.003451,0.007851,0.003449,0.022319
2509,2,2,1,0.010101,0.012369,0.931007,0.011231,0.003696,0.006601,0.002657,0.004805,0.00279,0.014744
2510,2,2,1,0.002787,0.002689,0.955345,0.005361,0.005752,0.001615,0.006581,0.004605,0.001042,0.014224
2511,2,2,1,0.006772,0.011097,0.947944,0.005664,0.005479,0.004208,0.001255,0.000967,0.00365,0.012965
2512,2,2,1,0.017783,0.003462,0.922253,0.00881,0.010309,0.004989,0.004321,0.002072,0.006063,0.019938
2513,2,2,1,0.024091,0.014437,0.903579,0.003732,0.009433,0.00259,0.004568,0.002795,0.00762,0.027155
2514,2,2,1,0.005793,0.002708,0.970825,0.003322,0.00395,0.003341,0.000925,0.000818,0.001124,0.007195
2515,2,2,1,0.001186,0.00083,0.993727,0.000784,0.000511,0.000704,0.00038,0.000171,0.000271,0.001436
2516,2,2,1,0.002227,0.002877,0.984756,0.002299,0.001632,0.000454,0.001297,0.000921,0.000246,0.003291
2517,2,2,1,0.005669,0.005823,0.969579,0.004039,0.003712,0.001237,0.001419,0.001904,0.000545,0.006072
2518,2,2,1,0.000931,0.000454,0.99486,0.000277,0.000759,0.000386,0.000412,0.000218,0.000395,0.001309
2519,2,2,1,0.013176,0.002761,0.944353,0.009367,0.002811,0.003778,0.005222,0.002292,0.002048,0.014192
2520,2,2,1,0.00178,0.004162,0.972341,0.005273,0.000946,0.00275,0.001407,0.002769,0.001556,0.007017
2521,2,2,1,0.006904,0.009907,0.945117,0.009508,0.002395,0.004665,0.001587,0.002127,0.00106,0.016729
2522,2,2,1,0.005047,0.004425,0.956905,0.004445,0.005331,0.005799,0.001572,0.001043,0.002463,0.012971
2523,2,2,1,0.011078,0.004811,0.94795,0.009028,0.002309,0.004498,0.004023,0.003728,0.000634,0.011941
2524,2,2,1,0.010952,0.002864,0.943588,0.008158,0.005743,0.004862,0.004116,0.003039,0.003886,0.012793
2525,2,2,1,0.007081,0.006541,0.941849,0.004741,0.006527,0.00798,0.002381,0.001412,0.002661,0.018826
2526,2,2,1,0.014812,0.008291,0.924467,0.006269,0.008433,0.004919,0.00404,0.005917,0.002497,0.020356
2527,2,2,1,0.004971,0.014352,0.937184,0.006074,0.007292,0.004252,0.003311,0.00173,0.003765,0.017071
2528,2,2,1,0.005782,0.002059,0.954315,0.002063,0.002096,0.003665,0.007499,0.005275,0.001246,0.016001
2529,2,2,1,0.003415,0.008095,0.963859,0.003094,0.003869,0.004279,0.002975,0.001064,0.00194,0.00741
2530,2,2,1,0.006481,0.004359,0.908095,0.019754,0.015088,0.006118,0.006348,0.002086,0.003306,0.028364
2531,2,2,1,0.01073,0.006699,0.956095,0.003896,0.003551,0.000981,0.002374,0.001386,0.002772,0.011515
2532,2,2,1,1.8e-05,6e-06,0.9999,6e-06,6e-06,5e-06,5e-06,3e-06,5e-06,4.6e-05
2533,2,2,1,1.2e-05,7e-06,0.9999,7e-06,1.9e-05,9e-06,5e-06,2e-06,3e-06,3.6e-05
2534,2,2,1,0.006414,0.008262,0.95434,0.002963,0.006388,0.001522,0.00147,0.00185,0.003079,0.013711
2535,2,2,1,0.016725,0.014585,0.922286,0.005238,0.004682,0.007514,0.004015,0.001975,0.00467,0.01831
2536,2,2,1,0.011966,0.009094,0.944379,0.004747,0.002192,0.005249,0.004094,0.004411,0.002237,0.011631
2537,2,2,1,0.002504,0.008182,0.956958,0.00501,0.001527,0.006076,0.001055,0.001206,0.004003,0.013478
2538,2,2,1,0.004517,0.003748,0.979778,0.001178,0.000705,0.001174,0.001796,0.001473,0.000857,0.004774
2539,2,2,1,0.005825,0.004568,0.974816,0.001517,0.00191,0.0015,0.001389,0.001666,0.001197,0.005613
2540,2,2,1,0.010287,0.008762,0.942308,0.009091,0.002797,0.003401,0.004699,0.00279,0.003689,0.012176
2541,2,2,1,0.008179,0.00917,0.954177,0.00526,0.002216,0.003394,0.003602,0.002569,0.000794,0.010637
2542,2,2,1,0.004919,0.002275,0.978705,0.003331,0.002485,0.001776,0.000849,0.000935,0.000538,0.004187
2543,2,2,1,0.009002,0.007834,0.922658,0.007194,0.007922,0.005647,0.006535,0.006295,0.001458,0.025455
2544,2,2,1,0.008893,0.001501,0.961157,0.003807,0.005987,0.003046,0.000933,0.001609,0.002989,0.010078
2545,2,2,1,0.009122,0.010536,0.940755,0.005377,0.004292,0.005851,0.003073,0.002815,0.001784,0.016395
2546,2,2,1,0.008732,0.003177,0.937092,0.00662,0.003496,0.005432,0.008341,0.003623,0.003805,0.019681
2547,2,2,1,0.003614,0.006736,0.967072,0.001393,0.002575,0.003294,0.002334,0.001154,0.002301,0.009526
2548,2,2,1,0.00919,0.005708,0.94675,0.003984,0.004879,0.006413,0.005121,0.001545,0.003455,0.012955
2549,2,2,1,0.011003,0.00638,0.948175,0.006374,0.002753,0.001979,0.002336,0.001943,0.002905,0.016152
2550,2,2,1,0.005279,0.002421,0.962528,0.002147,0.00321,0.002425,0.004939,0.0029,0.001635,0.012516
2551,2,2,1,0.007512,0.007986,0.936131,0.010602,0.006307,0.001754,0.00252,0.004073,0.004896,0.01822
2552,2,2,1,0.00197,0.000869,0.984084,0.003261,0.000909,0.001616,0.00127,0.000708,0.000903,0.004411
2553,2,2,1,0.004594,0.007826,0.962268,0.00556,0.00226,0.002756,0.003125,0.0018,0.000935,0.008875
2554,2,2,1,0.004069,0.006594,0.947806,0.003603,0.008585,0.005089,0.001652,0.001844,0.003053,0.017704
2555,2,2,1,2.4e-05,1.3e-05,0.9999,1.4e-05,3e-06,3e-06,6e-06,9e-06,2e-06,2.6e-05
2556,2,2,1,0.001114,0.001269,0.99337,0.000537,0.000341,0.000747,0.000569,0.000265,0.000442,0.001346
2557,2,2,1,0.001918,0.001412,0.991031,0.001377,0.000316,0.000379,0.00029,0.000193,0.000482,0.0026
2558,2,2,1,0.001208,0.000748,0.986115,0.000824,0.001855,0.000659,0.000841,0.000765,0.000871,0.006114
2559,2,2,1,0.004832,0.007852,0.949206,0.002551,0.002217,0.002055,0.0017,0.005673,0.004295,0.019618
2560,2,2,1,0.005768,0.007163,0.93358,0.010329,0.008002,0.00668,0.001788,0.005284,0.002585,0.01882
2561,2,2,1,0.004695,0.001158,0.972374,0.003046,0.004672,0.002985,0.000869,0.000511,0.002023,0.007667
2562,2,2,1,0.006558,0.012636,0.929812,0.003395,0.006046,0.007293,0.004903,0.006059,0.004746,0.018554
2563,2,2,1,1.1e-05,1.1e-05,0.9999,1.1e-05,7e-06,6e-06,3e-06,1e-05,7e-06,3.4e-05
2564,2,2,1,0.002537,0.002114,0.986327,0.000639,0.000554,0.001098,0.001008,0.001395,0.000832,0.003495
2565,2,2,1,0.005839,0.00519,0.950518,0.00699,0.005652,0.005212,0.001306,0.001067,0.003009,0.015218
2566,2,2,1,0.016619,0.011035,0.907467,0.003957,0.011114,0.010431,0.00689,0.002637,0.00296,0.026889
2567,2,2,1,0.010817,0.006106,0.941543,0.007277,0.00637,0.003858,0.003058,0.004512,0.002905,0.013553
2568,2,2,1,0.002699,0.00578,0.966359,0.001878,0.002821,0.001659,0.004209,0.001835,0.002261,0.010501
2569,2,2,1,0.003565,0.002656,0.981633,0.0015,0.001002,0.001443,0.000546,0.001678,0.001024,0.004953
2570,2,2,1,0.008792,0.002789,0.963028,0.005485,0.004072,0.00157,0.002859,0.001858,0.001808,0.007738
2571,2,2,1,0.007186,0.004725,0.968024,0.001297,0.001476,0.002377,0.002534,0.00217,0.002249,0.007961
2572,2,2,1,0.013421,0.00835,0.945038,0.005214,0.002842,0.003725,0.003442,0.003779,0.00212,0.012071
2573,2,2,1,0.003075,0.001471,0.974052,0.005288,0.003692,0.002905,0.000741,0.000604,0.001682,0.00649
2574,2,2,1,0.005574,0.004598,0.956303,0.006372,0.003491,0.002054,0.003004,0.003881,0.001385,0.013338
2575,2,2,1,0.01057,0.002251,0.953537,0.002654,0.002684,0.002998,0.006038,0.001813,0.003692,0.013761
2576,2,2,1,0.004861,0.004449,0.960505,0.007126,0.002933,0.002895,0.002277,0.00233,0.001922,0.010702
2577,2,2,1,1.7e-05,7e-06,0.9999,8e-06,1.4e-05,6e-06,6e-06,3e-06,4e-06,3.5e-05
2578,2,2,1,0.014115,0.007338,0.941606,0.009019,0.003735,0.003063,0.00498,0.00358,0.000988,0.011577
2579,2,2,1,0.01079,0.010653,0.941496,0.00753,0.00591,0.005318,0.003517,0.001269,0.003229,0.010286
2580,2,2,1,0.007433,0.005938,0.956979,0.00276,0.005027,0.002271,0.001522,0.001377,0.001203,0.01549
2581,2,2,1,0.011899,0.015426,0.913406,0.007364,0.002641,0.003915,0.004044,0.009442,0.004534,0.027329
2582,2,2,1,2.2e-05,1.4e-05,0.9999,1.2e-05,6e-06,5e-06,6e-06,6e-06,6e-06,2.2e-05
2583,2,2,1,0.003453,0.003015,0.955385,0.005873,0.00612,0.001579,0.001348,0.002231,0.003615,0.017381
2584,2,2,1,0.003765,0.004277,0.97663,0.003659,0.002795,0.001818,0.000625,0.001151,0.001194,0.004085
2585,2,2,1,0.004035,0.004082,0.978615,0.002517,0.001117,0.000605,0.002117,0.00102,0.001197,0.004693
2586,2,2,1,0.008979,0.005576,0.931666,0.004202,0.011035,0.009478,0.004477,0.002215,0.001623,0.020749
2587,2,2,1,0.007394,0.00509,0.970147,0.003736,0.000755,0.003088,0.000585,0.002095,0.001316,0.005792
2588,2,2,1,0.004336,0.011363,0.942422,0.008571,0.007459,0.002345,0.005843,0.001634,0.003523,0.012505
2589,2,2,1,1.9e-05,1e-05,0.9999,1.7e-05,8e-06,1.1e-05,7e-06,5e-06,4e-06,2e-05
2590,2,2,1,0.003727,0.001918,0.959207,0.004116,0.005754,0.00433,0.002246,0.002562,0.003764,0.012376
2591,2,2,1,0.004036,0.007903,0.947318,0.005056,0.004777,0.005058,0.005604,0.001473,0.001644,0.01713
2592,2,2,1,0.009404,0.007571,0.95791,0.00593,0.002395,0.003609,0.003214,0.002242,0.000506,0.007219
2593,2,2,1,0.002587,0.00094,0.988742,0.000556,0.000854,0.001453,0.00094,0.000899,0.000541,0.002488
2594,2,2,1,0.011819,0.00735,0.950823,0.004964,0.005046,0.003941,0.001721,0.002546,0.000734,0.011057
2595,2,2,1,0.002642,0.003913,0.957589,0.004293,0.004008,0.004183,0.001523,0.002026,0.0023,0.017523
2596,2,2,1,0.008738,0.013358,0.916695,0.008904,0.007407,0.005408,0.002369,0.002168,0.006216,0.028737
2597,2,2,1,0.003259,0.005604,0.953853,0.008809,0.003596,0.00347,0.003156,0.00389,0.002295,0.012068
2598,2,2,1,1.7e-05,7e-06,0.9999,1.1e-05,1.5e-05,4e-06,1.1e-05,6e-06,5e-06,2.5e-05
2599,2,2,1,0.004337,0.002701,0.977254,0.001108,0.001003,0.001675,0.002808,0.001229,0.001654,0.006231
2600,2,2,1,0.00417,0.003066,0.974536,0.003943,0.001967,0.002043,0.001979,0.00075,0.000678,0.006868
2601,2,2,1,0.005582,0.005298,0.957956,0.001818,0.00335,0.001446,0.005988,0.002919,0.001955,0.013687
2602,2,2,1,0.002632,0.004648,0.958488,0.003951,0.005787,0.003897,0.002047,0.004459,0.003487,0.010604
2603,2,2,1,1.7e-05,1.4e-05,0.9999,1.4e-05,5e-06,4e-06,6e-06,3e-06,5e-06,3.2e-05
2604,2,2,1,0.005544,0.001817,0.965762,0.003119,0.005058,0.00441,0.001937,0.001816,0.002359,0.00818
2605,2,2,1,0.00376,0.015786,0.926078,0.00492,0.003973,0.006963,0.003502,0.008061,0.003839,0.023119
2606,2,2,1,0.011675,0.012227,0.930713,0.004284,0.004658,0.006472,0.00636,0.004534,0.001582,0.017495
2607,2,2,1,0.002714,0.005129,0.963889,0.006747,0.002912,0.004534,0.000716,0.002122,0.002401,0.008836
2608,2,2,1,0.00852,0.006576,0.963469,0.001608,0.003855,0.000824,0.002141,0.002806,0.001644,0.008558
2609,2,2,1,0.007979,0.002782,0.958661,0.004488,0.003784,0.003149,0.00382,0.003085,0.000909,0.011344
2610,2,2,1,0.004375,0.006427,0.96156,0.004039,0.003559,0.002565,0.000878,0.00283,0.000712,0.013056
2611,2,2,1,0.015025,0.003955,0.935093,0.002738,0.003382,0.008818,0.002422,0.003115,0.00275,0.022702
2612,2,2,1,0.001847,0.005686,0.969404,0.003383,0.004218,0.002821,0.003123,0.000655,0.00154,0.007322
2613,2,2,1,2.4e-05,1.5e-05,0.9999,8e-06,4e-06,8e-06,7e-06,2e-06,4e-06,2.8e-05
2614,2,2,1,0.007975,0.010908,0.93854,0.005592,0.00215,0.005988,0.005373,0.003634,0.001923,0.017918
2615,2,2,1,0.006207,0.005318,0.942266,0.002472,0.008427,0.002841,0.007703,0.005397,0.004629,0.01474
2616,2,2,1,0.002075,0.000777,0.98922,0.001124,0.000613,0.00117,0.000379,0.000314,0.000282,0.004046
2617,2,2,1,0.004321,0.009423,0.9575,0.005483,0.003298,0.002444,0.001874,0.002886,0.001715,0.011055
2618,2,2,1,0.007876,0.005027,0.962084,0.001664,0.005579,0.00102,0.003189,0.000797,0.001651,0.011112
2619,2,2,1,0.014455,0.004218,0.933003,0.002502,0.006909,0.002993,0.004301,0.005197,0.002425,0.023997
2620,2,2,1,0.00498,0.005291,0.957532,0.005192,0.005962,0.001981,0.002055,0.002552,0.001321,0.013134
2621,2,2,1,0.000942,0.000367,0.993651,0.00044,0.000491,0.000537,0.000586,0.000638,0.000298,0.00205
2622,2,2,1,2.3e-05,1.9e-05,0.9999,7e-06,5e-06,1e-05,7e-06,2e-06,2e-06,2.4e-05
2623,2,2,1,0.01163,0.008911,0.951231,0.005322,0.004889,0.00237,0.001924,0.002823,0.000854,0.010045
2624,2,2,1,0.013546,0.008012,0.93889,0.003294,0.007038,0.005375,0.002576,0.001231,0.00114,0.018898
2625,2,2,1,0.005237,0.003317,0.976837,0.001143,0.002144,0.00207,0.000622,0.001582,0.000884,0.006164
2626,2,2,1,0.001499,0.005252,0.972647,0.002183,0.003956,0.002156,0.000897,0.002748,0.000785,0.007876
2627,2,2,1,0.002371,0.006486,0.961394,0.005804,0.005931,0.002055,0.002141,0.002503,0.001057,0.010259
2628,2,2,1,0.018688,0.013335,0.918516,0.003357,0.002842,0.008413,0.00585,0.004502,0.004141,0.020355
2629,2,2,1,0.006735,0.010074,0.930543,0.008119,0.008702,0.007592,0.003161,0.005386,0.004793,0.014896
2630,2,2,1,0.00481,0.001788,0.97993,0.003238,0.000644,0.001522,0.001925,0.001236,0.000859,0.004048
2631,2,2,1,0.000107,0.000332,0.998214,8.1e-05,0.00013,0.000107,0.000143,0.00012,7.5e-05,0.000691
2632,2,2,1,0.013044,0.002356,0.944073,0.00842,0.002134,0.007403,0.004172,0.002499,0.001007,0.014891
2633,2,2,1,0.00682,0.005374,0.969087,0.003078,0.003222,0.002842,0.002359,0.001471,0.001261,0.004487
2634,2,2,1,9e-06,2.3e-05,0.9999,1.5e-05,4e-06,1.2e-05,7e-06,7e-06,4e-06,1.9e-05
2635,2,2,1,0.017379,0.00363,0.912375,0.011496,0.008237,0.004246,0.005951,0.005531,0.007656,0.023499
2636,2,2,1,0.00053,0.00073,0.992933,0.001065,0.000812,0.000569,0.000442,0.00065,0.000407,0.001861
2637,2,2,1,0.00357,0.001001,0.98228,0.002793,0.001402,0.001683,0.000506,0.001008,0.000746,0.005009
2638,2,2,1,0.000757,0.000971,0.995226,0.000402,0.000257,0.000379,0.000464,0.000283,6.9e-05,0.001191
2639,2,2,1,0.012977,0.006894,0.933704,0.009526,0.006567,0.004306,0.003391,0.003812,0.001634,0.017188
2640,2,2,1,0.015044,0.008345,0.930402,0.007577,0.007246,0.004379,0.003495,0.005641,0.00443,0.013441
2641,2,2,1,0.003056,0.002057,0.973419,0.00501,0.002805,0.003118,0.00166,0.001525,0.001049,0.006301
2642,2,2,1,0.00676,0.008286,0.940491,0.003429,0.004853,0.005258,0.004421,0.003625,0.005603,0.017274
2643,2,2,1,0.011044,0.005017,0.94915,0.001913,0.007158,0.005978,0.002445,0.003432,0.000762,0.013102
2644,2,2,1,0.005487,0.005469,0.971437,0.00132,0.00225,0.003206,0.002233,0.000997,0.001218,0.006383
2645,2,2,1,0.003321,0.002211,0.962132,0.006939,0.004268,0.005067,0.001935,0.001827,0.002587,0.009714
2646,2,2,1,0.012868,0.012826,0.928377,0.005129,0.005537,0.002159,0.005969,0.005557,0.001098,0.020481
2647,2,2,1,0.008012,0.003985,0.95306,0.005901,0.005161,0.003691,0.002815,0.003771,0.002017,0.011586
2648,2,2,1,0.017529,0.014722,0.899998,0.013874,0.009047,0.002403,0.002984,0.008892,0.003604,0.026946
2649,2,2,1,0.005897,0.01897,0.887977,0.011181,0.013304,0.009318,0.004491,0.009814,0.002132,0.036916
2650,2,2,1,0.004906,0.004875,0.938557,0.004929,0.004103,0.007287,0.007569,0.00491,0.001215,0.021648
2651,2,2,1,0.006233,0.003987,0.925463,0.013281,0.00764,0.003867,0.009411,0.006399,0.004912,0.018806
2652,2,2,1,0.000543,0.000356,0.995966,0.000661,0.000347,0.000208,0.000459,0.000288,0.000126,0.001046
2653,2,2,1,0.003548,0.012918,0.935458,0.007162,0.008444,0.002221,0.005396,0.00262,0.00285,0.019383
2654,2,2,1,0.014038,0.008713,0.939034,0.008853,0.00297,0.005122,0.003372,0.002659,0.001397,0.013842
2655,2,2,1,0.013372,0.006164,0.925376,0.00686,0.004865,0.008452,0.003705,0.00565,0.005859,0.019696
2656,2,2,1,1.3e-05,2e-05,0.9999,1e-05,1e-05,1e-05,5e-06,6e-06,4e-06,2e-05
2657,2,2,1,0.010369,0.006653,0.953132,0.007025,0.00413,0.004466,0.002504,0.00259,0.001976,0.007156
2658,2,2,1,0.004811,0.002681,0.977725,0.00145,0.000745,0.002299,0.001463,0.001086,0.001116,0.006625
2659,2,2,1,2.3e-05,1.8e-05,0.9999,6e-06,4e-06,1.1e-05,5e-06,7e-06,4e-06,2.1e-05
2660,2,2,1,0.007046,0.012765,0.936032,0.008644,0.008856,0.005014,0.004833,0.000947,0.000869,0.014994
2661,2,2,1,0.014841,0.006816,0.923817,0.011447,0.005266,0.007341,0.005155,0.00396,0.00278,0.018577
2662,2,2,1,0.000702,0.000979,0.988351,0.000842,0.002256,0.001173,0.000508,0.000307,0.000701,0.004182
2663,2,2,1,1e-05,1.8e-05,0.9999,1.7e-05,1.2e-05,7e-06,4e-06,7e-06,3e-06,2.3e-05
2664,2,2,1,0.007029,0.01515,0.928526,0.00309,0.003583,0.006897,0.004295,0.003799,0.005121,0.022511
2665,2,2,1,0.013721,0.010513,0.92695,0.005369,0.005157,0.006953,0.00758,0.001635,0.002034,0.020088
2666,2,2,1,0.008904,0.004997,0.961582,0.00501,0.003654,0.002963,0.00277,0.002025,0.001409,0.006685
2667,2,2,1,0.006308,0.002651,0.970861,0.001327,0.003663,0.003511,0.000845,0.00106,0.001178,0.008597
2668,2,2,1,8e-06,1.1e-05,0.9999,1.8e-05,1.3e-05,4e-06,6e-06,7e-06,7e-06,2.4e-05
2669,2,2,1,0.004766,0.002114,0.977436,0.002955,0.001969,0.001605,0.001425,0.001243,0.001202,0.005284
2670,2,2,1,0.003695,0.009215,0.944061,0.005864,0.002163,0.005976,0.006727,0.001475,0.002008,0.018815
2671,2,2,1,0.001213,0.002387,0.98236,0.003234,0.001198,0.002073,0.000848,0.001249,0.001021,0.004416
2672,2,2,1,0.008232,0.007731,0.93837,0.00725,0.002748,0.005034,0.003048,0.00276,0.001715,0.023112
2673,2,2,1,0.022863,0.017903,0.895454,0.011708,0.011253,0.005099,0.004809,0.006009,0.005576,0.019328
2674,2,2,1,0.00549,0.001588,0.97577,0.002313,0.002266,0.00195,0.001617,0.001861,0.000989,0.006154
2675,2,2,1,0.001036,0.001947,0.987362,0.002284,0.000993,0.000617,0.000983,0.000651,0.000223,0.003903
2676,2,2,1,0.000364,0.000427,0.997855,0.000186,0.000174,6.2e-05,0.000109,0.000158,0.000129,0.000536
2677,2,2,1,0.020658,0.011965,0.903601,0.014894,0.003667,0.008385,0.007171,0.004097,0.004738,0.020824
2678,2,2,1,0.005058,0.002118,0.974974,0.001711,0.00331,0.003001,0.001534,0.000479,0.001176,0.00664
2679,2,2,1,0.006409,0.001547,0.970873,0.002294,0.001519,0.001372,0.002743,0.001304,0.001308,0.010632
2680,2,2,1,1.6e-05,1.7e-05,0.9999,6e-06,6e-06,4e-06,6e-06,5e-06,5e-06,3.4e-05
2681,2,2,1,0.002352,0.004246,0.972953,0.001473,0.002206,0.002819,0.002786,0.001962,0.000817,0.008385
2682,2,2,1,9e-06,1e-05,0.9999,1.1e-05,1.2e-05,5e-06,1.1e-05,9e-06,6e-06,2.6e-05
2683,2,2,1,0.002252,0.001451,0.989816,0.001083,0.000792,0.000855,0.000268,0.000185,0.000262,0.003036
2684,2,2,1,0.024445,0.01344,0.896954,0.008338,0.011731,0.005318,0.0025,0.005233,0.007095,0.024945
2685,2,2,1,0.011699,0.014269,0.922957,0.003997,0.008139,0.007738,0.006123,0.003707,0.004574,0.016797
2686,2,2,1,0.005182,0.003521,0.967613,0.005447,0.003782,0.002003,0.002315,0.001389,0.001284,0.007465
2687,2,2,1,0.005872,0.002781,0.971296,0.003268,0.00313,0.002013,0.001611,0.001087,0.001968,0.006974
2688,2,2,1,0.002875,0.009032,0.956566,0.001933,0.003103,0.001595,0.005273,0.001678,0.001367,0.016579
2689,2,2,1,0.017454,0.015863,0.902621,0.009875,0.008783,0.007309,0.002165,0.003327,0.00776,0.024841
2690,2,2,1,0.006724,0.008301,0.919973,0.008447,0.011438,0.002682,0.007626,0.002071,0.001693,0.031045
2691,2,2,1,0.017965,0.014369,0.912864,0.005734,0.009174,0.005659,0.004094,0.005277,0.003911,0.020952
2692,2,2,1,0.005886,0.005705,0.95633,0.00189,0.006875,0.005036,0.003345,0.00208,0.000827,0.012026
2693,2,2,1,0.013888,0.005415,0.938074,0.004208,0.004078,0.00213,0.005124,0.002219,0.001258,0.023606
2694,2,2,1,0.003007,0.006876,0.964127,0.002203,0.004857,0.003749,0.002839,0.000807,0.002312,0.009223
2695,2,2,1,1.3e-05,6e-06,0.9999,1.7e-05,8e-06,7e-06,3e-06,7e-06,7e-06,3.1e-05
2696,2,2,1,0.011116,0.011734,0.941583,0.00703,0.004853,0.003391,0.003086,0.003292,0.002499,0.011417
2697,2,2,1,0.010757,0.00595,0.920721,0.003664,0.007111,0.003427,0.009178,0.002741,0.00219,0.034261
2698,2,2,1,0.0032,0.004005,0.956057,0.005956,0.006904,0.001326,0.004078,0.002894,0.002669,0.012911
2699,2,2,1,0.002787,0.003412,0.960653,0.0017,0.003908,0.005589,0.00497,0.002833,0.000935,0.013212
2700,2,2,1,0.005384,0.009151,0.955996,0.003951,0.003688,0.003785,0.002144,0.002034,0.001012,0.012856
2701,2,2,1,9e-06,1.2e-05,0.9999,5e-06,1e-05,1.3e-05,1.1e-05,8e-06,6e-06,2.7e-05
2702,2,2,1,0.019727,0.00689,0.910041,0.007656,0.003971,0.010262,0.008414,0.004174,0.005925,0.022939
2703,2,2,1,0.006375,0.008038,0.959851,0.003203,0.003355,0.002719,0.001467,0.003287,0.001814,0.009892
2704,2,2,1,0.002426,0.007536,0.959102,0.002892,0.005078,0.004444,0.004465,0.002579,0.002781,0.008698
2705,2,2,1,0.010579,0.01769,0.904163,0.015348,0.004448,0.006442,0.00808,0.001668,0.007589,0.023993
2706,2,2,1,1.3e-05,6e-06,0.9999,9e-06,1.3e-05,4e-06,5e-06,8e-06,3e-06,4e-05
2707,2,2,1,0.000682,0.000718,0.994725,0.00052,0.000763,0.000345,0.000328,0.000419,0.000191,0.001308
2708,2,2,1,0.012625,0.013141,0.900981,0.010739,0.003399,0.007418,0.008362,0.010498,0.001661,0.031176
2709,2,2,1,1.1e-05,8e-06,0.9999,1.5e-05,1.5e-05,5e-06,9e-06,7e-06,2e-06,2.8e-05
2710,2,2,1,0.017091,0.005422,0.914271,0.015234,0.011879,0.006093,0.00547,0.00205,0.00533,0.01716
2711,2,2,1,1.3e-05,1.5e-05,0.9999,8e-06,4e-06,6e-06,7e-06,1.1e-05,3e-06,3.4e-05
2712,2,2,1,0.000742,0.001235,0.991168,0.000728,0.000458,0.000502,0.000349,0.000351,0.000846,0.003621
2713,2,2,1,0.003896,0.003625,0.98095,0.00208,0.002075,0.001077,0.001168,0.000796,0.000849,0.003485
2714,2,2,1,0.002127,0.00315,0.978816,0.003641,0.00204,0.001429,0.001496,0.000826,0.001528,0.004947
2715,2,2,1,0.005475,0.009722,0.928863,0.004032,0.008267,0.005754,0.004439,0.004465,0.004445,0.024539
2716,2,2,1,0.001001,0.001115,0.994519,0.000768,0.000135,0.000161,0.000212,0.000439,0.000364,0.001285
2717,2,2,1,0.003695,0.00145,0.983434,0.002539,0.000612,0.001088,0.00155,0.000471,0.000734,0.004427
2718,2,2,1,1.4e-05,7e-06,0.9999,1.8e-05,8e-06,7e-06,5e-06,5e-06,5e-06,3e-05
2719,2,2,1,0.009046,0.003002,0.944199,0.00721,0.008344,0.004374,0.004478,0.00325,0.002675,0.013423
2720,2,2,1,0.016145,0.004133,0.934266,0.002703,0.008667,0.006088,0.001473,0.001734,0.006154,0.018638
2721,2,2,1,0.006611,0.010174,0.944727,0.007279,0.002278,0.00273,0.006465,0.001754,0.004211,0.013771
2722,2,2,1,0.004723,0.006236,0.967213,0.00253,0.003197,0.003234,0.00076,0.002274,0.002133,0.0077
2723,2,2,1,0.006024,0.010169,0.93886,0.007653,0.007457,0.003709,0.005364,0.003129,0.002087,0.015547
2724,2,2,1,0.024394,0.015764,0.890862,0.016101,0.008441,0.009606,0.002808,0.007049,0.00624,0.018735
2725,2,2,1,0.000244,0.000417,0.99739,0.000154,0.000205,0.000385,0.000143,0.000146,9.6e-05,0.00082
2726,2,2,1,0.001444,0.002453,0.983369,0.002873,0.001734,0.001776,0.001465,0.001057,0.000829,0.003
2727,2,2,1,0.01795,0.014317,0.919696,0.011093,0.002633,0.006541,0.0024,0.002222,0.004913,0.018236
2728,2,2,1,0.001248,0.001979,0.987085,0.001178,0.000592,0.000725,0.001471,0.000574,0.000498,0.00465
2729,2,2,1,0.001588,0.001168,0.985923,0.000685,0.001047,0.002195,0.001554,0.00099,0.000748,0.004101
2730,2,2,1,0.007718,0.006583,0.955732,0.004067,0.004722,0.002594,0.003859,0.002322,0.000957,0.011446
2731,2,2,1,0.009671,0.016059,0.908346,0.010711,0.011034,0.007558,0.003119,0.002396,0.004563,0.026543
2732,2,2,1,0.006631,0.006097,0.963199,0.001651,0.002917,0.001226,0.004121,0.001319,0.002238,0.010601
2733,2,2,1,0.005226,0.007315,0.940894,0.002596,0.008287,0.002648,0.005991,0.005174,0.005356,0.016512
2734,2,2,1,0.003453,0.003514,0.954877,0.003211,0.007695,0.002836,0.004582,0.003075,0.003492,0.013266
2735,2,2,1,0.011314,0.009949,0.941792,0.0023,0.0064,0.0028,0.005005,0.002796,0.001971,0.015673
2736,2,2,1,7e-06,1.9e-05,0.9999,8e-06,5e-06,1.2e-05,8e-06,9e-06,3e-06,2.9e-05
2737,2,2,1,0.008469,0.00145,0.96572,0.004595,0.001955,0.003871,0.001723,0.002316,0.001104,0.008797
2738,2,2,1,0.018913,0.004467,0.920399,0.011085,0.006101,0.00246,0.004289,0.008005,0.001253,0.023028
2739,2,2,1,0.003229,0.001296,0.984662,0.001209,0.001155,0.001472,0.001214,0.000363,0.000478,0.004922
2740,2,2,1,0.002637,0.001346,0.985126,0.001252,0.000662,0.001586,0.000452,0.001609,0.000457,0.004873
2741,2,2,1,0.007488,0.004815,0.966272,0.004593,0.001079,0.002814,0.001471,0.001306,0.001051,0.009112
2742,2,2,1,0.003417,0.006498,0.959835,0.002568,0.004043,0.004544,0.002607,0.003014,0.003366,0.010108
2743,2,2,1,0.013643,0.013661,0.91974,0.008683,0.004283,0.006296,0.002313,0.003138,0.006127,0.022114
2744,2,2,1,0.013356,0.009125,0.933517,0.002343,0.007258,0.003306,0.006492,0.001854,0.004111,0.018637
2745,2,2,1,0.01475,0.005633,0.93348,0.0058,0.007449,0.005015,0.002441,0.003358,0.001994,0.020082
2746,2,2,1,0.008745,0.010201,0.948829,0.00327,0.004185,0.001746,0.005558,0.002713,0.002024,0.012727
2747,2,2,1,0.000958,0.000902,0.994447,0.00056,0.000643,0.000305,0.000235,0.000208,0.000341,0.001401
2748,2,2,1,0.001903,0.000975,0.992034,0.000604,0.000627,0.00035,0.000751,0.00015,0.000579,0.002026
2749,2,2,1,8e-06,1.9e-05,0.9999,1.2e-05,1.4e-05,7e-06,7e-06,4e-06,3e-06,2.6e-05
2750,2,2,1,0.001032,0.000249,0.994146,0.000749,0.000808,0.000516,0.000605,0.000202,0.000156,0.001537
2751,2,2,1,0.007338,0.007797,0.956881,0.004031,0.00277,0.002155,0.001426,0.002814,0.001335,0.013453
2752,2,2,1,0.00016,8.3e-05,0.999048,0.000114,0.000143,4.2e-05,4.3e-05,3.9e-05,6.4e-05,0.000264
2753,2,2,1,0.005476,0.004606,0.96941,0.003143,0.002374,0.002099,0.002034,0.001801,0.001281,0.007776
2754,2,2,1,0.009874,0.0093,0.948048,0.001785,0.006901,0.005325,0.003131,0.001048,0.001491,0.013098
2755,2,2,1,0.004455,0.001847,0.967735,0.001435,0.004949,0.004106,0.001581,0.003338,0.002039,0.008517
2756,2,2,1,0.003449,0.005052,0.973146,0.002455,0.003109,0.00064,0.00143,0.0017,0.001362,0.007657
2757,2,2,1,0.010672,0.006372,0.955298,0.003509,0.004406,0.002017,0.00403,0.002556,0.001012,0.010128
2758,2,2,1,0.008305,0.013399,0.932801,0.011222,0.005658,0.003306,0.005734,0.004863,0.001554,0.013156
2759,2,2,1,0.023119,0.004874,0.885491,0.010125,0.010068,0.014682,0.008538,0.010331,0.004814,0.027959
2760,2,2,1,0.008859,0.008562,0.953953,0.006591,0.004607,0.002386,0.002171,0.002453,0.001746,0.008672
2761,2,2,1,0.00574,0.004044,0.975032,0.001137,0.003396,0.002331,0.000966,0.001809,0.001034,0.00451
2762,2,2,1,0.00735,0.004606,0.961547,0.005271,0.004269,0.003814,0.001448,0.002907,0.000565,0.008224
2763,2,2,1,0.001787,0.002359,0.986489,0.001437,0.000852,0.0007,0.001273,0.001132,0.000888,0.003082
2764,2,2,1,0.007532,0.003943,0.950585,0.007361,0.002046,0.005819,0.004998,0.001386,0.00261,0.013719
2765,2,2,1,0.007206,0.005861,0.942572,0.010796,0.005776,0.002548,0.005094,0.003597,0.002495,0.014056
2766,2,2,1,0.019469,0.009603,0.915624,0.00664,0.006093,0.006172,0.00831,0.00358,0.00326,0.02125
2767,2,2,1,6e-06,8e-06,0.9999,1.2e-05,7e-06,1.2e-05,5e-06,8e-06,5e-06,3.6e-05
2768,2,2,1,0.006796,0.002727,0.965633,0.001764,0.001486,0.005239,0.001459,0.001849,0.002426,0.010621
2769,2,2,1,0.004652,0.012342,0.931337,0.010259,0.002466,0.008823,0.006555,0.005353,0.002009,0.016203
2770,2,2,1,0.004028,0.001159,0.982274,0.001664,0.000839,0.000994,0.001162,0.001242,0.001257,0.005382
2771,2,2,1,0.009846,0.012664,0.935175,0.006806,0.008071,0.004052,0.003489,0.004113,0.003839,0.011945
2772,2,2,1,0.002598,0.002035,0.986096,0.002208,0.001539,0.001064,0.000346,0.000497,0.000318,0.003298
2773,2,2,1,0.014414,0.011962,0.927921,0.010312,0.007922,0.00666,0.004303,0.002397,0.00202,0.012089
2774,2,2,1,0.006471,0.00451,0.93719,0.012525,0.005738,0.004815,0.0019,0.004547,0.00268,0.019623
2775,2,2,1,0.00533,0.002823,0.951369,0.008131,0.006576,0.004648,0.001935,0.003346,0.000976,0.014865
2776,2,2,1,1.6e-05,9e-06,0.9999,4e-06,9e-06,8e-06,1e-05,3e-06,8e-06,3.2e-05
2777,2,2,1,0.005908,0.002904,0.969621,0.003344,0.004405,0.001613,0.002215,0.00123,0.001037,0.007724
2778,2,2,1,0.005838,0.006114,0.968507,0.002657,0.000952,0.002975,0.00302,0.002013,0.001762,0.006163
2779,2,2,1,0.001253,0.002949,0.978164,0.003899,0.002254,0.000755,0.000665,0.000997,0.001011,0.008053
2780,2,2,1,2.1e-05,5e-06,0.9999,1.2e-05,1.2e-05,7e-06,7e-06,4e-06,3e-06,2.6e-05
2781,2,2,1,0.002834,0.006391,0.9571,0.006283,0.003113,0.002258,0.005336,0.003462,0.001393,0.011829
2782,2,2,1,0.007035,0.007851,0.936783,0.011342,0.005628,0.006361,0.003292,0.003199,0.000926,0.017584
2783,2,2,1,0.005517,0.004504,0.971576,0.002435,0.002942,0.002888,0.002198,0.001267,0.00053,0.006143
2784,2,2,1,0.014842,0.007711,0.922862,0.006475,0.008183,0.00499,0.005428,0.005128,0.002566,0.021816
2785,2,2,1,0.005994,0.006408,0.927626,0.005776,0.010622,0.007183,0.003173,0.00447,0.00308,0.025668
2786,2,2,1,0.002328,0.001337,0.984082,0.001924,0.000877,0.000767,0.000874,0.000944,0.00064,0.006226
2787,2,2,1,0.002528,0.004449,0.962636,0.001715,0.004212,0.00343,0.002076,0.003039,0.003463,0.012452
2788,2,2,1,0.006156,0.002912,0.95898,0.004507,0.006119,0.004596,0.000845,0.001834,0.00144,0.012611
2789,2,2,1,7e-06,2.2e-05,0.9999,1.4e-05,1e-05,1.1e-05,3e-06,5e-06,5e-06,2.2e-05
2790,2,2,1,1.6e-05,1.7e-05,0.9999,1.3e-05,1.2e-05,6e-06,9e-06,6e-06,3e-06,1.9e-05
2791,2,2,1,0.008248,0.007559,0.880643,0.009393,0.011609,0.012473,0.006137,0.005004,0.009006,0.049927
2792,2,2,1,0.004488,0.002842,0.981614,0.001735,0.000612,0.000801,0.001379,0.001015,0.000869,0.004645
2793,2,2,1,1.8e-05,1.6e-05,0.9999,1e-05,1e-05,6e-06,7e-06,6e-06,6e-06,2.2e-05
2794,2,2,1,0.016038,0.017233,0.913535,0.012412,0.00996,0.004956,0.003234,0.002766,0.003055,0.016812
2795,2,2,1,0.010602,0.008034,0.953383,0.003508,0.002913,0.003755,0.001656,0.001471,0.00324,0.011438
2796,2,2,1,0.012566,0.008138,0.937927,0.0066,0.006721,0.001633,0.001614,0.002213,0.003537,0.019052
2797,2,2,1,0.011449,0.009397,0.946455,0.002871,0.00225,0.004725,0.004874,0.00202,0.001299,0.014659
2798,2,2,1,0.010367,0.010447,0.937113,0.004141,0.007686,0.001827,0.004761,0.005554,0.001533,0.016571
2799,2,2,1,0.014826,0.006644,0.903096,0.017419,0.006326,0.01282,0.004242,0.004512,0.00269,0.027424
2800,2,2,1,1.2e-05,8e-06,0.9999,5e-06,5e-06,7e-06,6e-06,1.2e-05,5e-06,4.1e-05
2801,2,2,1,0.001228,0.001182,0.991225,0.001173,0.000363,0.000287,0.001135,0.000675,0.000334,0.002398
2802,2,2,1,0.009254,0.010309,0.917799,0.01242,0.009621,0.003957,0.007696,0.003332,0.005821,0.019791
2803,2,2,1,0.00395,0.007999,0.946572,0.010152,0.005311,0.001812,0.003178,0.003633,0.004017,0.013376
2804,2,2,1,0.00558,0.006775,0.95817,0.006985,0.005251,0.003633,0.000743,0.003143,0.00227,0.00745
2805,2,2,1,0.004557,0.004502,0.977173,0.001736,0.002083,0.000532,0.002157,0.001653,0.001233,0.004374
2806,2,2,1,0.003791,0.004244,0.953777,0.00802,0.002254,0.004386,0.003141,0.003072,0.001302,0.016014
2807,2,2,1,0.015408,0.011797,0.917779,0.008244,0.011018,0.004663,0.005599,0.003217,0.003868,0.018407
2808,2,2,1,0.001483,0.002214,0.973564,0.002369,0.003353,0.004024,0.000874,0.000615,0.00137,0.010134
2809,2,2,1,0.010892,0.018692,0.886637,0.014815,0.016172,0.012641,0.004832,0.002681,0.002498,0.030142
2810,2,2,1,0.004209,0.003358,0.953363,0.002318,0.006582,0.004304,0.005666,0.003268,0.002932,0.014001
2811,2,2,1,0.009226,0.003791,0.953168,0.002985,0.004397,0.001967,0.004208,0.001371,0.002208,0.016678
2812,2,2,1,1.2e-05,2.2e-05,0.9999,1.5e-05,1.1e-05,2e-06,9e-06,7e-06,5e-06,1.7e-05
2813,2,2,1,0.009344,0.01322,0.928062,0.002902,0.007458,0.003305,0.008465,0.002354,0.001308,0.023582
2814,2,2,1,0.006356,0.002219,0.972034,0.004672,0.001911,0.00315,0.002349,0.000426,0.001142,0.005741
2815,2,2,1,0.009828,0.005806,0.903108,0.012232,0.013511,0.008383,0.006463,0.009866,0.003139,0.027663
2816,2,2,1,1.2e-05,1.9e-05,0.9999,9e-06,5e-06,8e-06,7e-06,6e-06,5e-06,2.9e-05
2817,2,2,1,0.005052,0.002622,0.974171,0.002453,0.003871,0.002903,0.00156,0.000719,0.000607,0.006044
2818,2,2,1,0.008134,0.008444,0.95467,0.002231,0.004464,0.005006,0.004237,0.002689,0.002264,0.007861
2819,2,2,1,0.007783,0.002099,0.951717,0.004066,0.007421,0.002837,0.004831,0.004436,0.000976,0.013833
2820,2,2,1,0.006781,0.003466,0.955324,0.002556,0.00619,0.002601,0.005746,0.002901,0.003581,0.010853
2821,2,2,1,0.004864,0.00373,0.957527,0.002836,0.006011,0.002703,0.001444,0.004015,0.001255,0.015614
2822,2,2,1,0.004609,0.008903,0.922617,0.007123,0.004292,0.005134,0.005758,0.002851,0.00763,0.031083
2823,2,2,1,0.004389,0.00461,0.969698,0.004559,0.001947,0.001394,0.002433,0.001413,0.000493,0.009064
2824,2,2,1,0.019422,0.010047,0.903767,0.011707,0.010992,0.005851,0.008022,0.003804,0.004807,0.02158
2825,2,2,1,0.010265,0.00422,0.939117,0.009505,0.008775,0.004413,0.002065,0.004916,0.002594,0.01413
2826,2,2,1,0.001057,0.004046,0.978989,0.002472,0.001086,0.00154,0.000631,0.002338,0.001198,0.006642
2827,2,2,1,0.001084,0.001353,0.991994,0.001037,0.00098,0.000522,0.0004,0.000392,0.00012,0.002117
2828,2,2,1,0.003573,0.001258,0.983012,0.002975,0.001807,0.001216,0.001331,0.0007,0.000327,0.0038
2829,2,2,1,0.004582,0.007628,0.952377,0.002345,0.004812,0.006483,0.004066,0.003397,0.002432,0.011878
2830,2,2,1,0.003619,0.001796,0.979262,0.002937,0.00301,0.000632,0.001636,0.001358,0.000622,0.005126
2831,2,2,1,0.001586,0.001611,0.989787,0.00173,0.00043,0.000674,0.000845,0.000727,0.000471,0.002139
2832,2,2,1,0.004001,0.003,0.970339,0.002349,0.002666,0.00366,0.0009,0.001592,0.002049,0.009444
2833,2,2,1,0.009012,0.00516,0.919637,0.008649,0.00897,0.006575,0.009957,0.001653,0.006436,0.023953
2834,2,2,1,0.011579,0.010065,0.941308,0.002305,0.002503,0.006669,0.00556,0.001344,0.003683,0.014984
2835,2,2,1,0.007957,0.00726,0.95181,0.002672,0.007102,0.001831,0.003309,0.003645,0.003003,0.01141
2836,2,2,1,0.004885,0.00348,0.971269,0.002689,0.001056,0.00292,0.002785,0.001497,0.001778,0.00764
2837,2,2,1,2.4e-05,1.6e-05,0.9999,1.3e-05,1.1e-05,4e-06,7e-06,2e-06,2e-06,2e-05
2838,2,2,1,1.2e-05,8e-06,0.9999,1.6e-05,8e-06,1.3e-05,6e-06,9e-06,4e-06,2.4e-05
2839,2,2,1,0.009004,0.003365,0.961802,0.002699,0.005231,0.00213,0.002636,0.003001,0.000589,0.009543
2840,2,2,1,0.001378,0.002382,0.986686,0.002371,0.001269,0.000459,0.000421,0.000885,0.000829,0.003321
2841,2,2,1,0.00799,0.010213,0.938073,0.009124,0.006049,0.001787,0.004546,0.001792,0.00319,0.017237
2842,2,2,1,0.001869,0.001783,0.990549,0.000468,0.000801,0.000895,0.000306,0.000223,0.000703,0.002403
2843,2,2,1,0.005293,0.004371,0.956427,0.007704,0.005422,0.004524,0.00152,0.001462,0.000716,0.01256
2844,2,2,1,0.007679,0.00464,0.932647,0.012814,0.005373,0.004914,0.002986,0.004964,0.003107,0.020877
2845,2,2,1,0.007043,0.003357,0.960494,0.005812,0.001177,0.003588,0.003805,0.000802,0.002034,0.011889
2846,2,2,1,0.014779,0.009438,0.935389,0.009599,0.005279,0.001606,0.003507,0.002531,0.001441,0.016431
2847,2,2,1,0.000554,0.000257,0.997012,0.000151,0.000226,0.000371,0.000168,0.000233,0.00014,0.000889
2848,2,2,1,0.007084,0.007183,0.954001,0.003138,0.005894,0.002662,0.003288,0.001749,0.002085,0.012916
2849,2,2,1,0.000363,0.000547,0.996982,0.000351,0.000101,8.9e-05,0.000181,0.000271,0.000115,0.001002
2850,2,2,1,0.007467,0.002546,0.9656,0.004955,0.003059,0.002971,0.000943,0.002766,0.002037,0.007657
2851,2,2,1,0.005083,0.00428,0.940163,0.002551,0.007977,0.008131,0.007054,0.001504,0.003046,0.020211
2852,2,2,1,0.004201,0.001744,0.981165,0.001573,0.001616,0.000728,0.00054,0.000502,0.000592,0.00734
2853,2,2,1,0.005475,0.004167,0.953044,0.00526,0.003069,0.003117,0.006265,0.001923,0.001138,0.016542
2854,2,2,1,0.003391,0.001393,0.978444,0.002021,0.001815,0.003136,0.00115,0.000873,0.000736,0.007041
2855,2,2,1,0.005663,0.01186,0.945588,0.006521,0.003395,0.003471,0.002721,0.003735,0.002446,0.014599
2856,2,2,1,0.005759,0.004204,0.940963,0.006053,0.005359,0.006046,0.006854,0.004577,0.003359,0.016825
2857,2,2,1,0.014075,0.005192,0.942219,0.007678,0.003401,0.004048,0.00551,0.001243,0.002192,0.014442
2858,2,2,1,2.3e-05,1.6e-05,0.9999,6e-06,1e-05,9e-06,5e-06,3e-06,6e-06,2.2e-05
2859,2,2,1,0.004615,0.005062,0.974509,0.001746,0.000709,0.000717,0.000889,0.001529,0.001724,0.008501
2860,2,2,1,7e-06,1.8e-05,0.9999,1.1e-05,1.1e-05,1e-05,9e-06,6e-06,7e-06,2.1e-05
2861,2,2,1,0.003478,0.005149,0.953562,0.004305,0.003954,0.001724,0.005359,0.003367,0.002038,0.017064
2862,2,2,1,0.003492,0.002388,0.953151,0.007034,0.004332,0.001594,0.003978,0.004161,0.001118,0.018752
2863,2,2,1,0.015275,0.010964,0.930338,0.005978,0.002136,0.004472,0.005074,0.004618,0.003487,0.017658
2864,2,2,1,0.012178,0.014253,0.928146,0.005111,0.007497,0.004252,0.005448,0.001664,0.004497,0.016955
2865,2,2,1,0.006257,0.006496,0.962229,0.004576,0.004173,0.003818,0.001679,0.001404,0.000937,0.008431
2866,2,2,1,1.5e-05,8e-06,0.9999,1.7e-05,1.2e-05,9e-06,6e-06,2e-06,2e-06,2.8e-05
2867,2,2,1,0.00307,0.005884,0.959405,0.002939,0.005908,0.005549,0.001657,0.001856,0.000979,0.012754
2868,2,2,1,0.004046,0.002062,0.961255,0.004687,0.00619,0.001806,0.003533,0.004025,0.001182,0.011214
2869,2,2,1,0.004795,0.005866,0.963408,0.002464,0.003425,0.004096,0.002608,0.001845,0.00246,0.009033
2870,2,2,1,1.5e-05,5e-06,0.9999,1.5e-05,1.4e-05,1.2e-05,2e-06,2e-06,5e-06,3e-05
2871,2,2,1,0.004331,0.003791,0.977695,0.002905,0.001549,0.001196,0.001815,0.00086,0.000322,0.005535
2872,2,2,1,0.001138,0.002992,0.986812,0.001205,0.001801,0.000872,0.000871,0.000443,0.000795,0.00307
2873,2,2,1,6e-06,2.1e-05,0.9999,1.6e-05,9e-06,6e-06,7e-06,2e-06,2e-06,3e-05
2874,2,2,1,0.005532,0.001351,0.973712,0.003402,0.001333,0.003276,0.002404,0.000598,0.000601,0.00779
2875,2,2,1,0.003797,0.003904,0.974315,0.002941,0.003696,0.00248,0.00188,0.001558,0.0007,0.004729
2876,2,2,1,0.009381,0.005145,0.961357,0.002522,0.00503,0.003148,0.001156,0.002296,0.00113,0.008835
2877,2,2,1,0.007106,0.00386,0.933764,0.00852,0.009792,0.00693,0.005499,0.004977,0.0037,0.015851
2878,2,2,1,0.002058,0.001924,0.985305,0.000575,0.001193,0.000551,0.001348,0.001266,0.000913,0.004868
2879,2,2,1,0.004693,0.001891,0.975036,0.003998,0.002797,0.001768,0.002023,0.001227,0.001508,0.00506
2880,2,2,1,1e-05,1.7e-05,0.9999,6e-06,1.6e-05,5e-06,7e-06,3e-06,4e-06,3.1e-05
2881,2,2,1,0.023057,0.016338,0.905873,0.003955,0.007037,0.006926,0.008551,0.001478,0.001348,0.025438
2882,2,2,1,0.021456,0.010095,0.908317,0.008814,0.010082,0.002149,0.005252,0.006192,0.00379,0.023853
2883,2,2,1,0.008311,0.002506,0.965974,0.003319,0.001569,0.003128,0.000767,0.001936,0.00183,0.010659
2884,2,2,1,0.001525,0.001099,0.982492,0.001183,0.001458,0.001894,0.001586,0.001421,0.001332,0.006011
2885,2,2,1,0.005385,0.009073,0.923727,0.010191,0.003043,0.011038,0.006918,0.003902,0.002926,0.023798
2886,2,2,1,0.009404,0.006451,0.945628,0.002767,0.00617,0.003853,0.002948,0.005268,0.003512,0.014
2887,2,2,1,0.00228,0.000594,0.986735,0.00215,0.000824,0.001554,0.000332,0.000901,0.000889,0.003741
2888,2,2,1,0.004966,0.004727,0.954722,0.006491,0.002121,0.006535,0.002864,0.001065,0.002649,0.01386
2889,2,2,1,0.007811,0.00396,0.960447,0.004578,0.002032,0.005265,0.001248,0.00188,0.003078,0.009701
2890,2,2,1,0.014068,0.010323,0.941901,0.002137,0.003151,0.006544,0.004282,0.003628,0.001651,0.012316
2891,2,2,1,0.003007,0.006826,0.964361,0.002016,0.001728,0.003624,0.004349,0.000775,0.002551,0.010764
2892,2,2,1,0.013935,0.006047,0.908849,0.015558,0.009493,0.004141,0.010441,0.005016,0.005336,0.021184
2893,2,2,1,0.005455,0.001756,0.974688,0.003943,0.002517,0.000592,0.001353,0.000949,0.001843,0.006905
2894,2,2,1,0.002306,0.001743,0.98039,0.002564,0.002655,0.001977,0.000622,0.001744,0.001181,0.004817
2895,2,2,1,0.007493,0.013911,0.932407,0.009378,0.002949,0.005371,0.002504,0.004269,0.002683,0.019036
2896,2,2,1,0.000315,0.000304,0.997847,0.000362,0.000138,0.000208,0.000141,4.8e-05,0.00015,0.000486
2897,2,2,1,0.00344,0.007133,0.948099,0.002288,0.002207,0.004868,0.004487,0.001687,0.004246,0.021545
2898,2,2,1,0.004606,0.001879,0.98053,0.001506,0.002785,0.000875,0.001656,0.001246,0.000866,0.00405
2899,2,2,1,0.005001,0.002271,0.970253,0.003139,0.003127,0.001184,0.002426,0.002555,0.001313,0.008731
2900,2,2,1,0.018481,0.003369,0.916581,0.006524,0.006167,0.01165,0.006746,0.005879,0.004119,0.020484
2901,2,2,1,0.005841,0.004519,0.969766,0.00365,0.001568,0.000967,0.002772,0.002206,0.000513,0.008197
2902,2,2,1,0.007589,0.005761,0.96356,0.004491,0.002608,0.003718,0.003028,0.002119,0.000733,0.006393
2903,2,2,1,0.003751,0.000954,0.983228,0.000604,0.001818,0.002212,0.001648,0.000968,0.000916,0.0039
2904,2,2,1,9e-06,7e-06,0.9999,6e-06,9e-06,4e-06,8e-06,6e-06,8e-06,4.4e-05
2905,2,2,1,0.006356,0.007972,0.954924,0.005127,0.006094,0.00417,0.002974,0.001359,0.001604,0.009421
2906,2,2,1,0.00199,0.007471,0.966966,0.003895,0.002527,0.00388,0.001624,0.002151,0.001141,0.008353
2907,2,2,1,0.006187,0.003688,0.94769,0.006919,0.005014,0.00254,0.005218,0.002093,0.003126,0.017524
2908,2,2,1,0.002768,0.004315,0.94963,0.002255,0.006216,0.008402,0.003329,0.005117,0.003564,0.014405
2909,2,2,1,5e-06,1.3e-05,0.9999,1.6e-05,1.3e-05,5e-06,1.1e-05,7e-06,7e-06,2.4e-05
2910,2,2,1,0.001635,0.00109,0.993082,0.000609,0.000627,0.000658,0.000521,0.000406,0.000189,0.001183
2911,2,2,1,0.003125,0.001274,0.974982,0.003729,0.002768,0.003228,0.00143,0.001185,0.001237,0.007041
2912,2,2,1,0.019517,0.017059,0.907754,0.00356,0.01079,0.002522,0.005337,0.003268,0.003669,0.026523
2913,2,2,1,0.005534,0.011399,0.927183,0.004721,0.009319,0.002364,0.006235,0.007653,0.00597,0.019622
2914,2,2,1,0.003911,0.009598,0.955818,0.003017,0.00574,0.002041,0.003337,0.001587,0.001585,0.013367
2915,2,2,1,0.001229,0.002775,0.97746,0.003553,0.000832,0.003108,0.002645,0.001371,0.001721,0.005307
2916,2,2,1,0.002618,0.008494,0.948109,0.007376,0.002944,0.004189,0.005937,0.002331,0.001406,0.016596
2917,2,2,1,0.0093,0.005752,0.916298,0.008151,0.008862,0.011202,0.002289,0.004826,0.007932,0.02539
2918,2,2,1,0.006686,0.00374,0.958505,0.004529,0.006354,0.002,0.001333,0.002793,0.002822,0.011238
2919,2,2,1,2.1e-05,1.6e-05,0.9999,6e-06,7e-06,1.2e-05,9e-06,4e-06,1e-06,2.3e-05
2920,2,2,1,0.007981,0.003485,0.960494,0.002142,0.00302,0.001281,0.003486,0.004422,0.001846,0.011843
2921,2,2,1,0.001169,0.001532,0.992505,0.000762,0.000224,0.000328,0.000333,0.000529,0.000199,0.00242
2922,2,2,1,2.3e-05,4e-06,0.9999,1.7e-05,1e-05,9e-06,4e-06,4e-06,4e-06,2.5e-05
2923,2,2,1,9e-06,1.5e-05,0.9999,1.2e-05,5e-06,1.2e-05,7e-06,8e-06,2e-06,2.8e-05
2924,2,2,1,0.002914,0.002018,0.986463,0.000863,0.000631,0.000796,0.000773,0.00073,0.000795,0.004016
2925,2,2,1,0.004587,0.013658,0.936831,0.007434,0.004197,0.002429,0.001595,0.002603,0.002308,0.024358
2926,2,2,1,0.002201,0.004713,0.956757,0.006914,0.002523,0.003967,0.002698,0.001332,0.004493,0.014401
2927,2,2,1,0.003273,0.003105,0.958793,0.006641,0.00565,0.001498,0.004787,0.001986,0.00176,0.012509
2928,2,2,1,0.006877,0.006472,0.95591,0.005586,0.00476,0.001246,0.004359,0.00194,0.000981,0.01187
2929,2,2,1,0.001438,0.001548,0.989964,0.000378,0.000464,0.000523,0.001059,0.00076,0.000389,0.003478
2930,2,2,1,0.007908,0.003561,0.964624,0.003497,0.004729,0.001856,0.002723,0.002625,0.001789,0.006689
2931,2,2,1,0.002844,0.004714,0.968513,0.002979,0.005038,0.001247,0.001431,0.002132,0.001439,0.009664
2932,2,2,1,0.002461,0.002615,0.958844,0.003677,0.004507,0.004711,0.002222,0.002731,0.001187,0.017045
2933,2,2,1,0.008764,0.005538,0.955805,0.004485,0.001777,0.004179,0.001,0.00227,0.003147,0.013035
2934,2,2,1,0.01778,0.013338,0.927797,0.007554,0.001862,0.002401,0.001894,0.002084,0.001867,0.023422
2935,2,2,1,0.008782,0.007241,0.945945,0.007385,0.002307,0.002703,0.002048,0.003846,0.004311,0.015433
2936,2,2,1,0.004579,0.003256,0.979205,0.002166,0.001631,0.001546,0.000538,0.001112,0.001418,0.00455
2937,2,2,1,0.017204,0.013285,0.925753,0.009282,0.002257,0.007039,0.005298,0.003563,0.001088,0.015232
2938,2,2,1,0.024228,0.011573,0.89503,0.014947,0.007694,0.008803,0.002721,0.007293,0.003102,0.024608
2939,2,2,1,0.007645,0.013066,0.911828,0.009684,0.005642,0.006903,0.005749,0.004705,0.002293,0.032485
2940,2,2,1,0.001297,0.002088,0.979738,0.002785,0.003457,0.002216,0.001212,0.001008,0.001252,0.004947
2941,2,2,1,0.008949,0.007858,0.950048,0.004714,0.002399,0.005214,0.002278,0.003283,0.001366,0.013891
2942,2,2,1,1.7e-05,1.2e-05,0.9999,1.1e-05,1e-05,1.1e-05,5e-06,2e-06,7e-06,2.4e-05
2943,2,2,1,0.016003,0.014053,0.920201,0.004704,0.006923,0.007062,0.00182,0.002378,0.006262,0.020595
2944,2,2,1,1e-05,1.4e-05,0.9999,4e-06,8e-06,7e-06,9e-06,6e-06,2e-06,3.9e-05
2945,2,2,1,0.001359,0.001371,0.975773,0.002309,0.003267,0.00213,0.001667,0.001159,0.001459,0.009505
2946,2,2,1,0.005599,0.007966,0.955702,0.005802,0.001937,0.002833,0.003403,0.003931,0.001208,0.01162
2947,2,2,1,0.004609,0.001705,0.977667,0.002709,0.000891,0.002999,0.00221,0.001268,0.000367,0.005575
2948,2,2,1,0.002612,0.00112,0.98178,0.002784,0.002346,0.000813,0.000739,0.000875,0.000438,0.006493
2949,2,2,1,0.003577,0.004587,0.975878,0.002142,0.00337,0.000549,0.000518,0.000592,0.000907,0.007881
2950,2,2,1,9e-06,1.1e-05,0.9999,1.2e-05,1.3e-05,8e-06,5e-06,3e-06,6e-06,3.2e-05
2951,2,2,1,0.006527,0.012477,0.933714,0.009567,0.007633,0.005213,0.004647,0.004698,0.00227,0.013253
2952,2,2,1,0.026938,0.008217,0.890757,0.012523,0.012801,0.004059,0.009112,0.002944,0.003599,0.02905
2953,2,2,1,0.005828,0.002329,0.970225,0.002484,0.00112,0.001631,0.002802,0.000722,0.000741,0.012118
2954,2,2,1,0.003305,0.003757,0.969984,0.001458,0.004689,0.001888,0.00118,0.00207,0.001165,0.010503
2955,2,2,1,0.008259,0.003858,0.958186,0.003028,0.006338,0.003921,0.001753,0.002613,0.000903,0.011141
2956,2,2,1,0.013576,0.011221,0.930316,0.00884,0.004995,0.003811,0.006064,0.005066,0.001529,0.014581
2957,2,2,1,0.006037,0.014851,0.93239,0.008727,0.004941,0.00178,0.003562,0.002561,0.005171,0.019981
2958,2,2,1,0.013932,0.005035,0.943882,0.005672,0.005087,0.002494,0.003378,0.002044,0.003873,0.014603
2959,2,2,1,0.007643,0.009725,0.949776,0.003261,0.007009,0.002179,0.002409,0.003164,0.003228,0.011604
2960,2,2,1,0.003368,0.003553,0.96492,0.006168,0.00177,0.004077,0.003821,0.000669,0.001911,0.009742
2961,2,2,1,0.00271,0.003664,0.978296,0.002173,0.000802,0.001186,0.000659,0.002451,0.001047,0.007012
2962,2,2,1,8.6e-05,0.000141,0.999254,7.7e-05,3e-05,9.9e-05,3.6e-05,6.2e-05,1.3e-05,0.000203
2963,2,2,1,8.2e-05,0.0001,0.999508,5.5e-05,4.8e-05,2.2e-05,1.5e-05,3.1e-05,2.6e-05,0.000114
2964,2,2,1,0.00537,0.002824,0.951674,0.006988,0.004119,0.003612,0.001716,0.002705,0.003194,0.017799
2965,2,2,1,0.002955,0.002609,0.986097,0.001702,0.000432,0.000423,0.000578,0.001277,0.000961,0.002966
2966,2,2,1,0.008402,0.003323,0.956491,0.005967,0.004447,0.002154,0.00389,0.000976,0.002764,0.011587
2967,2,2,1,0.005022,0.00348,0.965146,0.003938,0.004512,0.002177,0.003772,0.002735,0.001184,0.008034
2968,2,2,1,0.005285,0.005265,0.965453,0.005906,0.002386,0.00084,0.003073,0.000873,0.001442,0.009475
2969,2,2,1,0.012643,0.002924,0.94229,0.007751,0.005409,0.003563,0.006093,0.002638,0.001889,0.014799
2970,2,2,1,1.4e-05,2e-05,0.9999,7e-06,6e-06,3e-06,8e-06,7e-06,5e-06,2.8e-05
2971,2,2,1,0.004499,0.005858,0.963031,0.004501,0.003142,0.001242,0.001559,0.001506,0.003561,0.0111
2972,2,2,1,6e-06,1.9e-05,0.9999,4e-06,4e-06,1.6e-05,1e-05,5e-06,2e-06,3.3e-05
2973,2,2,1,0.001772,0.002589,0.970477,0.002007,0.005006,0.002811,0.002476,0.002027,0.000991,0.009844
2974,2,2,1,0.007137,0.003541,0.944304,0.010699,0.005524,0.002096,0.006498,0.002922,0.002715,0.014564
2975,2,2,1,1.2e-05,1.4e-05,0.9999,1.4e-05,1.4e-05,1.1e-05,2e-06,4e-06,2e-06,2.7e-05
2976,2,2,1,0.008158,0.008806,0.93727,0.009233,0.004605,0.002721,0.001661,0.004017,0.001911,0.021619
2977,2,2,1,0.008072,0.01001,0.945331,0.007127,0.007268,0.001608,0.003782,0.003746,0.001821,0.011234
2978,2,2,1,0.007507,0.005847,0.937615,0.007022,0.003976,0.007412,0.006314,0.005879,0.001739,0.016687
2979,2,2,1,0.013147,0.008773,0.93547,0.010246,0.004987,0.004646,0.003995,0.003072,0.001107,0.014558
2980,2,2,1,0.007331,0.003218,0.957256,0.004581,0.001819,0.003289,0.002311,0.001152,0.002608,0.016434
2981,2,2,1,1.6e-05,1.6e-05,0.9999,1e-05,4e-06,9e-06,9e-06,8e-06,2e-06,2.6e-05
2982,2,2,1,0.006091,0.007646,0.949334,0.004546,0.004224,0.007023,0.002109,0.003807,0.002295,0.012926
2983,2,2,1,0.002326,0.001386,0.990026,0.000576,0.001344,0.000231,0.000232,0.000465,0.000741,0.002673
2984,2,2,1,0.01151,0.004292,0.944719,0.005683,0.004913,0.006034,0.001227,0.001946,0.002473,0.017203
2985,2,2,1,0.003346,0.00212,0.982154,0.002085,0.000846,0.001258,0.001018,0.001144,0.001113,0.004916
2986,2,2,1,0.002668,0.001437,0.973979,0.005277,0.004011,0.001364,0.001287,0.001812,0.002036,0.006129
2987,2,2,1,0.004245,0.00861,0.96111,0.003943,0.004394,0.001014,0.002715,0.003264,0.00234,0.008365
2988,2,2,1,0.01268,0.005772,0.928042,0.008133,0.003495,0.005256,0.0047,0.00168,0.006341,0.023901
2989,2,2,1,0.011151,0.00433,0.945442,0.003671,0.006523,0.001603,0.00453,0.002462,0.002284,0.018004
2990,2,2,1,0.006781,0.003451,0.928776,0.011487,0.009543,0.002848,0.009216,0.004555,0.004173,0.01917
2991,2,2,1,0.007622,0.006251,0.932442,0.010786,0.003454,0.006857,0.006147,0.003222,0.003584,0.019634
2992,2,2,1,0.004078,0.004308,0.965251,0.003044,0.003051,0.00103,0.001452,0.001022,0.001591,0.015172
2993,2,2,1,0.013656,0.002488,0.943287,0.00513,0.00509,0.006696,0.005798,0.001257,0.002023,0.014575
2994,2,2,1,0.011755,0.010291,0.940426,0.002644,0.005348,0.005193,0.004977,0.002931,0.003807,0.012628
2995,2,2,1,0.008279,0.008254,0.929456,0.00736,0.008954,0.007924,0.006549,0.002172,0.001588,0.019465
2996,2,2,1,0.006795,0.010241,0.935336,0.002702,0.00725,0.007909,0.003967,0.002974,0.003303,0.019522
2997,2,2,1,0.007626,0.007906,0.955743,0.006092,0.005004,0.001875,0.001742,0.000742,0.001088,0.012182
2998,2,2,1,8e-06,1.4e-05,0.9999,1.7e-05,5e-06,4e-06,1.2e-05,4e-06,2e-06,3.4e-05
2999,2,2,1,0.005754,0.003894,0.953374,0.002394,0.007509,0.001949,0.003935,0.004007,0.002166,0.015019
3000,2,2,1,0.005146,0.006579,0.930799,0.004271,0.010771,0.007804,0.004563,0.003808,0.001442,0.024818
3001,2,2,1,0.001803,0.002271,0.987198,0.000598,0.001222,0.001497,0.000405,0.000352,0.000773,0.003881
3002,2,2,1,0.003985,0.00749,0.964757,0.005735,0.003342,0.001155,0.001499,0.001772,0.001663,0.008602
3003,2,2,1,0.010067,0.004125,0.945231,0.002543,0.002246,0.003663,0.003411,0.002573,0.001672,0.024468
3004,2,2,1,2.5e-05,1.2e-05,0.9999,4e-06,3e-06,1.4e-05,1e-05,6e-06,2e-06,2.3e-05
3005,2,2,1,1.1e-05,6e-06,0.9999,1.8e-05,1.2e-05,6e-06,6e-06,6e-06,4e-06,2.9e-05
3006,2,2,1,0.003668,0.014475,0.938401,0.005531,0.002655,0.006423,0.004346,0.003805,0.001321,0.019374
3007,2,2,1,0.004532,0.004722,0.949415,0.008739,0.006603,0.003325,0.00256,0.001508,0.003773,0.014823
3008,2,2,1,0.011934,0.007332,0.917398,0.003859,0.011606,0.002655,0.004203,0.010197,0.004313,0.026503
3009,2,2,1,0.002888,0.004479,0.97159,0.003634,0.004246,0.001842,0.001934,0.0009,0.001457,0.007029
3010,2,2,1,0.011664,0.006254,0.952182,0.002027,0.005942,0.002871,0.002098,0.000863,0.002046,0.014054
3011,2,2,1,0.006538,0.008446,0.931051,0.01143,0.005109,0.008909,0.005434,0.003723,0.002314,0.017044
3012,2,2,1,0.000884,0.002653,0.986907,0.000633,0.002224,0.001142,0.000994,0.000498,0.000843,0.003222
3013,2,2,1,0.004458,0.004678,0.946388,0.002557,0.009901,0.001737,0.003215,0.002926,0.003722,0.020416
3014,2,2,1,0.010501,0.011111,0.935296,0.007637,0.007561,0.004691,0.003521,0.003018,0.002391,0.014273
3015,2,2,1,0.007875,0.002623,0.965705,0.005036,0.001033,0.001076,0.003803,0.002693,0.000516,0.009639
3016,2,2,1,0.002132,0.001491,0.99116,0.000943,0.000481,0.000878,0.000493,0.000513,0.000407,0.001502
3017,2,2,1,0.005898,0.002638,0.9751,0.001156,0.003594,0.000752,0.000775,0.001924,0.001099,0.007065
3018,2,2,1,0.005587,0.002241,0.967749,0.001675,0.002442,0.001365,0.004629,0.001737,0.002765,0.009812
3019,2,2,1,0.005029,0.003424,0.96263,0.00279,0.004784,0.003283,0.0033,0.002894,0.002931,0.008936
3020,2,2,1,0.001159,0.002112,0.985924,0.000776,0.002058,0.000441,0.000694,0.000662,0.00061,0.005564
3021,2,2,1,0.002668,0.011966,0.946918,0.002348,0.006261,0.006248,0.003933,0.002495,0.002246,0.014917
3022,2,2,1,0.013086,0.013167,0.932382,0.007143,0.006144,0.003967,0.001706,0.003157,0.004664,0.014585
3023,2,2,1,0.000214,0.000151,0.999043,0.000112,3.9e-05,6.7e-05,7.3e-05,2.4e-05,6.5e-05,0.000213
3024,2,2,1,0.005458,0.004379,0.974561,0.001954,0.001582,0.002199,0.002142,0.000623,0.001036,0.006066
3025,2,2,1,0.019725,0.011752,0.907139,0.011218,0.005125,0.002957,0.009893,0.003164,0.004798,0.024229
3026,2,2,1,0.003479,0.003487,0.976224,0.002321,0.000821,0.000699,0.001592,0.002028,0.001361,0.007989
3027,2,2,1,0.009726,0.010455,0.898471,0.013952,0.004966,0.012075,0.006431,0.005174,0.004985,0.033765
3028,2,2,1,0.00224,0.005259,0.974426,0.003615,0.00186,0.00164,0.002345,0.001353,0.001229,0.006034
3029,2,2,1,0.004009,0.01699,0.924523,0.009943,0.007824,0.004241,0.004779,0.006075,0.002078,0.019536
3030,2,2,1,0.003413,0.007797,0.955358,0.008239,0.004909,0.005012,0.001978,0.002652,0.002586,0.008056
3031,2,2,1,0.007628,0.004113,0.937694,0.01096,0.007117,0.003764,0.005005,0.00201,0.005362,0.016348
3032,2,2,1,2.1e-05,1.7e-05,0.9999,5e-06,1.2e-05,3e-06,9e-06,5e-06,4e-06,2.6e-05
3033,2,2,1,0.008335,0.004213,0.96198,0.004136,0.004428,0.004118,0.00255,0.001796,0.00056,0.007883
3034,2,2,1,5e-06,1.8e-05,0.9999,1.2e-05,5e-06,1.2e-05,7e-06,4e-06,9e-06,2.7e-05
3035,2,2,1,0.01279,0.008098,0.940909,0.007749,0.005705,0.005641,0.003665,0.002504,0.001695,0.011245
3036,2,2,1,0.000826,0.000498,0.99118,0.001372,0.000954,0.000769,0.001002,0.000835,0.000614,0.001949
3037,2,2,1,0.00076,0.001719,0.99232,0.001151,0.000963,0.000753,0.000455,0.00012,0.000137,0.001622
3038,2,2,1,1.6e-05,7e-06,0.9999,6e-06,9e-06,1.2e-05,8e-06,1e-05,7e-06,2.5e-05
3039,2,2,1,0.003266,0.005161,0.956057,0.006308,0.005125,0.004661,0.004189,0.001235,0.001857,0.012139
3040,2,2,1,0.004914,0.003019,0.964201,0.004217,0.002681,0.003672,0.002909,0.00191,0.001778,0.010698
3041,2,2,1,0.008984,0.01668,0.914261,0.004774,0.011409,0.008045,0.006904,0.005697,0.004224,0.019022
3042,2,2,1,0.005448,0.001457,0.976307,0.003817,0.002737,0.002159,0.001876,0.000527,0.001291,0.004381
3043,2,2,1,0.004151,0.00636,0.95768,0.005439,0.004613,0.002484,0.004279,0.003557,0.001288,0.010149
3044,2,2,1,0.001432,0.001398,0.985889,0.001738,0.001928,0.000759,0.001607,0.000924,0.00088,0.003446
3045,2,2,1,0.011192,0.006293,0.942877,0.002877,0.008984,0.002034,0.002879,0.005584,0.001627,0.015653
3046,2,2,1,0.0088,0.00204,0.954049,0.005702,0.004287,0.005481,0.002228,0.002082,0.002836,0.012495
3047,2,2,1,0.007639,0.001797,0.962981,0.004912,0.002896,0.004504,0.003146,0.001893,0.002413,0.00782
3048,2,2,1,1.7e-05,1.6e-05,0.9999,4e-06,1.3e-05,1.2e-05,9e-06,4e-06,2e-06,2.4e-05
3049,2,2,1,0.001559,0.00324,0.981817,0.001732,0.002272,0.000875,0.000749,0.001177,0.000424,0.006156
3050,2,2,1,0.003947,0.005577,0.965341,0.00422,0.005025,0.002283,0.001299,0.001736,0.002467,0.008104
3051,2,2,1,0.0095,0.008233,0.942162,0.004885,0.005205,0.004976,0.005076,0.001267,0.004531,0.014165
3052,2,2,1,0.004309,0.004923,0.969288,0.00139,0.002931,0.001601,0.001996,0.00318,0.000544,0.009839
3053,2,2,1,0.011728,0.006666,0.938946,0.010335,0.004157,0.005087,0.005137,0.001271,0.001368,0.015305
3054,2,2,1,0.003609,0.001165,0.9836,0.000653,0.00058,0.000609,0.001268,0.00085,0.001523,0.006144
3055,2,2,1,0.007276,0.003225,0.952015,0.009101,0.004986,0.005822,0.002842,0.002243,0.001182,0.011307
3056,2,2,1,2.1e-05,5e-06,0.9999,1.1e-05,1.2e-05,8e-06,3e-06,7e-06,3e-06,3e-05
3057,2,2,1,0.009802,0.007554,0.927579,0.012881,0.006705,0.002834,0.00165,0.002379,0.001797,0.026819
3058,2,2,1,0.005022,0.006526,0.953922,0.003476,0.005735,0.003478,0.004222,0.002608,0.002847,0.012164
3059,2,2,1,0.00769,0.002784,0.962009,0.003553,0.001516,0.003927,0.003633,0.001797,0.000894,0.012198
3060,2,2,1,0.005086,0.002406,0.958543,0.005185,0.004999,0.004464,0.003935,0.002953,0.000942,0.011487
3061,2,2,1,0.010275,0.003234,0.954418,0.001909,0.002774,0.001428,0.003644,0.001692,0.002361,0.018265
3062,2,2,1,0.001452,0.002607,0.984904,0.000972,0.00105,0.000707,0.001777,0.000685,0.001456,0.004389
3063,2,2,1,0.000473,0.000327,0.995933,0.000238,0.000415,0.00043,0.00048,0.000276,0.000318,0.00111
3064,2,2,1,0.002104,0.00106,0.983724,0.002859,0.002121,0.001402,0.001462,0.00076,0.000835,0.003673
3065,2,2,1,0.001032,0.001722,0.980097,0.000862,0.002032,0.003307,0.000688,0.000552,0.000679,0.009029
3066,2,2,1,0.003591,0.012543,0.929389,0.005855,0.010102,0.004478,0.001889,0.003725,0.005151,0.023278
3067,2,2,1,0.002217,0.001403,0.985013,0.001887,0.001257,0.001551,0.001022,0.000945,0.000513,0.004191
3068,2,2,1,0.008026,0.005343,0.962427,0.005878,0.002411,0.00262,0.002539,0.00075,0.001939,0.008066
3069,2,2,1,0.003361,0.003988,0.962251,0.002508,0.003243,0.00202,0.002238,0.001683,0.003407,0.0153
3070,2,2,1,1.1e-05,1.9e-05,0.9999,6e-06,9e-06,8e-06,5e-06,5e-06,4e-06,3.3e-05
3071,2,2,1,0.003009,0.008727,0.95103,0.007172,0.004491,0.003348,0.005282,0.003375,0.002513,0.011052
3072,2,2,1,0.003397,0.003238,0.952351,0.004754,0.002967,0.003826,0.004458,0.003428,0.001863,0.019717
3073,2,2,1,0.006293,0.006182,0.954744,0.005168,0.0036,0.002262,0.005364,0.001725,0.002456,0.012205
3074,2,2,1,0.007901,0.00319,0.9659,0.005303,0.00404,0.00207,0.002219,0.001581,0.000573,0.007223
3075,2,2,1,0.006531,0.002198,0.95885,0.007385,0.005475,0.004213,0.00117,0.002436,0.002684,0.009058
3076,2,2,1,0.017308,0.011044,0.928457,0.007867,0.004341,0.006998,0.001416,0.004453,0.002183,0.015933
3077,2,2,1,0.000728,0.00055,0.994458,0.000636,0.000622,0.000663,0.000167,0.000191,0.000278,0.001707
3078,2,2,1,0.003844,0.007529,0.928379,0.007005,0.007046,0.003629,0.00957,0.003796,0.00653,0.022673
3079,2,2,1,0.004302,0.014081,0.939253,0.002123,0.006599,0.007685,0.003149,0.003561,0.002751,0.016495
3080,2,2,1,7e-06,1.1e-05,0.9999,1.9e-05,5e-06,4e-06,5e-06,6e-06,7e-06,3.6e-05
3081,2,2,1,0.011713,0.002817,0.942969,0.009906,0.002906,0.004207,0.004744,0.001329,0.003578,0.015832
3082,2,2,1,0.013612,0.01316,0.91866,0.002805,0.012821,0.005809,0.004244,0.002056,0.001969,0.024865
3083,2,2,1,0.008664,0.017089,0.912739,0.010509,0.009068,0.006938,0.007771,0.004597,0.003242,0.019383
3084,2,2,1,0.016299,0.016556,0.913849,0.01239,0.009051,0.002997,0.004449,0.003592,0.003293,0.017525
3085,2,2,1,0.014043,0.009314,0.9087,0.014659,0.008135,0.008884,0.0088,0.004454,0.00398,0.019032
3086,2,2,1,0.011894,0.012775,0.925299,0.010266,0.009696,0.004315,0.004876,0.001258,0.00455,0.015072
3087,2,2,1,0.00223,0.00204,0.986375,0.001348,0.001195,0.000728,0.001013,0.000874,0.000867,0.00333
3088,2,2,1,0.009845,0.00426,0.952296,0.006276,0.004878,0.002256,0.00424,0.001681,0.003139,0.011129
3089,2,2,1,0.005593,0.011725,0.904626,0.018041,0.005046,0.007432,0.006043,0.008475,0.003919,0.029101
3090,2,2,1,0.00762,0.005643,0.945717,0.006711,0.006446,0.001566,0.005524,0.002115,0.002205,0.016453
3091,2,2,1,0.010969,0.007626,0.939211,0.009881,0.004948,0.006594,0.003684,0.003801,0.002633,0.010653
3092,2,2,1,0.016481,0.015397,0.920214,0.005882,0.009288,0.004586,0.005666,0.00527,0.002572,0.014644
3093,2,2,1,0.004044,0.0065,0.969668,0.003175,0.002088,0.002255,0.003058,0.000862,0.00093,0.007421
3094,2,2,1,1.9e-05,5e-06,0.9999,1.1e-05,1.2e-05,1.1e-05,9e-06,5e-06,4e-06,2.5e-05
3095,2,2,1,0.005891,0.003776,0.973938,0.003639,0.001445,0.000623,0.001873,0.001308,0.001178,0.006329
3096,2,2,1,0.004703,0.009393,0.946652,0.005896,0.003553,0.002899,0.002363,0.004082,0.003495,0.016966
3097,2,2,1,0.002177,0.00426,0.971342,0.004142,0.00106,0.001488,0.001047,0.00362,0.000844,0.01002
3098,2,2,1,0.001879,0.001205,0.983375,0.001321,0.002308,0.001905,0.001696,0.000675,0.00079,0.004847
3099,2,2,1,0.00908,0.014948,0.911409,0.005661,0.014356,0.004416,0.005876,0.002225,0.004317,0.027713
3100,2,2,1,0.014631,0.014014,0.912405,0.006649,0.00622,0.006465,0.009814,0.006933,0.001824,0.021044
3101,2,2,1,0.004689,0.005518,0.919415,0.007059,0.00563,0.014127,0.004491,0.009247,0.003641,0.026183
3102,2,2,1,0.005787,0.007988,0.954901,0.002241,0.004733,0.005733,0.003154,0.003731,0.000933,0.010799
3103,2,2,1,0.001219,0.001078,0.993424,0.000226,0.000542,0.000196,0.000653,0.000188,0.0002,0.002274
3104,2,2,1,1.6e-05,8e-06,0.9999,1.5e-05,3e-06,7e-06,5e-06,7e-06,5e-06,3.3e-05
3105,2,2,1,0.016174,0.016999,0.912211,0.006783,0.00549,0.010074,0.005361,0.00162,0.006168,0.01912
3106,2,2,1,0.001727,0.004779,0.966343,0.005529,0.0037,0.003305,0.003429,0.001044,0.001818,0.008326
3107,2,2,1,0.002032,0.0026,0.986235,0.000807,0.001621,0.000418,0.001168,0.000677,0.000248,0.004195
3108,2,2,1,0.001819,0.002705,0.981596,0.002695,0.002758,0.001829,0.001581,0.000676,0.001024,0.003317
3109,2,2,1,5e-06,2.3e-05,0.9999,6e-06,4e-06,9e-06,1.3e-05,7e-06,4e-06,2.9e-05
3110,2,2,1,0.010838,0.01632,0.920505,0.007455,0.010481,0.002182,0.003807,0.002033,0.001523,0.024855
3111,2,2,1,0.00268,0.005849,0.970695,0.00209,0.00322,0.002187,0.002255,0.002522,0.001976,0.006525
3112,2,2,1,0.012145,0.005647,0.924211,0.005657,0.009801,0.004094,0.007571,0.006824,0.001552,0.022498
3113,2,2,1,0.001251,0.001017,0.99261,0.000643,0.000805,0.000292,0.000171,0.000377,0.000156,0.002679
3114,2,2,1,0.003215,0.004654,0.975931,0.003719,0.000938,0.000913,0.001027,0.00137,0.001644,0.006589
3115,2,3,0,0.002753,0.0036,0.332664,0.637707,0.002878,0.002677,0.00325,0.002437,0.00221,0.009825
3116,2,8,0,-0.007589,-0.007565,0.371961,-0.005797,-0.001614,-0.001754,-0.005307,-0.00241,0.660076,0.0
3117,2,3,0,0.003907,0.004249,0.328336,0.629953,0.003787,0.003736,0.002567,0.00378,0.001784,0.017901
3118,2,3,0,-0.009349,-0.019072,0.483134,0.621759,-0.025875,-0.010987,-0.008169,-0.014877,-0.016564,0.0
3119,2,8,0,0.026182,0.022831,0.283521,0.020463,0.013161,0.01703,0.022322,0.008712,0.496748,0.08903
3120,2,3,0,-0.007221,-0.008016,0.394189,0.647237,-0.009757,-0.002833,-0.005303,-0.002909,-0.005385,0.0
3121,2,3,0,0.052979,0.030136,0.291198,0.427287,0.014535,0.023602,0.027138,0.009379,0.020975,0.102772
3122,2,7,0,0.033911,0.01538,0.347996,0.0183,0.007026,0.010553,0.015164,0.444452,0.015742,0.091477
3123,2,8,0,-0.008044,-0.010461,0.354642,-0.007349,-0.002506,-0.003694,-0.006504,-0.006978,0.690893,0.0
3124,2,3,0,-0.003998,-0.002727,0.464639,0.547937,-0.001148,-0.002044,-0.001009,-0.00081,-0.000839,0.0
3125,2,8,0,-0.021191,-0.014325,0.417061,-0.02433,-0.014917,-0.007601,-0.013425,-0.010624,0.689353,0.0
3126,2,7,0,0.035443,0.019153,0.252891,0.039731,0.057421,0.016629,0.011477,0.35,0.027627,0.189627
3127,2,8,0,0.060864,0.018036,0.263808,0.019476,0.029044,0.030815,0.028299,0.008736,0.399616,0.141306
3128,2,8,0,-0.017039,-0.01185,0.432182,-0.01164,-0.009445,-0.012225,-0.009818,-0.005349,0.645183,0.0
3129,2,7,0,0.007916,0.002068,0.328915,0.005739,0.00334,0.001066,0.003063,0.63073,0.000989,0.016174
3130,2,7,0,0.006069,0.00636,0.389768,0.010711,0.008784,0.010325,0.011466,0.493,0.012039,0.051477
3131,2,7,0,0.000368,0.000277,0.433905,0.000829,0.000254,0.000573,0.000304,0.561274,0.000411,0.001805
3132,2,8,0,0.035678,0.036741,0.330168,0.016861,0.012815,0.019417,0.011725,0.019389,0.428914,0.088292
3133,2,8,0,-0.011055,-0.018754,0.479157,-0.009749,-0.009231,-0.011624,-0.00925,-0.00899,0.599496,0.0
3134,2,3,0,-0.005138,-0.011941,0.417855,0.631406,-0.004873,-0.005136,-0.009491,-0.006748,-0.005934,0.0
3135,2,7,0,-0.019098,-0.026761,0.528075,-0.033183,-0.023461,-0.011984,-0.015149,0.614592,-0.013031,0.0
3136,2,8,0,-0.005232,-0.00513,0.448964,-0.005544,-0.005326,-0.003871,-0.000993,-0.002407,0.579539,0.0
3137,2,7,0,0.04931,0.028319,0.317943,0.029403,0.010305,0.017824,0.014475,0.394114,0.021927,0.116379
3138,2,3,0,-0.022703,-0.012715,0.468459,0.628881,-0.024708,-0.01189,-0.011704,-0.008748,-0.004873,0.0
3139,2,7,0,-0.003363,-0.004096,0.382859,-0.003594,-0.002623,-0.001555,-0.001966,0.63577,-0.001433,0.0
3140,2,7,0,0.020724,0.044021,0.242635,0.014181,0.035405,0.020393,0.026536,0.450268,0.008841,0.136995
3141,2,3,0,-0.010355,-0.010237,0.420515,0.63317,-0.009386,-0.012187,-0.004809,-0.00368,-0.003031,0.0
3142,2,7,0,-0.009209,-0.017947,0.442686,-0.010145,-0.01168,-0.00946,-0.008411,0.632379,-0.008212,0.0
3143,2,7,0,0.021084,0.006806,0.394178,0.015642,0.006446,0.006667,0.011466,0.490428,0.005877,0.041405
3144,2,8,0,-0.051967,-0.042795,0.463106,-0.026023,-0.03251,-0.017841,-0.021539,-0.019062,0.748632,0.0
3145,2,8,0,0.002765,0.007141,0.340903,0.003364,0.006478,0.00235,0.003866,0.001877,0.612736,0.01852
3146,2,7,0,-0.009043,-0.004416,0.394333,-0.009956,-0.009954,-0.006557,-0.007224,0.658141,-0.005324,0.0
3147,3,3,1,0.002607,0.005006,0.004505,0.960574,0.004091,0.003647,0.004144,0.001833,0.001071,0.012522
3148,3,3,1,0.004265,0.006292,0.002723,0.969358,0.004061,0.002044,0.001956,0.001562,0.001225,0.006514
3149,3,3,1,0.008032,0.006983,0.004505,0.943517,0.004283,0.00332,0.004122,0.00275,0.001436,0.021051
3150,3,3,1,0.007325,0.008776,0.005145,0.957432,0.003545,0.003349,0.001336,0.003259,0.002295,0.007538
3151,3,3,1,0.004773,0.004992,0.002136,0.974643,0.002544,0.001272,0.002393,0.001794,0.000907,0.004546
3152,3,3,1,0.006199,0.0019,0.00261,0.959532,0.003147,0.006533,0.002154,0.001952,0.002728,0.013244
3153,3,3,1,1.3e-05,1.8e-05,8e-06,0.9999,4e-06,1.3e-05,1.1e-05,4e-06,6e-06,2.2e-05
3154,3,3,1,0.006916,0.005052,0.001095,0.970487,0.003921,0.001793,0.001948,0.001029,0.00078,0.00698
3155,3,3,1,0.001566,0.002986,0.002255,0.972062,0.002657,0.001409,0.001299,0.002793,0.001426,0.011548
3156,3,3,1,0.005485,0.00634,0.005911,0.960251,0.005123,0.003261,0.003158,0.000665,0.001302,0.008504
3157,3,3,1,0.003456,0.001685,0.001991,0.980773,0.00272,0.001253,0.001806,0.001326,0.000354,0.004636
3158,3,3,1,0.01034,0.00655,0.008256,0.945496,0.004742,0.003635,0.004231,0.000997,0.002033,0.013721
3159,3,3,1,0.003577,0.009664,0.00454,0.945396,0.006426,0.004624,0.003936,0.002737,0.002306,0.016793
3160,3,3,1,0.004364,0.014579,0.003919,0.933865,0.009559,0.006275,0.002338,0.001955,0.0055,0.017645
3161,3,3,1,2.3e-05,1.2e-05,1e-05,0.9999,7e-06,3e-06,1e-05,7e-06,5e-06,2.2e-05
3162,3,3,1,0.015795,0.01547,0.005194,0.907712,0.008391,0.003855,0.008217,0.005536,0.003201,0.02663
3163,3,3,1,2.3e-05,9e-06,4e-06,0.9999,4e-06,6e-06,1e-05,9e-06,6e-06,2.9e-05
3164,3,3,1,0.00368,0.002806,0.000932,0.982353,0.002037,0.001913,0.000575,0.000779,0.000622,0.004302
3165,3,3,1,0.008884,0.006062,0.010327,0.935294,0.009302,0.00602,0.003834,0.001566,0.004471,0.01424
3166,3,3,1,0.004826,0.003979,0.006631,0.944676,0.005016,0.001946,0.003248,0.001521,0.007005,0.021151
3167,3,3,1,0.013156,0.01242,0.013871,0.910274,0.006915,0.002862,0.008047,0.004263,0.005164,0.023029
3168,3,3,1,0.006572,0.003634,0.006005,0.962987,0.004188,0.004007,0.002406,0.00149,0.001032,0.007679
3169,3,3,1,0.002561,0.001453,0.002692,0.981038,0.002718,0.002101,0.001046,0.001143,0.001068,0.004181
3170,3,3,1,0.001741,0.00158,0.001909,0.985235,0.000893,0.002059,0.001351,0.000492,0.00084,0.003899
3171,3,3,1,0.00661,0.002029,0.002628,0.969253,0.004576,0.002081,0.002979,0.001107,0.000722,0.008015
3172,3,3,1,0.010125,0.003642,0.003256,0.958537,0.005662,0.002897,0.003102,0.002429,0.000979,0.009372
3173,3,3,1,1.7e-05,1.2e-05,1.7e-05,0.9999,8e-06,3e-06,3e-06,6e-06,9e-06,2.7e-05
3174,3,3,1,0.013716,0.01647,0.01461,0.887516,0.015084,0.006836,0.008192,0.003629,0.004352,0.029596
3175,3,3,1,0.011896,0.010221,0.004443,0.942628,0.001603,0.007091,0.002338,0.003644,0.003704,0.012431
3176,3,3,1,0.008123,0.002986,0.005706,0.959225,0.004186,0.001268,0.003478,0.001603,0.002288,0.011136
3177,3,3,1,0.008656,0.009041,0.010177,0.928139,0.002455,0.007553,0.004575,0.002421,0.005005,0.021979
3178,3,3,1,0.009141,0.00608,0.002825,0.95808,0.001956,0.0023,0.002896,0.000916,0.002545,0.01326
3179,3,3,1,0.001614,0.000771,0.000886,0.985914,0.002095,0.000829,0.001902,0.000989,0.000279,0.004721
3180,3,3,1,0.000678,0.00026,0.000718,0.995506,0.000223,0.000248,0.000287,0.000333,0.000106,0.001641
3181,3,3,1,0.001771,0.000956,0.001257,0.992238,0.000218,0.000658,0.000695,0.000272,0.000181,0.001754
3182,3,3,1,0.008519,0.011325,0.004084,0.904862,0.012617,0.008201,0.00419,0.009397,0.002362,0.034444
3183,3,3,1,0.002815,0.002767,0.003289,0.975258,0.002889,0.001605,0.002155,0.001534,0.001766,0.005924
3184,3,3,1,0.010018,0.008822,0.005261,0.938788,0.004586,0.007422,0.002883,0.003993,0.00342,0.014806
3185,3,3,1,0.001541,0.001717,0.001559,0.987902,0.001009,0.00069,0.000686,0.001116,0.000824,0.002956
3186,3,3,1,0.001623,0.001827,0.001097,0.990715,0.000361,0.000966,0.000782,0.000207,0.000573,0.001849
3187,3,3,1,0.015034,0.010986,0.007579,0.93696,0.005271,0.003629,0.00421,0.001059,0.002749,0.012523
3188,3,3,1,0.005416,0.002209,0.002547,0.969197,0.004777,0.002351,0.002594,0.001243,0.000599,0.009067
3189,3,3,1,0.003058,0.006358,0.004432,0.966359,0.002864,0.002152,0.00258,0.001249,0.000991,0.009956
3190,3,3,1,0.007174,0.020285,0.005627,0.908383,0.011458,0.008786,0.003767,0.006721,0.001899,0.0259
3191,3,3,1,0.003699,0.010058,0.006866,0.95581,0.002525,0.004153,0.001428,0.001392,0.002878,0.01119
3192,3,3,1,0.007425,0.00153,0.002662,0.964448,0.002039,0.004232,0.003789,0.003194,0.001306,0.009372
3193,3,3,1,2.2e-05,7e-06,1e-05,0.9999,7e-06,9e-06,9e-06,4e-06,7e-06,2.6e-05
3194,3,3,1,0.00447,0.012394,0.00399,0.942148,0.002988,0.003758,0.001562,0.004612,0.004066,0.020013
3195,3,3,1,0.013097,0.008513,0.002973,0.945646,0.00329,0.006425,0.004923,0.001549,0.002044,0.011539
3196,3,3,1,0.004419,0.008781,0.006006,0.952417,0.005346,0.005263,0.002408,0.002046,0.00116,0.012155
3197,3,3,1,0.003092,0.006098,0.00164,0.968398,0.001523,0.001062,0.001511,0.001122,0.002942,0.012612
3198,3,3,1,0.00345,0.002256,0.005171,0.963586,0.002836,0.001291,0.003717,0.004249,0.000809,0.012634
3199,3,3,1,0.004451,0.003664,0.001273,0.97201,0.002343,0.002153,0.002989,0.000907,0.000749,0.00946
3200,3,3,1,0.018009,0.003575,0.00476,0.91952,0.009969,0.003906,0.005174,0.005695,0.00627,0.023122
3201,3,3,1,0.005461,0.007518,0.003758,0.940238,0.008694,0.007766,0.004654,0.003239,0.004637,0.014035
3202,3,3,1,1.9e-05,5e-06,1.1e-05,0.9999,3e-06,1.1e-05,9e-06,9e-06,2e-06,2.9e-05
3203,3,3,1,0.003487,0.006694,0.00761,0.952248,0.003239,0.003052,0.005287,0.001331,0.003315,0.013736
3204,3,3,1,0.008808,0.002985,0.006477,0.961279,0.0021,0.002268,0.000894,0.002257,0.001309,0.011623
3205,3,3,1,0.007128,0.007997,0.003713,0.953667,0.005919,0.003219,0.002191,0.003082,0.001591,0.011492
3206,3,3,1,0.001795,0.003669,0.002693,0.98115,0.000982,0.001252,0.001836,0.001208,0.00131,0.004105
3207,3,3,1,0.009902,0.003646,0.009407,0.934324,0.009422,0.006622,0.005438,0.002402,0.00429,0.014547
3208,3,3,1,0.009132,0.006806,0.004333,0.962604,0.00282,0.0018,0.002555,0.000618,0.001211,0.008121
3209,3,3,1,0.017386,0.005525,0.016748,0.87785,0.00876,0.017165,0.012588,0.010712,0.004306,0.028961
3210,3,3,1,0.006749,0.016348,0.006004,0.91279,0.008266,0.002784,0.00337,0.008137,0.005496,0.030057
3211,3,3,1,0.003957,0.004007,0.010208,0.923572,0.013551,0.004688,0.002389,0.005049,0.003256,0.029323
3212,3,3,1,0.001998,0.006737,0.003157,0.964405,0.003719,0.002961,0.001823,0.002875,0.002326,0.009999
3213,3,3,1,0.003139,0.002869,0.002444,0.980432,0.001097,0.001172,0.001738,0.001551,0.000826,0.004733
3214,3,3,1,0.00038,0.000463,0.000463,0.996699,0.000373,0.00026,0.00016,0.000126,0.000122,0.000954
3215,3,3,1,2.2e-05,7e-06,1.4e-05,0.9999,1.3e-05,1e-05,7e-06,6e-06,5e-06,1.5e-05
3216,3,3,1,0.011589,0.006282,0.006344,0.942112,0.007805,0.004128,0.003214,0.002395,0.002622,0.013511
3217,3,3,1,0.007467,0.002746,0.003137,0.957811,0.00154,0.002774,0.002381,0.002238,0.002445,0.017462
3218,3,3,1,0.010866,0.006276,0.006842,0.948233,0.006633,0.002182,0.002439,0.00245,0.000953,0.013126
3219,3,3,1,0.00063,0.000984,0.001317,0.989077,0.000951,0.00059,0.000893,0.000722,0.00036,0.004476
3220,3,3,1,0.008545,0.003426,0.009039,0.943991,0.003521,0.002074,0.004054,0.004026,0.00408,0.017243
3221,3,3,1,0.003891,0.003115,0.003021,0.979765,0.000659,0.001507,0.000592,0.00083,0.001546,0.005075
3222,3,3,1,5.8e-05,0.000128,5.9e-05,0.999108,0.000129,2.8e-05,5.7e-05,5.1e-05,6.7e-05,0.000315
3223,3,3,1,0.011,0.009181,0.006835,0.912574,0.01198,0.007272,0.00409,0.005609,0.003181,0.02828
3224,3,3,1,0.002094,0.000718,0.000947,0.990445,0.001436,0.000922,0.000308,0.000706,0.000449,0.001975
3225,3,3,1,0.014515,0.007656,0.014934,0.917702,0.009921,0.004262,0.004095,0.003628,0.001206,0.022081
3226,3,3,1,7e-06,2.2e-05,1.3e-05,0.9999,5e-06,8e-06,4e-06,4e-06,6e-06,3.2e-05
3227,3,3,1,0.00898,0.004876,0.00299,0.957233,0.001948,0.001673,0.004938,0.004222,0.001827,0.011313
3228,3,3,1,0.005402,0.001963,0.002274,0.974225,0.003344,0.000781,0.001996,0.002179,0.001381,0.006456
3229,3,3,1,0.002971,0.010763,0.003637,0.945282,0.002087,0.006813,0.004686,0.003119,0.004825,0.015817
3230,3,3,1,0.004096,0.00794,0.009817,0.93592,0.004304,0.008658,0.005991,0.001253,0.002312,0.019707
3231,3,3,1,0.001735,0.000946,0.000885,0.988845,0.001703,0.001426,0.000948,0.000199,0.000624,0.00269
3232,3,3,1,0.003909,0.003834,0.002658,0.976177,0.003023,0.000778,0.002042,0.001279,0.000763,0.005537
3233,3,3,1,0.001,0.001667,0.000905,0.990656,0.000669,0.000396,0.000315,0.000871,0.000667,0.002854
3234,3,3,1,0.00175,0.001746,0.001593,0.985511,0.000787,0.000444,0.000428,0.00103,0.001584,0.005128
3235,3,3,1,0.01795,0.013848,0.009104,0.921201,0.002401,0.008823,0.002426,0.002696,0.003577,0.017973
3236,3,3,1,0.00346,0.00234,0.002771,0.96959,0.001605,0.002668,0.001626,0.001524,0.001189,0.013227
3237,3,3,1,0.009023,0.014998,0.010503,0.914635,0.009847,0.007681,0.00622,0.001605,0.001736,0.023753
3238,3,3,1,0.000451,0.000108,0.000255,0.998116,0.000114,0.000173,0.000109,0.000162,0.000101,0.000411
3239,3,3,1,0.003616,0.007374,0.005833,0.963062,0.004136,0.003803,0.001344,0.001152,0.001837,0.007843
3240,3,3,1,0.005506,0.004134,0.004369,0.971192,0.001466,0.00257,0.002204,0.001776,0.001543,0.005241
3241,3,3,1,0.012509,0.003821,0.003562,0.945227,0.002923,0.005017,0.00389,0.002809,0.002653,0.01759
3242,3,3,1,0.010128,0.011455,0.026537,0.864846,0.011568,0.008689,0.006997,0.008445,0.009866,0.041468
3243,3,3,1,0.002433,0.002179,0.004693,0.964821,0.001966,0.00468,0.004748,0.003144,0.002528,0.008807
3244,3,3,1,1.9e-05,1.3e-05,1.2e-05,0.9999,4e-06,1e-05,2e-06,8e-06,2e-06,3.1e-05
3245,3,3,1,0.014582,0.003269,0.004516,0.941148,0.004753,0.003202,0.005492,0.001528,0.001519,0.01999
3246,3,3,1,0.0044,0.010992,0.006807,0.929106,0.00539,0.0085,0.003842,0.007235,0.002197,0.021531
3247,3,3,1,0.011314,0.009444,0.00565,0.942372,0.004974,0.004732,0.002523,0.003648,0.001507,0.013835
3248,3,3,1,2.4e-05,1.2e-05,1.4e-05,0.9999,1e-05,6e-06,2e-06,5e-06,6e-06,2.1e-05
3249,3,3,1,0.007061,0.003891,0.002455,0.959997,0.006284,0.001653,0.003735,0.002916,0.001933,0.010074
3250,3,3,1,2e-05,1e-05,1.1e-05,0.9999,1e-05,8e-06,7e-06,4e-06,2e-06,2.7e-05
3251,3,3,1,0.003924,0.002549,0.003552,0.975198,0.00134,0.00334,0.002179,0.00142,0.000794,0.005704
3252,3,3,1,0.003283,0.002389,0.000814,0.983715,0.000702,0.00176,0.001583,0.000505,0.001305,0.003943
3253,3,3,1,0.004343,0.005565,0.004027,0.969942,0.003524,0.000683,0.000707,0.001112,0.001555,0.008542
3254,3,3,1,0.000133,7.1e-05,8.8e-05,0.999339,7.5e-05,5.9e-05,5.6e-05,1.7e-05,9e-06,0.000153
3255,3,3,1,0.005085,0.003994,0.002893,0.975796,0.002008,0.00233,0.001208,0.000699,0.000624,0.005363
3256,3,3,1,0.001904,0.002333,0.001528,0.986103,0.001814,0.001496,0.000411,0.000582,0.000237,0.003592
3257,3,3,1,0.000264,0.000167,0.00031,0.998177,0.00023,0.00011,0.000103,8.7e-05,7.1e-05,0.000481
3258,3,3,1,0.007762,0.003117,0.002463,0.954236,0.008092,0.002537,0.003167,0.002235,0.003636,0.012754
3259,3,3,1,0.010917,0.003617,0.004336,0.948331,0.002508,0.002418,0.00243,0.006233,0.002486,0.016722
3260,3,3,1,0.001733,0.003687,0.00168,0.981432,0.002757,0.000881,0.000661,0.001687,0.001318,0.004164
3261,3,3,1,0.003887,0.001937,0.008192,0.958881,0.005469,0.005405,0.002309,0.002854,0.001124,0.009942
3262,3,3,1,0.003508,0.002238,0.004745,0.963241,0.002084,0.001927,0.003183,0.003794,0.001889,0.013391
3263,3,3,1,0.006648,0.015705,0.005964,0.911393,0.012179,0.007936,0.009911,0.001888,0.005951,0.022426
3264,3,3,1,0.000874,0.001375,0.00059,0.993269,0.000919,0.000264,0.000402,0.000222,0.000518,0.001566
3265,3,3,1,0.006984,0.013313,0.008677,0.907983,0.008199,0.011225,0.008905,0.003339,0.002446,0.028929
3266,3,3,1,0.002495,0.004454,0.001714,0.973408,0.003589,0.001313,0.000743,0.002604,0.001873,0.007807
3267,3,3,1,0.020932,0.015038,0.011848,0.902604,0.003007,0.007388,0.006536,0.002563,0.002753,0.027331
3268,3,3,1,0.006503,0.00137,0.002226,0.967257,0.002188,0.004139,0.003044,0.002342,0.001721,0.009209
3269,3,3,1,0.009145,0.003128,0.003274,0.956892,0.003575,0.004874,0.001271,0.002177,0.002308,0.013355
3270,3,3,1,0.010883,0.008808,0.005973,0.895236,0.012241,0.012849,0.009466,0.008933,0.006674,0.028937
3271,3,3,1,0.004356,0.013323,0.006934,0.940109,0.004485,0.001642,0.007155,0.003862,0.00198,0.016155
3272,3,3,1,0.002684,0.004676,0.001334,0.97571,0.001927,0.002503,0.001763,0.000889,0.001483,0.007032
3273,3,3,1,0.005164,0.00628,0.005954,0.936616,0.008859,0.006529,0.004285,0.004724,0.005357,0.016231
3274,3,3,1,0.008474,0.005512,0.010768,0.930839,0.0034,0.010186,0.002856,0.005888,0.001272,0.020804
3275,3,3,1,0.010564,0.008868,0.007281,0.938096,0.008191,0.005006,0.003378,0.001741,0.001557,0.015319
3276,3,3,1,0.003506,0.006538,0.00402,0.957753,0.004688,0.004343,0.00465,0.003039,0.00236,0.009103
3277,3,3,1,0.008573,0.007326,0.002278,0.953952,0.001459,0.003623,0.005136,0.003483,0.002193,0.011976
3278,3,3,1,0.009561,0.009005,0.013549,0.926821,0.006112,0.00504,0.006705,0.005007,0.00301,0.015189
3279,3,3,1,0.012361,0.006623,0.009724,0.920956,0.006125,0.007654,0.008339,0.001416,0.004169,0.022633
3280,3,3,1,0.004795,0.002389,0.001845,0.96669,0.002926,0.004311,0.001677,0.002849,0.001364,0.011153
3281,3,3,1,0.004029,0.005056,0.001472,0.975513,0.002378,0.001999,0.002229,0.000789,0.000589,0.005944
3282,3,3,1,0.012791,0.006853,0.006127,0.935664,0.007038,0.003897,0.001793,0.001593,0.003591,0.020653
3283,3,3,1,0.002821,0.003783,0.009599,0.949851,0.001804,0.002549,0.006254,0.00335,0.001815,0.018174
3284,3,3,1,0.009939,0.003351,0.007248,0.949947,0.005353,0.003437,0.00402,0.003598,0.001101,0.012006
3285,3,3,1,0.011501,0.005051,0.006364,0.941305,0.003706,0.002975,0.007156,0.002967,0.002434,0.016541
3286,3,3,1,0.001616,0.0014,0.004072,0.971492,0.002916,0.00359,0.002915,0.002394,0.000879,0.008725
3287,3,3,1,0.017259,0.004897,0.00623,0.922177,0.011608,0.005276,0.006633,0.005892,0.003517,0.016512
3288,3,3,1,0.003536,0.003135,0.005337,0.970894,0.001167,0.003956,0.002503,0.001964,0.001301,0.006207
3289,3,3,1,0.00044,0.000682,0.00048,0.99195,0.000857,0.001303,0.000876,0.000619,0.000344,0.002449
3290,3,3,1,0.002829,0.004722,0.004015,0.973592,0.002867,0.001601,0.002513,0.001706,0.000622,0.005533
3291,3,3,1,0.006613,0.003507,0.008312,0.955545,0.002518,0.003246,0.003238,0.001045,0.003262,0.012714
3292,3,3,1,0.000244,0.000706,0.000126,0.996799,0.000247,0.000258,0.000379,8.4e-05,0.000102,0.001055
3293,3,3,1,0.011049,0.013424,0.008961,0.930275,0.005027,0.005274,0.006094,0.003143,0.00163,0.015124
3294,3,3,1,0.006291,0.003221,0.011053,0.93881,0.00616,0.00599,0.00429,0.00312,0.0042,0.016865
3295,3,3,1,0.001993,0.002976,0.004175,0.96762,0.003814,0.00327,0.002982,0.001397,0.002478,0.009296
3296,3,3,1,0.005374,0.001907,0.003483,0.977236,0.00146,0.001641,0.001504,0.000631,0.00049,0.006274
3297,3,3,1,0.009702,0.006669,0.0037,0.954674,0.005417,0.002993,0.001056,0.002435,0.000788,0.012566
3298,3,3,1,0.009151,0.005474,0.001898,0.947525,0.003952,0.006735,0.002334,0.002992,0.002757,0.017182
3299,3,3,1,0.002462,0.002931,0.001991,0.982653,0.001807,0.001845,0.000853,0.000476,0.000364,0.004616
3300,3,3,1,0.008358,0.012751,0.012018,0.91432,0.009972,0.010467,0.005146,0.003553,0.003525,0.01989
3301,3,3,1,2.4e-05,5e-06,1.2e-05,0.9999,1.1e-05,3e-06,1e-05,3e-06,5e-06,2.8e-05
3302,3,3,1,0.002765,0.005321,0.00544,0.96372,0.004148,0.000935,0.003764,0.00213,0.001332,0.010446
3303,3,3,1,0.00097,0.004094,0.001194,0.980633,0.001544,0.002555,0.000798,0.001262,0.000495,0.006455
3304,3,3,1,0.003008,0.003442,0.003403,0.965371,0.003546,0.005151,0.001102,0.001871,0.000799,0.012306
3305,3,3,1,0.00904,0.006557,0.002024,0.954694,0.003019,0.004036,0.003418,0.001514,0.002044,0.013653
3306,3,3,1,0.007613,0.003066,0.003813,0.966226,0.003555,0.003113,0.002127,0.002272,0.001358,0.006857
3307,3,3,1,0.010693,0.003822,0.007354,0.931655,0.008461,0.002485,0.001832,0.001762,0.003584,0.028352
3308,3,3,1,0.000152,0.000126,0.000304,0.998323,0.000265,0.000134,0.000134,0.000116,0.000106,0.00034
3309,3,3,1,0.006527,0.006883,0.009201,0.946992,0.002136,0.003801,0.001975,0.003782,0.001711,0.016991
3310,3,3,1,0.000816,0.000831,0.001468,0.992298,0.000268,0.000969,0.000744,0.000552,0.00012,0.001936
3311,3,3,1,4.3e-05,0.000165,4.6e-05,0.999291,0.000102,2.3e-05,7.8e-05,3.8e-05,3.3e-05,0.000181
3312,3,3,1,0.007004,0.006818,0.004635,0.949894,0.002255,0.005529,0.005471,0.004531,0.003203,0.01066
3313,3,3,1,0.005374,0.004059,0.00319,0.974141,0.002382,0.002533,0.002072,0.001052,0.001123,0.004075
3314,3,3,1,0.001514,0.000598,0.000585,0.989773,0.001211,0.000377,0.001061,0.000773,0.000944,0.003163
3315,3,3,1,0.009374,0.003186,0.007078,0.948898,0.005633,0.00248,0.004341,0.004159,0.003494,0.011358
3316,3,3,1,0.004084,0.006647,0.003472,0.966369,0.002896,0.003209,0.001028,0.00167,0.000851,0.009774
3317,3,3,1,0.001612,0.002188,0.003336,0.977925,0.00254,0.001996,0.001951,0.001608,0.001706,0.005139
3318,3,3,1,0.003803,0.002481,0.001859,0.983192,0.001422,0.000948,0.001004,0.001287,0.000488,0.003515
3319,3,3,1,0.011065,0.005568,0.005985,0.906826,0.004219,0.006198,0.008085,0.008005,0.00577,0.03828
3320,3,3,1,0.007909,0.005519,0.001511,0.957889,0.002745,0.005111,0.002538,0.000982,0.002499,0.013297
3321,3,3,1,0.001702,0.004212,0.004684,0.973843,0.001577,0.002949,0.001769,0.000901,0.001129,0.007234
3322,3,3,1,0.01151,0.002218,0.004894,0.948856,0.005468,0.005744,0.00422,0.003687,0.003114,0.010289
3323,3,3,1,0.001045,0.003732,0.00256,0.981641,0.001558,0.001118,0.001139,0.001164,0.001129,0.004914
3324,3,3,1,0.009952,0.013234,0.008841,0.916842,0.004005,0.011619,0.00233,0.002608,0.005311,0.025257
3325,3,3,1,0.004824,0.014938,0.009985,0.909353,0.013512,0.008535,0.008996,0.002563,0.005994,0.0213
3326,3,3,1,0.006371,0.00694,0.005885,0.940748,0.002688,0.006357,0.003693,0.001611,0.003294,0.022412
3327,3,3,1,0.01715,0.006464,0.004191,0.922517,0.012225,0.004875,0.004687,0.003032,0.004784,0.020075
3328,3,3,1,0.004552,0.001164,0.002883,0.980322,0.002075,0.000683,0.001758,0.001585,0.000333,0.004645
3329,3,3,1,0.011454,0.005774,0.008059,0.943218,0.004977,0.003635,0.004659,0.002035,0.0025,0.013689
3330,3,3,1,0.011032,0.00641,0.005559,0.951018,0.005384,0.002731,0.003217,0.001098,0.001679,0.011871
3331,3,3,1,8e-06,1.4e-05,1.2e-05,0.9999,1.2e-05,3e-06,3e-06,6e-06,1e-05,3.2e-05
3332,3,3,1,0.00397,0.001317,0.001214,0.979466,0.001205,0.001162,0.000936,0.002313,0.001078,0.007339
3333,3,3,1,0.002616,0.006702,0.007316,0.953924,0.004549,0.004328,0.003497,0.003853,0.001857,0.011359
3334,3,3,1,6e-06,1.9e-05,4e-06,0.9999,9e-06,1.2e-05,5e-06,4e-06,3e-06,3.8e-05
3335,3,3,1,1.9e-05,1.2e-05,8e-06,0.9999,8e-06,6e-06,1.1e-05,6e-06,3e-06,2.6e-05
3336,3,3,1,0.005837,0.004629,0.000998,0.970083,0.001237,0.001367,0.003576,0.001279,0.001117,0.009877
3337,3,3,1,0.005215,0.0041,0.003528,0.973771,0.001411,0.002271,0.002035,0.000814,0.000385,0.006469
3338,3,3,1,1.5e-05,8e-06,1.5e-05,0.9999,1.3e-05,4e-06,1e-05,5e-06,7e-06,2.4e-05
3339,3,3,1,0.013315,0.010445,0.010393,0.92091,0.004977,0.008043,0.002213,0.002167,0.006502,0.021036
3340,3,3,1,0.004755,0.006495,0.004638,0.967962,0.003718,0.001907,0.001583,0.001615,0.001773,0.005553
3341,3,3,1,0.006203,0.003794,0.001557,0.970572,0.002004,0.003883,0.001423,0.001507,0.001852,0.007204
3342,3,3,1,0.003646,0.004122,0.004714,0.960971,0.003725,0.002429,0.00487,0.001853,0.001032,0.012637
3343,3,3,1,0.006675,0.012452,0.007963,0.927946,0.010794,0.002691,0.006289,0.006258,0.004066,0.014865
3344,3,3,1,0.004923,0.001494,0.002088,0.975334,0.001865,0.000908,0.001917,0.001781,0.001564,0.008126
3345,3,3,1,0.001672,0.000962,0.000978,0.980855,0.001552,0.00164,0.001186,0.002201,0.000782,0.008174
3346,3,3,1,0.005653,0.002378,0.002142,0.977149,0.001597,0.001394,0.00057,0.00069,0.001341,0.007085
3347,3,3,1,0.00658,0.004291,0.006299,0.955847,0.004051,0.001509,0.003921,0.00107,0.002375,0.014058
3348,3,3,1,0.006004,0.004256,0.002273,0.971987,0.001888,0.001195,0.001541,0.002172,0.000671,0.008015
3349,3,3,1,8e-06,1.7e-05,4e-06,0.9999,1.6e-05,1.1e-05,1.1e-05,3e-06,7e-06,2.3e-05
3350,3,3,1,0.002378,0.006247,0.001549,0.968022,0.005111,0.002021,0.002467,0.002727,0.001198,0.008279
3351,3,3,1,1.1e-05,1.7e-05,8e-06,0.9999,1.5e-05,5e-06,7e-06,6e-06,4e-06,2.6e-05
3352,3,3,1,0.002822,0.001929,0.001804,0.976958,0.001736,0.00245,0.001724,0.001845,0.001907,0.006824
3353,3,3,1,0.011798,0.004821,0.013122,0.91777,0.010459,0.008757,0.003677,0.003223,0.004482,0.02189
3354,3,3,1,0.014135,0.009091,0.010568,0.910849,0.007344,0.003061,0.007018,0.00574,0.007004,0.025188
3355,3,3,1,0.005645,0.004342,0.00692,0.961132,0.005473,0.003492,0.00099,0.00148,0.00177,0.008756
3356,3,3,1,0.008903,0.013288,0.003835,0.936975,0.002794,0.007888,0.004386,0.001294,0.004828,0.015808
3357,3,3,1,0.003704,0.002967,0.002897,0.960124,0.006795,0.002688,0.00336,0.00412,0.001839,0.011507
3358,3,3,1,0.003313,0.004694,0.008831,0.954942,0.005575,0.005222,0.001632,0.002041,0.001961,0.011787
3359,3,3,1,0.00287,0.003376,0.002086,0.979782,0.000609,0.000604,0.001393,0.001227,0.00201,0.006042
3360,3,3,1,0.00191,0.008698,0.003394,0.962353,0.004573,0.001572,0.004349,0.0029,0.000759,0.009492
3361,3,3,1,0.017122,0.011042,0.00755,0.929658,0.002611,0.005321,0.006289,0.004525,0.002393,0.013488
3362,3,3,1,0.002241,0.002724,0.0021,0.984664,0.000635,0.000781,0.001426,0.000921,0.000403,0.004104
3363,3,3,1,0.003546,0.007071,0.011792,0.932099,0.008133,0.009327,0.003817,0.002015,0.004487,0.017713
3364,3,3,1,0.003751,0.000659,0.001152,0.984582,0.001187,0.000835,0.000676,0.000719,0.001499,0.004939
3365,3,3,1,0.005269,0.006203,0.00984,0.942171,0.00385,0.007371,0.00411,0.001536,0.003029,0.01662
3366,3,3,1,0.008423,0.003706,0.012055,0.93834,0.003233,0.001911,0.004131,0.002736,0.004112,0.021354
3367,3,3,1,7e-06,1.9e-05,4e-06,0.9999,1.1e-05,1.2e-05,5e-06,5e-06,7e-06,3.1e-05
3368,3,3,1,0.006911,0.005338,0.004802,0.947706,0.00431,0.00764,0.003739,0.003424,0.002008,0.014124
3369,3,3,1,0.009992,0.002691,0.005163,0.957733,0.003661,0.004171,0.003886,0.001165,0.002545,0.008991
3370,3,3,1,0.002819,0.003168,0.002667,0.975966,0.002188,0.002031,0.001621,0.001176,0.000769,0.007596
3371,3,3,1,2.1e-05,1.1e-05,6e-06,0.9999,1.3e-05,3e-06,5e-06,7e-06,6e-06,2.9e-05
3372,3,3,1,0.004786,0.006031,0.00341,0.970291,0.00325,0.00105,0.002319,0.001959,0.00061,0.006295
3373,3,3,1,1.7e-05,4e-06,1.7e-05,0.9999,1.4e-05,4e-06,1e-05,2e-06,2e-06,3.1e-05
3374,3,3,1,0.004205,0.008149,0.002826,0.962318,0.001951,0.001845,0.004571,0.002119,0.000976,0.011041
3375,3,3,1,0.001686,0.006036,0.003116,0.97403,0.00102,0.003144,0.001699,0.001193,0.001696,0.006379
3376,3,3,1,0.017496,0.013768,0.009586,0.918496,0.002183,0.008381,0.007407,0.004122,0.003046,0.015514
3377,3,3,1,0.000215,0.000726,0.000325,0.996835,0.000296,0.000376,0.000155,0.000185,0.000146,0.000741
3378,3,3,1,0.008584,0.012903,0.006613,0.938871,0.004257,0.001698,0.002335,0.002195,0.001944,0.0206
3379,3,3,1,0.00387,0.005725,0.00155,0.965172,0.003595,0.002559,0.00286,0.003611,0.002534,0.008524
3380,3,3,1,0.000658,0.000717,0.000642,0.995422,0.000314,0.000523,0.000239,0.000132,0.000275,0.001076
3381,3,3,1,0.009179,0.002722,0.003672,0.937885,0.005451,0.007625,0.002315,0.00757,0.004367,0.019214
3382,3,3,1,0.004898,0.004419,0.000798,0.975016,0.003617,0.001517,0.001149,0.001302,0.001366,0.005917
3383,3,3,1,2.2e-05,1.5e-05,8e-06,0.9999,3e-06,1.2e-05,6e-06,6e-06,4e-06,2.3e-05
3384,3,3,1,0.001724,0.000765,0.000968,0.993029,0.000823,0.000453,0.000483,0.000421,0.000311,0.001023
3385,3,3,1,0.013089,0.005229,0.003582,0.947344,0.00459,0.002189,0.002162,0.003229,0.004051,0.014537
3386,3,3,1,0.015054,0.007098,0.006693,0.925858,0.010163,0.003611,0.003687,0.003866,0.004753,0.019217
3387,3,3,1,0.011713,0.008201,0.012053,0.907772,0.006208,0.007488,0.003058,0.005252,0.00672,0.031535
3388,3,3,1,0.005792,0.003618,0.003687,0.958229,0.001641,0.004804,0.002237,0.004097,0.001562,0.014333
3389,3,3,1,0.009538,0.009264,0.00231,0.936002,0.008363,0.006416,0.00561,0.003875,0.002104,0.016519
3390,3,3,1,0.003958,0.001662,0.003916,0.966043,0.005201,0.002036,0.003839,0.000754,0.003067,0.009525
3391,3,3,1,1.5e-05,1.1e-05,1.2e-05,0.9999,6e-06,9e-06,1.1e-05,6e-06,3e-06,2.8e-05
3392,3,3,1,0.009818,0.005295,0.008434,0.942307,0.002,0.007515,0.005229,0.001083,0.001727,0.016593
3393,3,3,1,0.004968,0.011968,0.008369,0.945886,0.001944,0.00135,0.005766,0.00185,0.003797,0.014102
3394,3,3,1,0.006258,0.002911,0.009147,0.944547,0.002905,0.004183,0.002888,0.004253,0.004039,0.018869
3395,3,3,1,0.012977,0.007431,0.008093,0.904843,0.008593,0.006168,0.007027,0.00845,0.009089,0.02733
3396,3,3,1,0.00153,0.000557,0.000856,0.988781,0.001833,0.000498,0.000875,0.001087,0.000654,0.00333
3397,3,3,1,0.007039,0.003003,0.006509,0.951426,0.006613,0.004872,0.00414,0.00175,0.003122,0.011526
3398,3,3,1,0.002384,0.003755,0.001277,0.972216,0.004294,0.001158,0.003353,0.001336,0.001313,0.008914
3399,3,3,1,0.008769,0.002764,0.005477,0.964258,0.002719,0.002831,0.001192,0.00107,0.001062,0.009858
3400,3,3,1,0.002461,0.001999,0.002229,0.976038,0.003842,0.001669,0.002248,0.001376,0.001367,0.00677
3401,3,3,1,0.014874,0.002862,0.010494,0.932696,0.004641,0.006937,0.004901,0.001959,0.001163,0.019472
3402,3,3,1,0.005165,0.005345,0.003389,0.960481,0.005156,0.001271,0.001287,0.003926,0.002655,0.011326
3403,3,3,1,0.008793,0.002845,0.002921,0.952739,0.002828,0.00677,0.003,0.001387,0.001754,0.016966
3404,3,3,1,0.00357,0.002641,0.003376,0.974917,0.002389,0.001435,0.002152,0.001808,0.001875,0.005835
3405,3,3,1,0.006421,0.002121,0.002533,0.972307,0.002495,0.000732,0.003125,0.00155,0.002143,0.006574
3406,3,3,1,0.003012,0.010118,0.004966,0.948927,0.005878,0.002,0.001405,0.00321,0.001191,0.019292
3407,3,3,1,0.002244,0.005219,0.002893,0.960747,0.004553,0.00436,0.002763,0.003378,0.00211,0.011733
3408,3,3,1,0.003888,0.007566,0.003258,0.961453,0.002208,0.005103,0.001912,0.001563,0.002423,0.010627
3409,3,3,1,0.008018,0.006279,0.003753,0.964138,0.002598,0.002325,0.002228,0.000936,0.002172,0.007552
3410,3,3,1,0.009136,0.015191,0.008701,0.90769,0.014655,0.004424,0.009634,0.004145,0.005254,0.021169
3411,3,3,1,0.006734,0.009049,0.009213,0.941508,0.008027,0.006336,0.004358,0.002367,0.002256,0.010153
3412,3,3,1,1.7e-05,5e-06,2e-05,0.9999,1.4e-05,3e-06,7e-06,4e-06,2e-06,2.9e-05
3413,3,3,1,0.019036,0.00945,0.00947,0.901189,0.01065,0.003053,0.009366,0.003091,0.007518,0.027177
3414,3,3,1,0.013385,0.010975,0.009375,0.921912,0.005598,0.003635,0.008495,0.005711,0.001736,0.019178
3415,3,3,1,0.009096,0.018172,0.008373,0.908281,0.005773,0.002548,0.004726,0.00594,0.006622,0.030469
3416,3,3,1,0.004066,0.003319,0.002506,0.980733,0.001749,0.000699,0.000573,0.000467,0.001315,0.004574
3417,3,3,1,0.003718,0.00212,0.001053,0.978828,0.003503,0.001242,0.000519,0.000682,0.000547,0.007788
3418,3,3,1,0.001411,0.005736,0.003814,0.975586,0.003184,0.000773,0.002201,0.000804,0.00146,0.005032
3419,3,3,1,0.009358,0.002034,0.003311,0.95465,0.007464,0.005376,0.002125,0.002449,0.002538,0.010696
3420,3,3,1,0.004531,0.006048,0.003756,0.967328,0.004162,0.002373,0.00183,0.001991,0.000831,0.007149
3421,3,3,1,0.000889,0.000659,0.000352,0.995402,0.000419,0.000162,0.000469,0.000259,0.000204,0.001185
3422,3,3,1,0.00424,0.001821,0.005116,0.972293,0.003643,0.002157,0.002399,0.000581,0.00092,0.00683
3423,3,3,1,0.012316,0.005244,0.005361,0.945057,0.004283,0.004315,0.003635,0.003854,0.001869,0.014065
3424,3,3,1,0.002707,0.006392,0.005856,0.955419,0.005794,0.005254,0.003235,0.00336,0.001227,0.010756
3425,3,3,1,0.004905,0.003535,0.004475,0.967376,0.00232,0.003737,0.002764,0.00166,0.000981,0.008246
3426,3,3,1,0.009667,0.006804,0.004207,0.955869,0.001812,0.002187,0.002557,0.001827,0.001469,0.013602
3427,3,3,1,0.011908,0.01253,0.017125,0.897771,0.010261,0.006161,0.009149,0.005976,0.006115,0.023006
3428,3,3,1,0.001593,0.001838,0.002271,0.986327,0.001208,0.001301,0.000998,0.000622,0.000788,0.003053
3429,3,3,1,0.005672,0.009339,0.005132,0.948441,0.004691,0.003972,0.002831,0.004478,0.001915,0.013529
3430,3,3,1,0.002718,0.003681,0.005003,0.970893,0.003494,0.003019,0.001115,0.001705,0.001449,0.006922
3431,3,3,1,0.002687,0.002973,0.004778,0.949691,0.004633,0.004329,0.007624,0.003714,0.002194,0.017378
3432,3,3,1,0.011881,0.009362,0.006699,0.94818,0.001698,0.003,0.001716,0.002842,0.003036,0.011586
3433,3,3,1,0.012505,0.008313,0.003876,0.931215,0.005414,0.003643,0.008069,0.006364,0.004229,0.016371
3434,3,3,1,0.012064,0.002666,0.005132,0.938712,0.008552,0.007635,0.006238,0.002815,0.003009,0.013177
3435,3,3,1,0.003901,0.002347,0.001494,0.969867,0.002387,0.002472,0.001273,0.002854,0.001411,0.011994
3436,3,3,1,0.023299,0.005241,0.008572,0.891037,0.008831,0.010155,0.010999,0.005051,0.006424,0.030391
3437,3,3,1,0.004509,0.007338,0.006246,0.961544,0.004282,0.003886,0.001644,0.001706,0.002158,0.006688
3438,3,3,1,0.008204,0.004616,0.00395,0.966379,0.003743,0.001742,0.001725,0.001563,0.001668,0.00641
3439,3,3,1,0.001421,0.000531,0.00242,0.988277,0.001461,0.000402,0.000826,0.000941,0.000224,0.003496
3440,3,3,1,0.003684,0.003014,0.003317,0.970315,0.002246,0.001424,0.002802,0.002188,0.001834,0.009174
3441,3,3,1,0.00072,0.001111,0.001315,0.992385,0.000919,0.000615,0.000713,0.000498,0.000316,0.001407
3442,3,3,1,0.01737,0.012391,0.010428,0.927964,0.005072,0.004799,0.001206,0.001404,0.002396,0.01697
3443,3,3,1,0.00467,0.002851,0.002529,0.977551,0.00085,0.001431,0.00092,0.00054,0.001136,0.007522
3444,3,3,1,5.9e-05,0.000113,4.8e-05,0.999332,4.2e-05,6.7e-05,3.3e-05,5.1e-05,2.2e-05,0.000233
3445,3,3,1,0.001395,0.004823,0.002082,0.972368,0.003134,0.00226,0.00117,0.002311,0.002514,0.007944
3446,3,3,1,0.01223,0.007077,0.014096,0.921425,0.006954,0.007664,0.004047,0.003726,0.002981,0.019801
3447,3,3,1,0.011007,0.004618,0.008645,0.94484,0.002379,0.001471,0.00261,0.003726,0.001419,0.019286
3448,3,3,1,0.007003,0.005039,0.004377,0.94652,0.007249,0.003953,0.002714,0.001296,0.003116,0.018733
3449,3,3,1,1.6e-05,1.7e-05,1.4e-05,0.9999,1.1e-05,7e-06,5e-06,3e-06,5e-06,2.3e-05
3450,3,3,1,0.011401,0.007947,0.005791,0.93891,0.007943,0.002928,0.004096,0.002355,0.002893,0.015737
3451,3,3,1,0.0127,0.006315,0.012114,0.930505,0.004865,0.005761,0.006839,0.003424,0.003332,0.014145
3452,3,3,1,0.004615,0.004831,0.003402,0.960233,0.002122,0.00429,0.001067,0.001565,0.002248,0.015626
3453,3,3,1,2.1e-05,1.6e-05,1.4e-05,0.9999,1.2e-05,8e-06,3e-06,6e-06,3e-06,1.8e-05
3454,3,3,1,0.019518,0.025946,0.00605,0.873157,0.018627,0.0049,0.004031,0.009855,0.003002,0.034914
3455,3,3,1,1.8e-05,1.5e-05,1.6e-05,0.9999,9e-06,4e-06,6e-06,2e-06,7e-06,2.2e-05
3456,3,3,1,0.005445,0.005098,0.00275,0.963005,0.005836,0.003307,0.000915,0.002086,0.001715,0.009841
3457,3,3,1,0.002175,0.003982,0.002095,0.980254,0.001326,0.001528,0.000521,0.000837,0.000844,0.006437
3458,3,3,1,0.018488,0.007018,0.011066,0.920542,0.007827,0.006323,0.005265,0.004886,0.002311,0.016274
3459,3,3,1,0.013253,0.007492,0.006866,0.936958,0.001787,0.007649,0.003054,0.005046,0.001366,0.01653
3460,3,3,1,0.014338,0.006662,0.005914,0.920493,0.008958,0.004057,0.005258,0.003255,0.004454,0.026611
3461,3,3,1,0.001185,0.000601,0.001893,0.990407,0.000716,0.001178,0.000844,0.000272,0.000181,0.002724
3462,3,3,1,1.5e-05,1.2e-05,1e-05,0.9999,4e-06,7e-06,3e-06,6e-06,7e-06,3.5e-05
3463,3,3,1,7e-06,2.3e-05,8e-06,0.9999,1.5e-05,3e-06,5e-06,5e-06,2e-06,3.2e-05
3464,3,3,1,0.004767,0.001506,0.001595,0.970107,0.00226,0.00173,0.001571,0.001435,0.002443,0.012586
3465,3,3,1,2.2e-05,1.1e-05,9e-06,0.9999,1.1e-05,4e-06,9e-06,6e-06,5e-06,2.2e-05
3466,3,3,1,0.001537,0.002437,0.000646,0.983195,0.000708,0.002828,0.001817,0.001183,0.00037,0.00528
3467,3,3,1,0.007052,0.001513,0.00298,0.967155,0.001606,0.001306,0.001902,0.002338,0.00308,0.011068
3468,3,3,1,0.004656,0.004754,0.002279,0.971963,0.002775,0.001585,0.000918,0.000595,0.000901,0.009574
3469,3,3,1,0.018381,0.011912,0.0183,0.893929,0.012091,0.004226,0.009496,0.004774,0.002387,0.024505
3470,3,3,1,0.011046,0.007567,0.010167,0.937061,0.006624,0.002057,0.001478,0.001569,0.003792,0.018639
3471,3,3,1,8e-06,2.1e-05,6e-06,0.9999,9e-06,1e-05,5e-06,9e-06,3e-06,3e-05
3472,3,3,1,0.008876,0.013332,0.003359,0.936326,0.004065,0.002265,0.002391,0.003127,0.005514,0.020746
3473,3,3,1,0.002913,0.004184,0.003224,0.966094,0.005216,0.001563,0.001517,0.001029,0.001893,0.012366
3474,3,3,1,0.008305,0.004257,0.006974,0.937889,0.004954,0.003008,0.004894,0.002311,0.001667,0.025742
3475,3,3,1,0.00116,0.001869,0.001267,0.988211,0.000461,0.000991,0.000682,0.000276,0.001158,0.003926
3476,3,3,1,0.015473,0.010358,0.006182,0.92915,0.005728,0.004478,0.001447,0.003873,0.00152,0.021791
3477,3,3,1,5.6e-05,6.9e-05,0.00014,0.999135,4.1e-05,7.1e-05,0.000109,6.4e-05,6.7e-05,0.000248
3478,3,3,1,0.00248,0.001546,0.000751,0.988143,0.00134,0.000553,0.000913,0.000531,0.000584,0.00316
3479,3,3,1,0.008863,0.006878,0.007137,0.954968,0.004966,0.002298,0.002153,0.00078,0.001656,0.010301
3480,3,3,1,0.003215,0.006482,0.001984,0.955128,0.003461,0.003841,0.002667,0.004644,0.003842,0.014736
3481,3,3,1,0.004199,0.003683,0.003171,0.976088,0.002118,0.000844,0.000563,0.000595,0.001791,0.006948
3482,3,3,1,0.001997,0.002414,0.002796,0.982001,0.000752,0.00172,0.000733,0.000973,0.000813,0.005799
3483,3,3,1,0.005453,0.012136,0.003369,0.945233,0.003301,0.003452,0.005188,0.002704,0.002118,0.017046
3484,3,3,1,0.005019,0.020155,0.01703,0.900764,0.004215,0.010786,0.004317,0.005286,0.004533,0.027894
3485,3,3,1,0.004794,0.001757,0.004226,0.97306,0.000843,0.003728,0.001205,0.000647,0.002082,0.007658
3486,3,3,1,0.011375,0.008631,0.008405,0.934805,0.007761,0.006458,0.005282,0.003033,0.002324,0.011926
3487,3,3,1,0.000122,0.000102,0.000136,0.999151,7.7e-05,5.2e-05,2.6e-05,4.2e-05,4.1e-05,0.000251
3488,3,3,1,3.5e-05,4e-05,3.9e-05,0.999763,2.5e-05,1e-05,1.8e-05,4e-06,4e-06,6.1e-05
3489,3,3,1,0.003659,0.003308,0.00509,0.969364,0.001241,0.002179,0.00309,0.00106,0.00213,0.008879
3490,3,3,1,0.001048,0.000395,0.000494,0.995793,0.000126,0.000365,0.000379,0.000272,6.6e-05,0.001061
3491,3,3,1,0.002659,0.00377,0.002765,0.977853,0.003052,0.002218,0.001656,0.001481,0.000531,0.004014
3492,3,3,1,0.003317,0.003622,0.00357,0.976869,0.003131,0.002116,0.000379,0.000715,0.00054,0.00574
3493,3,3,1,5e-06,1.5e-05,1.4e-05,0.9999,9e-06,1e-05,9e-06,5e-06,5e-06,2.7e-05
3494,3,3,1,0.005471,0.005308,0.003522,0.972921,0.00232,0.002171,0.001772,0.00041,0.000991,0.005116
3495,3,3,1,0.010373,0.012856,0.008863,0.931985,0.001986,0.005813,0.00669,0.002016,0.004227,0.015192
3496,3,3,1,0.005241,0.00729,0.007892,0.950405,0.001851,0.00392,0.001399,0.001964,0.001547,0.018492
3497,3,3,1,0.00863,0.006832,0.004731,0.954109,0.003057,0.004954,0.003249,0.002715,0.001669,0.010054
3498,3,3,1,0.002894,0.000742,0.001906,0.986018,0.001206,0.001371,0.000887,0.001126,0.00027,0.003581
3499,3,3,1,0.015036,0.01048,0.01213,0.907544,0.0108,0.010199,0.003759,0.001672,0.004205,0.024174
3500,3,3,1,0.005448,0.003432,0.004899,0.967751,0.003457,0.003725,0.00241,0.000709,0.000987,0.007182
3501,3,3,1,0.003182,0.00257,0.00224,0.985073,0.000858,0.000596,0.001291,0.000908,0.000777,0.002505
3502,3,3,1,0.013313,0.011268,0.007446,0.932118,0.004315,0.001884,0.0036,0.003515,0.004495,0.018047
3503,3,3,1,0.019368,0.012912,0.007124,0.914245,0.006701,0.004862,0.002579,0.002453,0.00216,0.027596
3504,3,3,1,0.006067,0.009181,0.004215,0.956622,0.0041,0.002472,0.004283,0.003078,0.00183,0.008151
3505,3,3,1,0.015094,0.008694,0.004384,0.936853,0.005506,0.003671,0.004409,0.003595,0.003565,0.014231
3506,3,3,1,0.001866,0.002031,0.002586,0.967382,0.00495,0.004839,0.002209,0.002341,0.000941,0.010855
3507,3,3,1,0.005288,0.001423,0.001236,0.975054,0.002279,0.002459,0.001077,0.001386,0.001819,0.007979
3508,3,3,1,0.007557,0.004324,0.002367,0.962762,0.002625,0.00262,0.001358,0.003434,0.002522,0.01043
3509,3,3,1,0.004128,0.002338,0.002539,0.971629,0.002252,0.002305,0.001249,0.001046,0.002316,0.010198
3510,3,3,1,0.002821,0.003799,0.001556,0.971991,0.003207,0.002172,0.003193,0.00189,0.001013,0.008358
3511,3,3,1,0.014105,0.014033,0.014099,0.885953,0.005963,0.004972,0.010093,0.003379,0.008483,0.038919
3512,3,3,1,0.015865,0.010684,0.006627,0.93293,0.003572,0.00589,0.005346,0.00238,0.003368,0.013339
3513,3,3,1,0.007514,0.003885,0.007395,0.95818,0.004341,0.002784,0.002329,0.002972,0.000697,0.009902
3514,3,3,1,0.003281,0.004455,0.003967,0.956315,0.003641,0.003399,0.003756,0.004007,0.001095,0.016084
3515,3,3,1,0.003345,0.003065,0.004961,0.971186,0.001363,0.003919,0.000992,0.001941,0.001413,0.007815
3516,3,3,1,0.007078,0.007728,0.003819,0.957944,0.002823,0.002752,0.004043,0.0014,0.001116,0.011298
3517,3,3,1,0.004153,0.008661,0.010588,0.940743,0.007465,0.006964,0.004528,0.00266,0.001636,0.012602
3518,3,3,1,0.007731,0.017161,0.010005,0.919104,0.004808,0.008666,0.002019,0.005899,0.001307,0.0233
3519,3,3,1,0.000806,0.001382,0.001597,0.989816,0.000926,0.000955,0.000541,0.000868,0.000249,0.00286
3520,3,3,1,0.0085,0.006321,0.003591,0.961394,0.004553,0.002706,0.002228,0.002544,0.001456,0.006708
3521,3,3,1,0.003783,0.002999,0.007457,0.959243,0.004655,0.002166,0.002751,0.004078,0.001184,0.011683
3522,3,3,1,0.00926,0.003024,0.004609,0.947634,0.005317,0.006665,0.002582,0.00259,0.001111,0.017208
3523,3,3,1,0.000463,0.001546,0.000629,0.993239,0.0009,0.000727,0.000205,0.0002,0.000452,0.001637
3524,3,3,1,0.007115,0.00382,0.009869,0.9466,0.007898,0.005337,0.002291,0.001709,0.001964,0.013396
3525,3,3,1,0.003284,0.001161,0.002316,0.98288,0.001698,0.00044,0.001786,0.000429,0.000835,0.005171
3526,3,3,1,0.006457,0.010326,0.00796,0.94915,0.00549,0.004849,0.003416,0.001258,0.002075,0.009019
3527,3,3,1,0.011401,0.002845,0.002675,0.941277,0.008707,0.007786,0.003925,0.005283,0.000971,0.01513
3528,3,3,1,0.006137,0.006993,0.00556,0.914378,0.006824,0.012173,0.003216,0.003822,0.00951,0.031388
3529,3,3,1,0.005349,0.010425,0.007169,0.935628,0.005381,0.004564,0.001836,0.005084,0.003371,0.021194
3530,3,3,1,0.009134,0.008651,0.002986,0.953491,0.002274,0.004337,0.00262,0.002013,0.003054,0.011441
3531,3,3,1,0.003977,0.005545,0.009856,0.949078,0.006625,0.001582,0.00539,0.003398,0.003286,0.011263
3532,3,3,1,0.012174,0.010709,0.009317,0.929434,0.006129,0.00526,0.005146,0.001867,0.004204,0.015759
3533,3,3,1,0.008484,0.003518,0.008162,0.949658,0.006716,0.004191,0.001359,0.00191,0.002626,0.013376
3534,3,3,1,0.001441,0.001326,0.000878,0.980149,0.001083,0.003223,0.002883,0.001701,0.000946,0.006369
3535,3,3,1,0.008719,0.003866,0.002976,0.947299,0.008206,0.003832,0.002027,0.005334,0.003828,0.013912
3536,3,3,1,0.005152,0.007213,0.001964,0.963214,0.003904,0.002806,0.001741,0.001561,0.002161,0.010284
3537,3,3,1,0.007041,0.009611,0.003858,0.953256,0.003221,0.002519,0.001328,0.003038,0.002301,0.013827
3538,3,3,1,0.000228,0.000263,0.00041,0.997705,0.000161,0.000211,7.2e-05,0.000127,0.000199,0.000625
3539,3,3,1,0.010395,0.007386,0.009293,0.944933,0.006812,0.00187,0.001543,0.001292,0.002981,0.013495
3540,3,3,1,0.001829,0.003108,0.001891,0.970651,0.001587,0.002732,0.004105,0.002868,0.002553,0.008674
3541,3,3,1,0.004716,0.003795,0.004009,0.951459,0.006954,0.001525,0.002068,0.005764,0.004441,0.015268
3542,3,3,1,0.003235,0.001501,0.000585,0.986438,0.000812,0.001531,0.000307,0.000435,0.000512,0.004643
3543,3,3,1,0.011781,0.008566,0.003416,0.94571,0.003002,0.00371,0.005,0.004002,0.002145,0.012667
3544,3,3,1,1.7e-05,1.6e-05,1.2e-05,0.9999,1e-05,8e-06,6e-06,5e-06,5e-06,2.1e-05
3545,3,3,1,0.007061,0.003163,0.002608,0.969562,0.002534,0.00091,0.002235,0.002687,0.002061,0.007179
3546,3,3,1,0.003247,0.009506,0.00371,0.943957,0.004291,0.006621,0.001551,0.005871,0.004032,0.017213
3547,3,3,1,0.008758,0.003711,0.001693,0.961334,0.004597,0.004238,0.003148,0.002416,0.001502,0.008605
3548,3,3,1,0.002668,0.003935,0.001443,0.981264,0.000925,0.001165,0.001953,0.000913,0.001216,0.004517
3549,3,3,1,0.012927,0.006615,0.002985,0.947822,0.002537,0.006768,0.002785,0.00342,0.002838,0.011302
3550,3,3,1,0.005581,0.003783,0.006392,0.950959,0.002352,0.004957,0.005429,0.003128,0.001535,0.015882
3551,3,3,1,0.009914,0.006061,0.011516,0.92148,0.00425,0.010144,0.005856,0.004164,0.001444,0.02517
3552,3,3,1,0.000189,0.000265,0.000633,0.996736,0.000262,0.000446,0.000301,0.000112,0.000163,0.000893
3553,3,3,1,0.012361,0.009975,0.003221,0.927464,0.003107,0.005935,0.006287,0.002767,0.001911,0.026972
3554,3,3,1,0.006085,0.004986,0.00247,0.968211,0.003887,0.003542,0.002697,0.000411,0.001125,0.006585
3555,3,3,1,0.000963,0.002886,0.003497,0.981192,0.002642,0.00144,0.001341,0.001038,0.001043,0.003959
3556,3,3,1,0.011619,0.010664,0.011452,0.91772,0.006453,0.008576,0.003269,0.007165,0.004902,0.018181
3557,3,3,1,0.00211,0.000848,0.001054,0.990922,0.001087,0.000639,0.000661,0.000283,0.000202,0.002194
3558,3,3,1,0.000925,0.000621,0.001389,0.99212,0.000434,0.000257,0.000491,0.000239,0.000384,0.003141
3559,3,3,1,0.010526,0.004833,0.008995,0.936732,0.0028,0.007206,0.006787,0.001546,0.003484,0.017091
3560,3,3,1,0.01245,0.013507,0.008775,0.932523,0.004446,0.00369,0.00298,0.0037,0.004277,0.013652
3561,3,3,1,0.004639,0.001963,0.00208,0.960365,0.003017,0.00633,0.004994,0.001298,0.001565,0.01375
3562,3,3,1,0.017686,0.013105,0.007175,0.919116,0.010391,0.001884,0.00588,0.005614,0.004121,0.015029
3563,3,3,1,0.001475,0.002824,0.002093,0.98254,0.000863,0.000674,0.000597,0.001863,0.001098,0.005974
3564,3,3,1,0.014947,0.007213,0.011678,0.925272,0.007563,0.00661,0.005886,0.002375,0.001436,0.017019
3565,3,3,1,0.015741,0.003702,0.004444,0.92652,0.009911,0.009508,0.004062,0.005261,0.003119,0.017731
3566,3,3,1,0.003928,0.006855,0.002238,0.964665,0.005536,0.001192,0.00083,0.002317,0.001624,0.010816
3567,3,3,1,0.012354,0.002316,0.004882,0.949536,0.006287,0.00508,0.00325,0.00166,0.003163,0.011472
3568,3,3,1,1.6e-05,1.3e-05,4e-06,0.9999,1.3e-05,6e-06,1.2e-05,7e-06,6e-06,2.4e-05
3569,3,3,1,0.007192,0.001789,0.003276,0.969206,0.002056,0.003153,0.00073,0.00085,0.000695,0.011055
3570,3,3,1,0.0075,0.019887,0.013337,0.88007,0.011019,0.014218,0.004766,0.009934,0.004175,0.035095
3571,3,3,1,0.00839,0.005911,0.008077,0.951025,0.001387,0.004612,0.004995,0.001654,0.002494,0.011453
3572,3,3,1,0.010098,0.004647,0.002816,0.948173,0.002011,0.003943,0.006346,0.004634,0.001887,0.015446
3573,3,3,1,0.007715,0.003288,0.008578,0.940202,0.0029,0.002776,0.00405,0.003561,0.00536,0.02157
3574,3,3,1,0.010573,0.008863,0.008745,0.945541,0.004912,0.001615,0.001904,0.004319,0.001821,0.011706
3575,3,3,1,0.010427,0.006882,0.002255,0.95306,0.001835,0.003207,0.004606,0.003407,0.00301,0.011312
3576,3,3,1,0.019277,0.009918,0.009988,0.919069,0.009654,0.006888,0.003736,0.003118,0.002525,0.015827
3577,3,3,1,0.008658,0.003828,0.008584,0.930297,0.006952,0.002721,0.008102,0.005286,0.001708,0.023863
3578,3,3,1,0.002689,0.002895,0.001105,0.980968,0.001303,0.001604,0.000545,0.001087,0.001306,0.006497
3579,3,3,1,0.004993,0.007692,0.004116,0.956131,0.004113,0.004954,0.003223,0.003075,0.002524,0.009179
3580,3,3,1,0.006049,0.005894,0.003833,0.962454,0.005331,0.002983,0.002769,0.00209,0.000499,0.008098
3581,3,3,1,0.004466,0.004394,0.001987,0.974518,0.00215,0.001421,0.001287,0.000866,0.001459,0.007452
3582,3,3,1,0.004138,0.005803,0.00505,0.964036,0.001187,0.004553,0.003282,0.002034,0.002018,0.0079
3583,3,3,1,0.012859,0.008973,0.010223,0.922867,0.005105,0.002247,0.004984,0.00502,0.006085,0.021638
3584,3,3,1,0.009055,0.005506,0.00542,0.963106,0.001098,0.001914,0.00197,0.002164,0.000852,0.008915
3585,3,3,1,0.007937,0.004106,0.005655,0.957634,0.002951,0.002548,0.001798,0.001979,0.001639,0.013752
3586,3,3,1,0.007975,0.007372,0.004633,0.960476,0.003625,0.002248,0.002593,0.001669,0.001459,0.007949
3587,3,3,1,0.011759,0.006091,0.006819,0.951889,0.004193,0.004418,0.001143,0.003349,0.000736,0.009603
3588,3,3,1,1.4e-05,7e-06,1.5e-05,0.9999,1.5e-05,3e-06,9e-06,4e-06,7e-06,2.6e-05
3589,3,3,1,0.003967,0.004378,0.004579,0.937633,0.006453,0.008066,0.00431,0.004542,0.004917,0.021156
3590,3,3,1,0.005019,0.000875,0.00286,0.978958,0.001378,0.001478,0.001384,0.001242,0.00069,0.006116
3591,3,3,1,0.005777,0.011956,0.002817,0.944813,0.003757,0.006631,0.005874,0.001137,0.001754,0.015484
3592,3,3,1,0.005273,0.003558,0.00466,0.927759,0.00838,0.010362,0.003848,0.002944,0.004738,0.028478
3593,3,3,1,0.00298,0.005051,0.004582,0.949834,0.00778,0.001662,0.002779,0.002827,0.002819,0.019687
3594,3,3,1,0.018046,0.012286,0.00768,0.927345,0.003509,0.006609,0.004559,0.004013,0.002837,0.013118
3595,3,3,1,0.001405,0.004501,0.001621,0.977121,0.003785,0.002436,0.001264,0.001329,0.001295,0.005242
3596,3,3,1,0.00043,0.000825,0.000243,0.995791,0.000389,0.000247,0.000323,0.000125,0.000386,0.001242
3597,3,3,1,0.004937,0.003498,0.006416,0.944109,0.010076,0.003066,0.002776,0.005346,0.004637,0.015139
3598,3,3,1,0.004199,0.011683,0.003714,0.93948,0.005052,0.002372,0.007148,0.001617,0.002452,0.022282
3599,3,3,1,0.008975,0.016593,0.006837,0.908794,0.011511,0.003826,0.009895,0.00709,0.003808,0.022671
3600,3,3,1,2.4e-05,1.4e-05,6e-06,0.9999,4e-06,4e-06,9e-06,3e-06,3e-06,3.3e-05
3601,3,3,1,0.006489,0.002416,0.003792,0.969721,0.001278,0.003541,0.002938,0.001749,0.000449,0.007627
3602,3,3,1,0.00515,0.003767,0.001559,0.973912,0.003229,0.001512,0.000823,0.000654,0.001738,0.007657
3603,3,3,1,0.004014,0.006272,0.003868,0.961014,0.005848,0.003432,0.003721,0.002362,0.001166,0.008303
3604,3,3,1,0.002528,0.006193,0.001777,0.967259,0.004815,0.00125,0.003026,0.002415,0.001871,0.008865
3605,3,3,1,0.003394,0.001592,0.00248,0.982422,0.001341,0.00167,0.001113,0.001319,0.000541,0.004129
3606,3,3,1,0.00679,0.002317,0.004426,0.972771,0.001785,0.000899,0.001963,0.00112,0.001243,0.006687
3607,3,3,1,1e-05,1.5e-05,1.6e-05,0.9999,1.1e-05,1.2e-05,3e-06,3e-06,3e-06,2.7e-05
3608,3,3,1,0.016743,0.009301,0.009776,0.922158,0.010077,0.006305,0.004505,0.004759,0.00138,0.014995
3609,3,3,1,0.008242,0.005324,0.009432,0.946333,0.004575,0.001543,0.003668,0.003824,0.001153,0.015905
3610,3,3,1,0.013865,0.010762,0.004896,0.935288,0.007308,0.00598,0.00509,0.002045,0.001567,0.013199
3611,3,3,1,0.018688,0.01181,0.009922,0.901768,0.006189,0.011974,0.006467,0.003415,0.004985,0.024783
3612,3,3,1,0.001913,0.000427,0.000347,0.99095,0.001041,0.001196,0.000969,0.000404,0.000438,0.002314
3613,3,3,1,0.002504,0.006108,0.003493,0.966699,0.004477,0.003519,0.001972,0.001895,0.001932,0.007401
3614,3,3,1,0.005663,0.004214,0.002651,0.975447,0.001515,0.001751,0.000683,0.00044,0.001675,0.005963
3615,3,3,1,0.004134,0.005799,0.007986,0.924655,0.012172,0.005469,0.003566,0.004962,0.002142,0.029115
3616,3,3,1,0.018838,0.012595,0.009456,0.924141,0.002737,0.005687,0.00267,0.001342,0.003667,0.018866
3617,3,3,1,0.003139,0.00163,0.003579,0.975748,0.003635,0.000869,0.001657,0.000879,0.001659,0.007205
3618,3,3,1,0.004584,0.005804,0.002548,0.963138,0.004452,0.003671,0.002638,0.001307,0.002098,0.00976
3619,3,3,1,0.009221,0.008055,0.010422,0.939219,0.00786,0.003581,0.003563,0.001465,0.003903,0.012711
3620,3,3,1,0.013087,0.017226,0.009348,0.912684,0.009302,0.004496,0.0071,0.004573,0.00443,0.017755
3621,3,3,1,0.002028,0.002576,0.00266,0.983224,0.00187,0.001721,0.000501,0.001057,0.000851,0.003512
3622,3,3,1,0.01881,0.018301,0.013433,0.898987,0.006959,0.003102,0.003868,0.008039,0.006737,0.021765
3623,3,3,1,0.003955,0.001826,0.002922,0.962681,0.006954,0.002791,0.003456,0.00117,0.001816,0.01243
3624,3,3,1,0.010952,0.005284,0.0163,0.894821,0.017848,0.005788,0.011497,0.004399,0.004083,0.029028
3625,3,3,1,0.001587,0.003596,0.001811,0.976008,0.00112,0.001184,0.000781,0.000714,0.001019,0.01218
3626,3,3,1,0.005645,0.001936,0.003135,0.970854,0.003317,0.002809,0.001448,0.001317,0.00199,0.007549
3627,3,3,1,0.012208,0.009679,0.007125,0.948361,0.003133,0.004605,0.001995,0.001886,0.001151,0.009856
3628,3,3,1,0.006532,0.002604,0.005065,0.965591,0.004324,0.003954,0.001686,0.002011,0.000631,0.007602
3629,3,3,1,0.002784,0.004217,0.002258,0.979837,0.002224,0.001438,0.000478,0.001635,0.000379,0.00475
3630,3,3,1,0.001595,0.001849,0.000466,0.98922,0.00061,0.001099,0.000518,0.001158,0.000538,0.002948
3631,3,3,1,0.009122,0.0047,0.004976,0.962192,0.004643,0.00338,0.001304,0.002178,0.000478,0.007027
3632,3,3,1,0.000872,0.000619,0.000913,0.987934,0.001566,0.001311,0.000428,0.000894,0.000306,0.005157
3633,3,3,1,0.012635,0.011631,0.002133,0.940395,0.005796,0.005983,0.003073,0.004038,0.003306,0.011011
3634,3,3,1,0.003996,0.002082,0.005128,0.972492,0.003884,0.002464,0.001527,0.000508,0.001946,0.005972
3635,3,3,1,0.00248,0.005223,0.004149,0.969746,0.004592,0.002366,0.002471,0.001699,0.001128,0.006146
3636,3,3,1,0.00403,0.004724,0.005752,0.919486,0.003664,0.011287,0.00743,0.009785,0.00808,0.025763
3637,3,3,1,0.001113,0.002315,0.002318,0.985011,0.000978,0.000711,0.001278,0.001121,0.000591,0.004563
3638,3,3,1,0.004568,0.00277,0.004599,0.952871,0.006128,0.005986,0.004033,0.003701,0.003671,0.011674
3639,3,3,1,0.002606,0.004042,0.006039,0.964306,0.001286,0.001813,0.00105,0.004473,0.002232,0.012153
3640,3,3,1,0.000506,0.001624,0.001872,0.989996,0.000858,0.000269,0.001174,0.000728,0.000221,0.00275
3641,3,3,1,0.002717,0.001432,0.003426,0.97116,0.003723,0.002362,0.002731,0.001906,0.002175,0.008368
3642,3,3,1,0.007118,0.013254,0.006727,0.939478,0.005515,0.001937,0.00304,0.002507,0.004407,0.016017
3643,3,3,1,1.4e-05,2e-05,9e-06,0.9999,1e-05,9e-06,3e-06,3e-06,4e-06,2.8e-05
3644,3,3,1,0.004488,0.011265,0.003391,0.940138,0.004548,0.008809,0.002605,0.003978,0.00422,0.016559
3645,3,3,1,0.000954,0.000436,0.001668,0.991685,0.000535,0.000615,0.000292,0.000859,0.000302,0.002653
3646,3,3,1,0.006998,0.005375,0.004357,0.968753,0.001035,0.002788,0.002505,0.00158,0.001502,0.005106
3647,3,3,1,0.002299,0.003448,0.00148,0.983556,0.00211,0.001151,0.001343,0.000618,0.000608,0.003388
3648,3,3,1,0.001055,0.000847,0.000421,0.995408,0.000316,0.00034,0.00039,8.2e-05,0.000147,0.000994
3649,3,3,1,0.021387,0.010905,0.012206,0.899219,0.013827,0.004583,0.002588,0.004923,0.002952,0.02741
3650,3,3,1,0.016633,0.005239,0.007357,0.927226,0.002808,0.003341,0.00617,0.007049,0.001738,0.022437
3651,3,3,1,0.011444,0.005618,0.00749,0.942232,0.005125,0.002232,0.005916,0.004915,0.003717,0.011312
3652,3,3,1,0.006181,0.004188,0.005039,0.955235,0.004927,0.003122,0.001356,0.003028,0.002359,0.014564
3653,3,3,1,0.004902,0.005504,0.006835,0.961937,0.004789,0.003696,0.000961,0.000683,0.002611,0.008082
3654,3,3,1,0.004949,0.005274,0.001368,0.97305,0.003695,0.002832,0.001813,0.000516,0.000799,0.005704
3655,3,3,1,0.026234,0.022007,0.016532,0.885043,0.004058,0.004605,0.002299,0.008083,0.004408,0.02673
3656,3,3,1,0.016453,0.004588,0.005639,0.920722,0.010053,0.003673,0.007973,0.003897,0.001387,0.025614
3657,3,3,1,0.006549,0.006802,0.001411,0.958532,0.005995,0.004834,0.00337,0.001158,0.002051,0.0093
3658,3,3,1,6e-06,2.2e-05,8e-06,0.9999,1.4e-05,1.3e-05,8e-06,4e-06,5e-06,2.2e-05
3659,3,3,1,0.001404,0.002652,0.002005,0.981278,0.003004,0.000998,0.001974,0.001139,0.00123,0.004315
3660,3,3,1,0.000867,0.000178,0.000452,0.995933,0.000151,0.000142,0.000341,0.00046,0.000103,0.001372
3661,3,3,1,0.008488,0.00704,0.014551,0.919623,0.002831,0.002856,0.004709,0.006714,0.006502,0.026687
3662,3,3,1,0.020462,0.007381,0.007876,0.91039,0.007412,0.008462,0.006744,0.006865,0.003083,0.021325
3663,3,3,1,0.017893,0.019203,0.011206,0.881307,0.015838,0.012619,0.009578,0.006199,0.005493,0.020665
3664,3,3,1,0.00158,0.001758,0.001851,0.984351,0.001421,0.001399,0.000826,0.001076,0.00086,0.004879
3665,3,3,1,0.005246,0.006513,0.010728,0.917277,0.013642,0.00818,0.003847,0.006746,0.004754,0.023067
3666,3,3,1,0.00535,0.005402,0.007849,0.941502,0.00265,0.003062,0.00311,0.002914,0.006305,0.021855
3667,3,3,1,0.00869,0.004858,0.005785,0.959934,0.004844,0.001184,0.002391,0.000674,0.001655,0.009983
3668,3,3,1,0.007547,0.004265,0.000982,0.969067,0.003513,0.003505,0.001131,0.002059,0.001063,0.006869
3669,3,3,1,0.013754,0.006574,0.004695,0.941404,0.007236,0.002718,0.004649,0.002712,0.003075,0.013184
3670,3,3,1,0.007939,0.008645,0.004121,0.940547,0.002592,0.002522,0.006294,0.005406,0.002722,0.019212
3671,3,3,1,0.004339,0.00292,0.003477,0.975973,0.002439,0.00152,0.001987,0.001737,0.001196,0.004413
3672,3,3,1,0.01014,0.005185,0.003902,0.954381,0.004287,0.001661,0.003067,0.003432,0.001651,0.012294
3673,3,3,1,0.012299,0.009488,0.0053,0.930964,0.009484,0.007639,0.001592,0.002852,0.002191,0.01819
3674,3,3,1,0.010281,0.009392,0.006956,0.934032,0.009804,0.004241,0.002778,0.002368,0.001679,0.018469
3675,3,3,1,0.008908,0.010584,0.00738,0.934611,0.007259,0.004152,0.004648,0.003795,0.002935,0.015728
3676,3,3,1,0.005499,0.006195,0.002495,0.964574,0.001324,0.004183,0.001226,0.001929,0.003043,0.009531
3677,3,3,1,0.005545,0.003206,0.004334,0.938679,0.010773,0.003798,0.002058,0.002143,0.005576,0.023887
3678,3,3,1,1e-05,1.9e-05,1.6e-05,0.9999,4e-06,4e-06,1.1e-05,4e-06,2e-06,3.1e-05
3679,3,3,1,0.004837,0.005296,0.003432,0.959939,0.004097,0.002553,0.001522,0.001977,0.001319,0.015029
3680,3,3,1,0.006476,0.007287,0.006755,0.938495,0.004123,0.005197,0.007624,0.002217,0.001409,0.020417
3681,3,3,1,0.003208,0.003223,0.002609,0.977185,0.00248,0.001595,0.00228,0.001345,0.000702,0.005371
3682,3,3,1,2.3e-05,1e-05,1.5e-05,0.9999,9e-06,4e-06,8e-06,6e-06,4e-06,2e-05
3683,3,3,1,0.010476,0.008763,0.004851,0.945471,0.003046,0.003912,0.003681,0.001548,0.004361,0.013892
3684,3,3,1,0.003501,0.007519,0.005992,0.953022,0.002163,0.005962,0.004303,0.001329,0.003601,0.012609
3685,3,3,1,0.008055,0.002889,0.003324,0.965992,0.003765,0.001336,0.001306,0.002805,0.001967,0.008562
3686,3,3,1,0.008664,0.005778,0.003041,0.944121,0.009339,0.004112,0.003413,0.003508,0.003924,0.014101
3687,3,3,1,0.009938,0.002018,0.006752,0.956274,0.001271,0.004298,0.004592,0.003266,0.002465,0.009126
3688,3,3,1,0.00998,0.00664,0.006971,0.951865,0.004866,0.004384,0.003324,0.001048,0.002632,0.008289
3689,3,3,1,0.006542,0.002801,0.00281,0.953548,0.007037,0.005734,0.003819,0.002912,0.002616,0.012181
3690,3,3,1,0.000107,0.000158,0.000123,0.999158,8.8e-05,4.9e-05,2.7e-05,1.7e-05,3.5e-05,0.000238
3691,3,3,1,0.00929,0.00556,0.011246,0.931187,0.007276,0.008757,0.003217,0.003623,0.002135,0.017709
3692,3,3,1,0.00497,0.007093,0.002137,0.956633,0.003071,0.002531,0.00421,0.002183,0.004102,0.01307
3693,3,3,1,0.011716,0.008949,0.005193,0.930698,0.008016,0.008106,0.001701,0.005812,0.003087,0.016722
3694,3,3,1,0.000777,0.001294,0.000577,0.98702,0.00249,0.001334,0.001286,0.000519,0.000408,0.004296
3695,3,3,1,6e-06,1.6e-05,1.9e-05,0.9999,1e-05,1e-05,2e-06,4e-06,2e-06,3.2e-05
3696,3,3,1,0.001199,0.003596,0.002452,0.97813,0.001013,0.002198,0.001108,0.001192,0.001712,0.0074
3697,3,3,1,0.011609,0.002823,0.007704,0.951171,0.003869,0.004077,0.002773,0.001932,0.001425,0.012618
3698,3,3,1,0.009128,0.008224,0.004603,0.934221,0.005,0.006269,0.002323,0.004342,0.001798,0.024091
3699,3,3,1,0.004806,0.00209,0.000984,0.97927,0.002933,0.000986,0.000834,0.001655,0.001282,0.00516
3700,3,3,1,0.00336,0.001217,0.001477,0.976424,0.001118,0.001013,0.002745,0.001158,0.00116,0.010328
3701,3,3,1,0.005088,0.003184,0.002421,0.976956,0.001696,0.00154,0.002014,0.001121,0.001032,0.004948
3702,3,3,1,0.003036,0.00218,0.001169,0.986705,0.000643,0.001422,0.00079,0.000877,0.000542,0.002636
3703,3,3,1,0.010833,0.003088,0.006933,0.936551,0.003083,0.006721,0.00261,0.004175,0.004418,0.021588
3704,3,3,1,0.009961,0.014353,0.004309,0.911858,0.006402,0.004576,0.010094,0.002611,0.008532,0.027304
3705,3,3,1,0.005391,0.004811,0.011154,0.938314,0.007713,0.007217,0.004936,0.002354,0.001227,0.016883
3706,3,3,1,0.001594,0.001841,0.002806,0.984109,0.00124,0.000908,0.000691,0.000559,0.001286,0.004966
3707,3,3,1,0.008343,0.004154,0.001846,0.960584,0.001993,0.004339,0.004612,0.002706,0.002014,0.009409
3708,3,3,1,0.013259,0.010485,0.004267,0.943332,0.0043,0.002773,0.003073,0.001099,0.003055,0.014358
3709,3,3,1,0.00832,0.0065,0.004986,0.963903,0.001856,0.002114,0.000755,0.002697,0.000777,0.008091
3710,3,3,1,0.00211,0.006337,0.007236,0.960081,0.004438,0.001828,0.004404,0.001607,0.002346,0.009613
3711,3,3,1,0.00823,0.012752,0.009469,0.938959,0.006942,0.002524,0.002618,0.002455,0.002342,0.01371
3712,3,3,1,0.009176,0.003068,0.005625,0.935607,0.009802,0.00652,0.00284,0.005263,0.004729,0.01737
3713,3,3,1,0.005843,0.008841,0.006814,0.951607,0.003567,0.005197,0.00194,0.003472,0.000801,0.011917
3714,3,3,1,0.00441,0.003304,0.004637,0.951077,0.003321,0.008132,0.005055,0.004284,0.002413,0.013366
3715,3,3,1,0.000749,0.001901,0.00194,0.98954,0.000758,0.000945,0.000507,0.000781,0.000352,0.002526
3716,3,3,1,0.008394,0.003211,0.012212,0.936588,0.009278,0.007085,0.002224,0.00197,0.003785,0.015254
3717,3,3,1,0.004265,0.007963,0.005242,0.947145,0.003695,0.003209,0.00222,0.001359,0.002041,0.022862
3718,3,3,1,0.001683,0.00236,0.002476,0.97543,0.004216,0.002446,0.002481,0.000798,0.001445,0.006665
3719,3,3,1,0.004114,0.005011,0.001991,0.957133,0.002033,0.002341,0.003721,0.002195,0.001867,0.019594
3720,3,3,1,0.002276,0.006755,0.002085,0.965249,0.003972,0.001544,0.000964,0.003531,0.001667,0.011957
3721,3,3,1,0.009587,0.004267,0.008293,0.952406,0.00224,0.00187,0.003659,0.00219,0.001044,0.014445
3722,3,3,1,2.4e-05,1.2e-05,1.5e-05,0.9999,8e-06,2e-06,8e-06,6e-06,5e-06,2e-05
3723,3,3,1,0.009117,0.003037,0.001878,0.956997,0.004611,0.003842,0.001898,0.004651,0.00152,0.01245
3724,3,3,1,0.012791,0.003628,0.013934,0.926802,0.006476,0.004078,0.004193,0.006915,0.002658,0.018525
3725,3,3,1,0.004442,0.005735,0.004031,0.960245,0.004774,0.001059,0.004802,0.002636,0.00113,0.011147
3726,3,3,1,0.010218,0.005404,0.00767,0.945197,0.004912,0.003114,0.002023,0.004452,0.002304,0.014706
3727,3,3,1,0.004992,0.0053,0.002522,0.969595,0.002869,0.00324,0.001058,0.002425,0.000628,0.007371
3728,3,3,1,0.013599,0.013858,0.007171,0.907844,0.012402,0.005983,0.006187,0.006378,0.005112,0.021467
3729,3,3,1,0.003227,0.001163,0.003338,0.977701,0.002091,0.001104,0.002098,0.000911,0.001486,0.006881
3730,3,3,1,1.3e-05,6e-06,1e-05,0.9999,1.7e-05,6e-06,9e-06,5e-06,5e-06,2.8e-05
3731,3,3,1,0.024255,0.016648,0.007449,0.901429,0.007554,0.006817,0.007225,0.005703,0.004334,0.018586
3732,3,3,1,1.7e-05,7e-06,1.9e-05,0.9999,1e-05,1.2e-05,8e-06,6e-06,4e-06,1.8e-05
3733,3,3,1,0.012492,0.008497,0.008973,0.940303,0.003629,0.004021,0.002991,0.003655,0.00206,0.013378
3734,3,3,1,0.000202,0.000381,0.000331,0.998065,9.8e-05,0.000167,0.000169,9.3e-05,7.8e-05,0.000415
3735,3,3,1,0.001258,0.002602,0.001153,0.983056,0.001715,0.001707,0.001794,0.001202,0.001146,0.004365
3736,3,3,1,0.002995,0.003017,0.002038,0.982432,0.001637,0.001666,0.000424,0.00107,0.000385,0.004337
3737,3,3,1,2.4e-05,4e-06,9e-06,0.9999,4e-06,1.2e-05,4e-06,2e-06,3e-06,3.7e-05
3738,3,3,1,0.006062,0.01389,0.004437,0.934992,0.008741,0.005656,0.004907,0.00396,0.001878,0.015477
3739,3,3,1,0.002739,0.008193,0.002821,0.946264,0.005878,0.002957,0.002319,0.004871,0.003241,0.020716
3740,3,3,1,0.001575,0.001986,0.000784,0.981814,0.00304,0.001069,0.001777,0.001124,0.00121,0.005621
3741,3,3,1,1.3e-05,1.4e-05,1.4e-05,0.9999,3e-06,3e-06,4e-06,8e-06,1e-05,3.1e-05
3742,3,3,1,0.005086,0.004212,0.007575,0.959389,0.002196,0.004342,0.00409,0.002884,0.001594,0.008632
3743,3,3,1,0.011536,0.00958,0.020632,0.886269,0.016695,0.008083,0.005879,0.002667,0.004134,0.034524
3744,3,3,1,0.005263,0.009552,0.01003,0.927957,0.010836,0.006836,0.004147,0.001946,0.001831,0.021603
3745,3,3,1,0.009386,0.006744,0.004905,0.961448,0.001062,0.002874,0.002463,0.002185,0.001375,0.007558
3746,3,3,1,0.003088,0.001355,0.002188,0.984199,0.001635,0.000646,0.000627,0.000455,0.001064,0.004743
3747,3,3,1,0.003617,0.008151,0.00971,0.931137,0.0091,0.003277,0.006637,0.004519,0.001855,0.021998
3748,3,3,1,0.008161,0.00435,0.003657,0.957557,0.004759,0.001261,0.001677,0.001747,0.001174,0.015657
3749,3,3,1,0.00972,0.006921,0.005521,0.932246,0.007104,0.008893,0.002753,0.006123,0.003083,0.017635
3750,3,3,1,7e-06,1.3e-05,6e-06,0.9999,1.6e-05,1.5e-05,6e-06,8e-06,5e-06,2.5e-05
3751,3,3,1,0.006258,0.006123,0.000994,0.968293,0.002089,0.001894,0.002173,0.002739,0.001895,0.007542
3752,3,3,1,0.003186,0.004781,0.00899,0.940053,0.004719,0.005613,0.006903,0.006144,0.001799,0.017811
3753,3,3,1,0.006856,0.00257,0.003979,0.969035,0.002146,0.001379,0.002409,0.001235,0.000674,0.009717
3754,3,3,1,0.004993,0.004401,0.005322,0.956386,0.004345,0.002032,0.002438,0.004736,0.002138,0.013209
3755,3,3,1,0.004449,0.006217,0.003546,0.953911,0.004476,0.004067,0.004591,0.003033,0.003067,0.012642
3756,3,3,1,1.3e-05,1.6e-05,1.5e-05,0.9999,7e-06,7e-06,5e-06,7e-06,2e-06,2.8e-05
3757,3,3,1,0.006136,0.002886,0.00267,0.958959,0.005231,0.005942,0.00179,0.003195,0.002106,0.011084
3758,3,3,1,0.010109,0.010116,0.002554,0.946204,0.00379,0.001851,0.002069,0.005017,0.001849,0.016439
3759,3,3,1,0.006222,0.003538,0.004583,0.95406,0.001776,0.006774,0.003902,0.002351,0.00144,0.015354
3760,3,3,1,0.000935,0.001993,0.002286,0.985206,0.001002,0.00206,0.001371,0.000997,0.00059,0.003559
3761,3,3,1,0.006112,0.002834,0.002928,0.966718,0.004547,0.002326,0.001993,0.001907,0.001394,0.00924
3762,3,3,1,0.002083,0.00557,0.003659,0.97481,0.002996,0.001519,0.001704,0.000422,0.00128,0.005956
3763,3,3,1,1.6e-05,6e-06,8e-06,0.9999,1.7e-05,8e-06,7e-06,9e-06,2e-06,2.7e-05
3764,3,3,1,0.008329,0.003577,0.003545,0.961114,0.004901,0.002417,0.002221,0.003202,0.001785,0.008909
3765,3,3,1,0.011516,0.008946,0.010049,0.90213,0.003758,0.009336,0.00888,0.009441,0.005031,0.030912
3766,3,3,1,0.010142,0.00761,0.003779,0.955885,0.004736,0.001353,0.001328,0.001382,0.000701,0.013084
3767,3,3,1,0.005511,0.002805,0.001974,0.971117,0.002611,0.003593,0.001711,0.001937,0.001001,0.00774
3768,3,3,1,0.005844,0.00336,0.004104,0.966308,0.003831,0.002589,0.002162,0.001901,0.002047,0.007853
3769,3,3,1,0.002954,0.003193,0.001532,0.975816,0.002339,0.001194,0.002225,0.002578,0.00076,0.007409
3770,3,3,1,0.010815,0.00641,0.002492,0.95264,0.006364,0.001192,0.004281,0.001557,0.002146,0.012103
3771,3,3,1,0.015756,0.006259,0.010961,0.913994,0.008257,0.009096,0.003826,0.003414,0.002191,0.026246
3772,3,3,1,0.007549,0.013752,0.00732,0.92177,0.009198,0.003078,0.003657,0.002205,0.006187,0.025283
3773,3,3,1,0.003847,0.003523,0.001789,0.97113,0.004814,0.002155,0.001487,0.00277,0.000807,0.007677
3774,3,3,1,0.001898,0.004561,0.002534,0.962493,0.006285,0.002939,0.001715,0.001828,0.000974,0.014774
3775,3,3,1,0.001452,0.002872,0.000674,0.985812,0.001192,0.000714,0.001649,0.001392,0.000362,0.003881
3776,3,3,1,0.002148,0.005222,0.002923,0.974512,0.001313,0.001297,0.001547,0.000623,0.001096,0.00932
3777,3,3,1,0.006722,0.01008,0.002787,0.945243,0.008143,0.004877,0.002465,0.00205,0.001906,0.015726
3778,3,3,1,0.004698,0.00289,0.004156,0.967247,0.002282,0.003062,0.002281,0.001442,0.002425,0.009516
3779,3,3,1,0.002011,0.004562,0.004611,0.969627,0.001649,0.003071,0.001592,0.001256,0.000836,0.010785
3780,3,3,1,0.003753,0.011843,0.004783,0.948054,0.006329,0.004501,0.001757,0.001904,0.002177,0.014899
3781,3,3,1,0.002294,0.004148,0.003059,0.973197,0.002395,0.0015,0.002623,0.001236,0.001722,0.007825
3782,3,3,1,0.009924,0.011487,0.007398,0.933472,0.002778,0.003423,0.001589,0.004278,0.005435,0.020215
3783,3,3,1,0.006692,0.014478,0.007982,0.934527,0.007605,0.002701,0.002747,0.005274,0.001538,0.016455
3784,3,3,1,0.005709,0.006111,0.008333,0.951588,0.002382,0.002972,0.002046,0.001361,0.003799,0.015699
3785,3,3,1,0.004119,0.005625,0.012424,0.939739,0.008792,0.002863,0.003851,0.00402,0.003995,0.01457
3786,3,3,1,0.004881,0.002896,0.00978,0.946433,0.002312,0.003495,0.004021,0.003538,0.004467,0.018175
3787,3,3,1,0.004685,0.001689,0.001189,0.972124,0.004302,0.002706,0.001765,0.002308,0.002148,0.007085
3788,3,3,1,0.007019,0.018037,0.003976,0.911608,0.013806,0.007724,0.007188,0.001759,0.003398,0.025486
3789,3,3,1,0.010605,0.014949,0.005476,0.921412,0.003172,0.00738,0.002608,0.007914,0.003011,0.023473
3790,3,3,1,7e-06,5e-06,2e-05,0.9999,1.4e-05,5e-06,1.2e-05,3e-06,8e-06,2.6e-05
3791,3,3,1,1.7e-05,1.1e-05,1.8e-05,0.9999,1.2e-05,1e-05,6e-06,2e-06,2e-06,2.2e-05
3792,3,3,1,0.010207,0.016952,0.011504,0.90076,0.004737,0.003202,0.007497,0.005823,0.00496,0.034358
3793,3,3,1,0.010423,0.008966,0.010107,0.939015,0.004757,0.002734,0.001356,0.001411,0.001348,0.019884
3794,3,3,1,8e-06,1.2e-05,1.4e-05,0.9999,6e-06,9e-06,5e-06,1e-05,8e-06,2.8e-05
3795,3,3,1,0.000694,0.002516,0.001279,0.989075,0.00054,0.001126,0.001043,0.000738,0.000573,0.002416
3796,3,3,1,0.007672,0.00853,0.006959,0.933134,0.010012,0.007734,0.004944,0.00361,0.001464,0.015942
3797,3,3,1,0.0057,0.006339,0.007097,0.940578,0.006645,0.006123,0.004682,0.003583,0.004165,0.015086
3798,3,3,1,0.009301,0.010742,0.003122,0.935323,0.005139,0.003408,0.003446,0.005447,0.001701,0.022372
3799,3,3,1,0.000996,0.001972,0.003643,0.980427,0.002125,0.002656,0.000967,0.001527,0.001128,0.004559
3800,3,3,1,0.002844,0.001965,0.001593,0.986025,0.001839,0.000775,0.000263,0.000815,0.000358,0.003524
3801,3,3,1,0.007374,0.008442,0.011754,0.933835,0.002062,0.005379,0.006824,0.005096,0.001297,0.017937
3802,3,3,1,0.002414,0.003007,0.001695,0.981122,0.002561,0.000986,0.000581,0.000417,0.001494,0.005723
3803,3,3,1,0.005933,0.002491,0.002003,0.973145,0.00247,0.003441,0.001802,0.000844,0.001032,0.00684
3804,3,3,1,0.0041,0.003444,0.006423,0.961058,0.005064,0.00476,0.00176,0.002874,0.002046,0.008471
3805,3,3,1,0.002999,0.003629,0.001941,0.977531,0.002847,0.001567,0.000898,0.001933,0.000668,0.005987
3806,3,3,1,0.002346,0.004007,0.001061,0.980537,0.000786,0.000947,0.001199,0.001947,0.001148,0.006022
3807,3,3,1,0.00969,0.011322,0.011567,0.910347,0.010162,0.003118,0.006497,0.004286,0.002772,0.030238
3808,3,3,1,0.004248,0.003927,0.002271,0.97879,0.001749,0.001822,0.001786,0.000625,0.000394,0.004386
3809,3,3,1,0.002338,0.001157,0.000786,0.988723,0.001572,0.001302,0.000671,0.000209,0.000201,0.003041
3810,3,3,1,0.003544,0.004206,0.001629,0.965871,0.002535,0.001509,0.003397,0.00115,0.001224,0.014934
3811,3,3,1,0.000337,0.000643,0.000377,0.995714,0.000667,0.000213,0.000387,0.000196,0.00028,0.001185
3812,3,3,1,0.004178,0.001808,0.001259,0.981361,0.000937,0.001118,0.000598,0.000666,0.001105,0.00697
3813,3,3,1,8e-06,1e-05,1.2e-05,0.9999,5e-06,8e-06,6e-06,5e-06,6e-06,3.9e-05
3814,3,3,1,0.000496,0.000237,0.000194,0.996801,0.000195,0.000263,0.000217,0.000272,0.000286,0.001038
3815,3,3,1,0.004178,0.00354,0.000888,0.977021,0.001013,0.003218,0.000641,0.000637,0.002011,0.006853
3816,3,3,1,0.009963,0.0216,0.016551,0.889875,0.00597,0.008458,0.005935,0.004426,0.0058,0.031421
3817,3,3,1,1.1e-05,1.2e-05,1.6e-05,0.9999,8e-06,1e-05,8e-06,6e-06,7e-06,2.2e-05
3818,3,3,1,0.001781,0.000555,0.000715,0.988914,0.001862,0.000347,0.000571,0.000699,0.000888,0.003667
3819,3,3,1,0.004353,0.002389,0.003717,0.977634,0.00246,0.001332,0.001791,0.000749,0.001343,0.004233
3820,3,3,1,0.006613,0.009305,0.002732,0.939753,0.004161,0.00908,0.002046,0.003056,0.005166,0.018087
3821,3,3,1,0.002038,0.00223,0.003186,0.979626,0.000933,0.002761,0.000719,0.001487,0.001157,0.005862
3822,3,3,1,0.003303,0.009009,0.008583,0.94482,0.003032,0.003122,0.005079,0.005204,0.001627,0.016221
3823,3,3,1,0.004482,0.004847,0.001662,0.97587,0.002378,0.001216,0.001903,0.000426,0.000394,0.006824
3824,3,3,1,0.00342,0.008488,0.001696,0.955992,0.004196,0.00507,0.002409,0.004679,0.0028,0.01125
3825,3,3,1,0.003945,0.006842,0.003678,0.963932,0.001759,0.004693,0.003498,0.001561,0.001081,0.009009
3826,3,3,1,1e-05,7e-06,1.6e-05,0.9999,1.5e-05,9e-06,4e-06,3e-06,4e-06,3.2e-05
3827,3,3,1,0.006165,0.00447,0.004987,0.955116,0.002451,0.00224,0.001394,0.00222,0.004391,0.016567
3828,3,3,1,0.000507,0.000719,0.000313,0.994444,0.000501,0.000303,0.000331,0.000713,0.000351,0.001818
3829,3,3,1,0.011293,0.006408,0.00722,0.950643,0.004732,0.004744,0.001646,0.002272,0.002654,0.008388
3830,3,3,1,0.013297,0.003977,0.011236,0.924011,0.007919,0.004459,0.007487,0.005008,0.002456,0.020149
3831,3,3,1,0.000867,0.000706,0.000724,0.992095,0.000548,0.000844,0.000236,0.000257,0.000462,0.003261
3832,3,3,1,0.010299,0.007822,0.004287,0.954268,0.003478,0.002443,0.00176,0.003568,0.002505,0.009569
3833,3,3,1,0.003532,0.002872,0.002521,0.976519,0.002729,0.0024,0.000707,0.00163,0.000887,0.006202
3834,3,3,1,1.7e-05,1.7e-05,9e-06,0.9999,4e-06,9e-06,5e-06,2e-06,3e-06,3.3e-05
3835,3,3,1,0.008843,0.002769,0.00986,0.941324,0.004164,0.002159,0.004531,0.005065,0.004592,0.016694
3836,3,3,1,0.01404,0.002914,0.004666,0.936217,0.005596,0.003449,0.00363,0.005877,0.003954,0.019656
3837,3,3,1,0.002967,0.006795,0.001995,0.960704,0.006253,0.002555,0.002149,0.001418,0.001806,0.013359
3838,3,3,1,0.013197,0.01016,0.004085,0.931381,0.003092,0.006182,0.004145,0.005203,0.003393,0.019162
3839,3,3,1,0.018297,0.014482,0.008442,0.921834,0.004972,0.007255,0.003812,0.00317,0.00212,0.015617
3840,3,3,1,0.004677,0.007815,0.005225,0.959338,0.001519,0.002877,0.003004,0.002588,0.001429,0.011529
3841,3,3,1,0.003193,0.005019,0.010952,0.945545,0.003451,0.00319,0.005095,0.002787,0.004704,0.016063
3842,3,3,1,0.004252,0.012431,0.003876,0.942002,0.006267,0.004148,0.002367,0.001882,0.005267,0.017508
3843,3,3,1,2.4e-05,1.2e-05,8e-06,0.9999,1e-05,3e-06,3e-06,1e-05,6e-06,2.5e-05
3844,3,3,1,0.016459,0.013396,0.007314,0.92489,0.007663,0.006827,0.003892,0.003143,0.002547,0.01387
3845,3,3,1,0.00384,0.004211,0.002691,0.976614,0.003137,0.001881,0.000511,0.00096,0.000584,0.00557
3846,3,3,1,0.003621,0.010839,0.005837,0.939845,0.008969,0.007656,0.002,0.002538,0.003041,0.015655
3847,3,3,1,0.000744,0.001059,0.000924,0.988676,0.002048,0.000503,0.000643,0.000904,0.000871,0.003628
3848,3,3,1,0.000487,0.000349,0.000775,0.994637,0.000616,0.000472,0.00036,0.00033,0.000368,0.001606
3849,3,3,1,0.00202,0.005544,0.005552,0.962175,0.002353,0.002854,0.002613,0.001351,0.001376,0.014162
3850,3,3,1,0.009184,0.009723,0.005405,0.936263,0.005557,0.004346,0.005795,0.001975,0.003733,0.01802
3851,3,3,1,0.002864,0.001432,0.004471,0.974397,0.003804,0.002836,0.001957,0.00077,0.001485,0.005983
3852,3,3,1,0.009158,0.00408,0.005021,0.954319,0.005262,0.002458,0.003723,0.002016,0.002787,0.011176
3853,3,3,1,0.004469,0.006423,0.002682,0.961129,0.002993,0.002958,0.001416,0.002743,0.003046,0.012141
3854,3,3,1,0.004338,0.000677,0.002772,0.982304,0.002194,0.001424,0.00122,0.000588,0.000822,0.003662
3855,3,3,1,0.005065,0.002576,0.001938,0.961807,0.003347,0.005905,0.004716,0.003294,0.00218,0.009172
3856,3,3,1,1.5e-05,6e-06,1.2e-05,0.9999,1.2e-05,1.2e-05,4e-06,5e-06,4e-06,3.1e-05
3857,3,3,1,0.000144,0.000245,0.000264,0.998499,9.4e-05,6.4e-05,4.5e-05,6.4e-05,7.7e-05,0.000504
3858,3,3,1,0.001793,0.000787,0.001293,0.983083,0.002436,0.001827,0.001698,0.0013,0.000984,0.004798
3859,3,3,1,0.017869,0.00305,0.004868,0.927826,0.005671,0.004845,0.006733,0.00534,0.001702,0.022096
3860,3,3,1,0.005077,0.001548,0.003574,0.974351,0.003717,0.001361,0.001456,0.000621,0.001462,0.006834
3861,3,3,1,6e-06,2e-05,1.5e-05,0.9999,6e-06,7e-06,7e-06,6e-06,5e-06,2.8e-05
3862,3,3,1,2e-05,9e-06,8e-06,0.9999,1.4e-05,5e-06,7e-06,2e-06,4e-06,3e-05
3863,3,3,1,0.004393,0.00281,0.002074,0.979066,0.001766,0.002274,0.001766,0.001354,0.000291,0.004206
3864,3,3,1,0.001529,0.001264,0.001362,0.988949,0.000684,0.001213,0.000658,0.000523,0.000507,0.003312
3865,3,3,1,0.001496,0.001674,0.002333,0.987462,0.001701,0.001017,0.000911,0.000434,0.000648,0.002325
3866,3,3,1,0.012371,0.008488,0.0093,0.935464,0.007834,0.006408,0.003273,0.002738,0.001451,0.012674
3867,3,3,1,0.015709,0.005333,0.012196,0.923645,0.009179,0.006722,0.003102,0.003522,0.004361,0.016232
3868,3,3,1,0.012697,0.005133,0.007526,0.934676,0.008747,0.003704,0.003247,0.004985,0.004654,0.014631
3869,3,3,1,0.005541,0.003489,0.002454,0.976233,0.000836,0.001414,0.001197,0.001149,0.001066,0.006621
3870,3,3,1,0.001996,0.001849,0.001668,0.987743,0.001368,0.0013,0.000821,0.000655,0.000329,0.00227
3871,3,3,1,5e-06,7e-06,1.8e-05,0.9999,5e-06,1.2e-05,3e-06,6e-06,7e-06,3.7e-05
3872,3,3,1,0.002849,0.007382,0.006259,0.949896,0.008372,0.003475,0.001091,0.001612,0.004394,0.01467
3873,3,3,1,0.004803,0.003769,0.002357,0.979177,0.001584,0.001328,0.001667,0.000434,0.000984,0.003897
3874,3,3,1,0.014981,0.007188,0.004301,0.932055,0.003433,0.002035,0.006459,0.002798,0.00548,0.021269
3875,3,3,1,0.008267,0.01153,0.004387,0.945127,0.004116,0.001334,0.004496,0.003441,0.003276,0.014028
3876,3,3,1,0.007524,0.012201,0.00993,0.934682,0.007821,0.004672,0.003425,0.001121,0.001902,0.016722
3877,3,3,1,0.000851,0.000282,0.000281,0.99602,0.00033,0.000436,9.2e-05,0.000409,0.000323,0.000976
3878,3,3,1,0.007049,0.005795,0.006221,0.955932,0.002456,0.004108,0.003706,0.002261,0.001877,0.010594
3879,3,3,1,0.001359,0.00045,0.000563,0.991333,0.000582,0.000394,0.001295,0.000846,0.000427,0.002751
3880,3,3,1,0.002967,0.003794,0.003285,0.971583,0.001098,0.000977,0.001883,0.00087,0.000715,0.012829
3881,3,3,1,0.003446,0.005127,0.003127,0.94942,0.004397,0.007155,0.005567,0.001145,0.001136,0.01948
3882,3,3,1,0.00031,0.000227,0.000103,0.998725,9.8e-05,0.000128,4.2e-05,5.1e-05,6.4e-05,0.000253
3883,3,3,1,0.006018,0.00631,0.007481,0.937544,0.004214,0.005011,0.005498,0.005978,0.00389,0.018057
3884,3,3,1,7e-06,7e-06,1.3e-05,0.9999,1.7e-05,7e-06,3e-06,4e-06,3e-06,3.8e-05
3885,3,3,1,0.007673,0.002888,0.001591,0.968268,0.003565,0.002842,0.002384,0.002071,0.001061,0.007657
3886,3,3,1,0.006543,0.003956,0.001595,0.971628,0.001964,0.001575,0.002543,0.001688,0.000708,0.0078
3887,3,3,1,0.005747,0.001814,0.002344,0.965273,0.004044,0.003621,0.003391,0.002311,0.002242,0.009211
3888,3,3,1,0.003278,0.004707,0.003488,0.967017,0.002877,0.002677,0.003519,0.000712,0.00207,0.009655
3889,3,3,1,2.2e-05,1.7e-05,9e-06,0.9999,1.2e-05,9e-06,7e-06,5e-06,4e-06,1.5e-05
3890,3,3,1,0.00345,0.005836,0.006858,0.962696,0.003386,0.002786,0.001609,0.002459,0.001971,0.008949
3891,3,3,1,0.002431,0.002965,0.003519,0.9552,0.003508,0.00609,0.004303,0.001998,0.003491,0.016493
3892,3,3,1,0.002748,0.0064,0.005561,0.946845,0.005842,0.007352,0.003646,0.002585,0.002126,0.016894
3893,3,3,1,0.004613,0.00752,0.005461,0.930074,0.01125,0.00292,0.008111,0.004564,0.001562,0.023924
3894,3,3,1,0.015352,0.008166,0.007883,0.929719,0.009623,0.00604,0.004935,0.002957,0.002626,0.012699
3895,3,3,1,0.005574,0.004933,0.001051,0.972495,0.001295,0.003576,0.002749,0.000949,0.001015,0.006364
3896,3,3,1,0.001059,0.000368,0.000717,0.994717,0.000165,0.000397,0.000324,0.000333,0.000281,0.001639
3897,3,3,1,0.005504,0.004839,0.002297,0.967416,0.003379,0.003023,0.001151,0.001422,0.002195,0.008774
3898,3,3,1,0.007725,0.008469,0.005684,0.941021,0.00889,0.005349,0.001576,0.004236,0.001931,0.015119
3899,3,3,1,0.005031,0.006249,0.002969,0.9642,0.004177,0.004248,0.001436,0.00248,0.001977,0.007232
3900,3,3,1,0.014213,0.021304,0.016009,0.876009,0.017365,0.009075,0.002748,0.003138,0.006187,0.033954
3901,3,3,1,0.013668,0.008776,0.002442,0.942967,0.002329,0.005879,0.003477,0.002045,0.001776,0.01664
3902,3,3,1,0.004574,0.002967,0.003308,0.967788,0.005311,0.002886,0.000817,0.001639,0.002389,0.008319
3903,3,3,1,0.012121,0.001906,0.005984,0.951121,0.002611,0.005174,0.005239,0.003516,0.001167,0.011161
3904,3,3,1,0.007075,0.011122,0.009801,0.917252,0.007428,0.004719,0.007461,0.007004,0.006472,0.021667
3905,3,3,1,0.002652,0.003472,0.003319,0.978845,0.002407,0.001541,0.000767,0.001223,0.001312,0.004463
3906,3,3,1,0.000962,0.000694,0.000589,0.993146,0.001042,0.000419,0.000454,0.00042,0.000547,0.001727
3907,3,3,1,5.7e-05,6e-05,9.9e-05,0.99926,0.000113,3.7e-05,3.1e-05,3.6e-05,5.7e-05,0.00025
3908,3,3,1,0.00191,0.001893,0.003783,0.971803,0.003799,0.003439,0.002582,0.002024,0.002033,0.006734
3909,3,3,1,0.006526,0.010776,0.008381,0.948026,0.002634,0.00316,0.004327,0.003889,0.003064,0.009216
3910,3,3,1,0.008318,0.004303,0.007929,0.955498,0.003447,0.004131,0.003282,0.002475,0.001408,0.009209
3911,3,3,1,0.003111,0.010384,0.002763,0.955046,0.00214,0.004571,0.001886,0.003304,0.001782,0.015013
3912,3,3,1,0.002852,0.007433,0.002196,0.966497,0.003197,0.003377,0.003228,0.002276,0.001977,0.006967
3913,3,3,1,0.007571,0.007788,0.011878,0.913064,0.013343,0.003197,0.006489,0.003847,0.004057,0.028765
3914,3,3,1,0.00047,0.000821,0.000684,0.994325,0.000868,0.000277,0.000261,0.000116,0.000497,0.001681
3915,3,3,1,0.003021,0.002114,0.001826,0.974706,0.004271,0.002123,0.001626,0.000909,0.001726,0.007677
3916,3,3,1,0.009182,0.00465,0.004699,0.962792,0.004487,0.001732,0.000873,0.002499,0.00137,0.007717
3917,3,3,1,0.008276,0.006268,0.001944,0.957066,0.002104,0.004816,0.002408,0.002652,0.001223,0.013244
3918,3,3,1,0.011655,0.009946,0.014312,0.896626,0.007395,0.007648,0.009805,0.006595,0.008092,0.027928
3919,3,3,1,0.008864,0.004366,0.007108,0.943773,0.007903,0.004446,0.002011,0.003651,0.003222,0.014656
3920,3,3,1,0.01086,0.003467,0.003117,0.951739,0.003985,0.002651,0.005329,0.002049,0.000981,0.015821
3921,3,3,1,0.001062,0.001257,0.001233,0.992616,0.000308,0.000718,0.000272,0.000232,0.000525,0.001776
3922,3,3,1,0.009376,0.003654,0.006946,0.956407,0.003541,0.003296,0.002959,0.001888,0.00298,0.008953
3923,3,3,1,0.003144,0.005058,0.002172,0.968816,0.005191,0.000889,0.003514,0.000698,0.002526,0.007992
3924,3,3,1,0.003005,0.001601,0.002505,0.985249,0.001866,0.000894,0.000598,0.000487,0.000245,0.00355
3925,3,3,1,0.004431,0.002777,0.001738,0.977846,0.002286,0.00257,0.002007,0.000511,0.001336,0.004499
3926,3,3,1,0.004991,0.003298,0.006992,0.929528,0.007473,0.002733,0.008827,0.007406,0.005736,0.023016
3927,3,3,1,2e-05,1.7e-05,5e-06,0.9999,7e-06,3e-06,6e-06,2e-06,3e-06,3.7e-05
3928,3,3,1,0.003889,0.008503,0.005401,0.956722,0.005908,0.003794,0.003603,0.000936,0.001265,0.009981
3929,3,3,1,6e-06,5e-06,1.1e-05,0.9999,1.1e-05,1e-05,6e-06,7e-06,1e-05,3.2e-05
3930,3,3,1,0.001969,0.00338,0.005586,0.969821,0.004469,0.001548,0.003034,0.002088,0.001333,0.006772
3931,3,3,1,0.00642,0.009408,0.008335,0.946187,0.001565,0.001833,0.001668,0.005777,0.003524,0.015282
3932,3,3,1,0.004805,0.002819,0.005617,0.961552,0.001389,0.002839,0.004951,0.000899,0.002044,0.013084
3933,3,3,1,0.011322,0.007055,0.007447,0.918492,0.013143,0.007718,0.007147,0.004149,0.001556,0.021972
3934,3,3,1,0.010766,0.015362,0.003955,0.911296,0.009531,0.010305,0.006224,0.002708,0.005993,0.02386
3935,3,3,1,0.00429,0.001756,0.004247,0.974123,0.00134,0.003442,0.002486,0.000536,0.001612,0.006169
3936,3,3,1,0.00554,0.003614,0.001229,0.975032,0.003193,0.002558,0.001409,0.00055,0.001465,0.00541
3937,3,3,1,0.001004,0.000887,0.000659,0.992472,0.000294,0.000541,0.000254,0.000767,0.000772,0.002349
3938,3,3,1,0.001221,0.000574,0.000916,0.992821,0.000437,0.000401,0.000882,0.00055,0.000271,0.001928
3939,3,3,1,0.000468,0.000158,0.000173,0.997642,0.000202,0.000109,0.000305,0.000153,0.000119,0.00067
3940,3,3,1,0.00973,0.007701,0.005955,0.958152,0.004024,0.002113,0.001585,0.001089,0.001633,0.008018
3941,3,3,1,0.005194,0.002075,0.004628,0.969152,0.003819,0.002988,0.000654,0.001091,0.000575,0.009825
3942,3,3,1,0.004117,0.008933,0.008409,0.940511,0.008211,0.005014,0.001472,0.002657,0.001118,0.019558
3943,3,3,1,0.006805,0.004212,0.001752,0.972216,0.002766,0.002707,0.001738,0.000912,0.000383,0.006509
3944,3,3,1,0.01282,0.006073,0.003052,0.944805,0.002057,0.001884,0.002949,0.002674,0.003896,0.01979
3945,3,3,1,0.000468,0.000314,0.000262,0.995143,0.000286,0.000839,0.000594,0.000109,0.000179,0.001807
3946,3,3,1,0.007654,0.005055,0.003,0.95883,0.006101,0.002502,0.003116,0.002025,0.001074,0.010644
3947,3,3,1,0.001085,0.000939,0.000999,0.990027,0.000872,0.00031,0.000444,0.000686,0.000909,0.00373
3948,3,3,1,0.007017,0.002727,0.001897,0.966421,0.003546,0.002918,0.001371,0.002163,0.0011,0.01084
3949,3,3,1,0.017469,0.009779,0.015719,0.901793,0.011496,0.008122,0.005953,0.003157,0.002949,0.023563
3950,3,3,1,0.006252,0.004234,0.00965,0.914815,0.013324,0.005986,0.011199,0.004307,0.005683,0.024549
3951,3,3,1,0.008869,0.009126,0.011293,0.934839,0.008504,0.002556,0.004916,0.002695,0.002237,0.014964
3952,3,3,1,0.005828,0.014554,0.008447,0.927054,0.004398,0.003925,0.004549,0.003235,0.004817,0.023193
3953,3,3,1,0.010128,0.005313,0.005915,0.955155,0.002209,0.001954,0.003379,0.003917,0.00118,0.010851
3954,3,3,1,0.016529,0.007306,0.007587,0.927021,0.006543,0.004172,0.002658,0.005951,0.004832,0.017401
3955,3,3,1,0.000765,0.000283,0.000521,0.996614,0.000125,0.000171,0.000322,0.000177,0.000198,0.000824
3956,3,3,1,0.012854,0.004779,0.010773,0.934249,0.005225,0.004582,0.002894,0.004133,0.003552,0.016959
3957,3,3,1,0.00538,0.003627,0.003695,0.967429,0.00339,0.002026,0.003012,0.002807,0.001013,0.007622
3958,3,3,1,0.012475,0.004135,0.013199,0.927438,0.00781,0.007152,0.002784,0.002967,0.002008,0.020033
3959,3,3,1,0.008198,0.004359,0.005094,0.964264,0.003004,0.003536,0.001775,0.001946,0.00085,0.006973
3960,3,3,1,0.001285,0.000451,0.00062,0.994718,0.000309,0.000243,0.000344,0.000391,0.000135,0.001504
3961,3,3,1,0.000812,0.001991,0.001576,0.98854,0.001071,0.001096,0.001034,0.00072,0.000426,0.002734
3962,3,3,1,0.000586,0.000607,0.000294,0.995399,0.000411,0.000302,0.000154,0.000127,0.000334,0.001786
3963,3,3,1,0.006812,0.012899,0.009065,0.941455,0.003986,0.0061,0.001419,0.001444,0.001943,0.014875
3964,3,3,1,0.012446,0.007241,0.002978,0.942479,0.007112,0.006048,0.001806,0.002946,0.002752,0.014191
3965,3,3,1,0.006677,0.004826,0.003203,0.962543,0.004088,0.001897,0.004041,0.002119,0.001855,0.00875
3966,3,3,1,0.008163,0.013008,0.006468,0.924721,0.011904,0.00735,0.006391,0.00195,0.003862,0.016183
3967,3,3,1,0.000986,0.003097,0.001089,0.984192,0.002445,0.000742,0.001161,0.000778,0.00072,0.00479
3968,3,3,1,0.005595,0.013889,0.012031,0.925056,0.004389,0.007496,0.006924,0.002566,0.00245,0.019606
3969,3,3,1,0.001971,0.007316,0.003068,0.961314,0.005447,0.002588,0.00108,0.001682,0.003453,0.012081
3970,3,3,1,0.000609,0.000986,0.000531,0.994581,0.000818,0.000364,0.000352,0.000272,0.000122,0.001363
3971,3,3,1,0.001231,0.000758,0.000981,0.993739,0.000658,0.000293,0.000329,0.000184,0.000189,0.001639
3972,3,3,1,1.7e-05,1.7e-05,5e-06,0.9999,1.4e-05,3e-06,1e-05,8e-06,4e-06,2.3e-05
3973,3,3,1,0.003694,0.005001,0.005784,0.958482,0.006095,0.005202,0.002189,0.003225,0.001567,0.008761
3974,3,3,1,0.002037,0.002061,0.001607,0.989304,0.000493,0.000825,0.000852,0.000655,0.000472,0.001695
3975,3,3,1,0.01019,0.019286,0.011839,0.911021,0.003745,0.007884,0.006054,0.006272,0.004472,0.019235
3976,3,3,1,0.006334,0.009426,0.001987,0.944812,0.006628,0.004471,0.006208,0.003828,0.001654,0.014652
3977,3,3,1,0.009601,0.002445,0.003452,0.960423,0.005024,0.001131,0.00133,0.003818,0.001684,0.011092
3978,3,3,1,0.00818,0.008726,0.012751,0.932076,0.005264,0.008189,0.005615,0.00317,0.003067,0.012962
3979,3,3,1,0.003539,0.00108,0.001936,0.981146,0.002438,0.001136,0.001152,0.001585,0.000653,0.005334
3980,3,3,1,0.00111,0.000971,0.000257,0.993229,0.000482,0.000602,0.000589,0.000407,0.000456,0.001897
3981,3,3,1,0.005707,0.002651,0.007073,0.959912,0.005415,0.002649,0.001307,0.001827,0.001337,0.012121
3982,3,3,1,0.000347,0.000173,0.0001,0.998604,8.7e-05,9.3e-05,0.000136,3.5e-05,5.7e-05,0.00037
3983,3,3,1,0.00458,0.002117,0.002092,0.978721,0.002851,0.000786,0.0016,0.001352,0.000809,0.005092
3984,3,3,1,7e-06,1.8e-05,1.4e-05,0.9999,3e-06,1.2e-05,6e-06,2e-06,4e-06,3.3e-05
3985,3,3,1,0.006433,0.006135,0.003063,0.966199,0.001249,0.001303,0.003258,0.002279,0.002148,0.007933
3986,3,3,1,0.006435,0.009885,0.003286,0.953056,0.00139,0.002513,0.004148,0.002036,0.003027,0.014225
3987,3,3,1,0.012392,0.010603,0.00605,0.931303,0.006465,0.003128,0.002848,0.002268,0.006068,0.018876
3988,3,3,1,0.006005,0.006575,0.003612,0.958088,0.005862,0.001945,0.00436,0.000764,0.001491,0.011298
3989,3,3,1,0.010089,0.007041,0.011208,0.893654,0.016482,0.013625,0.009649,0.008894,0.004756,0.024601
3990,3,3,1,0.005947,0.005512,0.004107,0.952216,0.001805,0.001588,0.005679,0.004238,0.004658,0.014249
3991,3,3,1,0.000733,0.003267,0.000828,0.985813,0.002239,0.000407,0.000871,0.000868,0.001042,0.003932
3992,3,3,1,0.003864,0.009416,0.00511,0.956184,0.00553,0.004844,0.002397,0.001731,0.000925,0.01
3993,3,3,1,0.005885,0.003079,0.002692,0.975143,0.002969,0.001016,0.001255,0.000454,0.001349,0.00616
3994,3,3,1,0.006659,0.00694,0.008178,0.945971,0.005401,0.005398,0.004054,0.002134,0.003407,0.011858
3995,3,3,1,0.001459,0.003321,0.001142,0.983814,0.0012,0.000575,0.002087,0.000902,0.000493,0.005008
3996,3,3,1,0.008457,0.00458,0.001338,0.96218,0.001482,0.005462,0.002221,0.001169,0.001173,0.011936
3997,3,3,1,0.006508,0.011391,0.005796,0.937286,0.007283,0.002075,0.002365,0.005186,0.005156,0.016954
3998,3,3,1,0.007895,0.002209,0.005005,0.962844,0.002256,0.004468,0.002144,0.002613,0.001606,0.008959
3999,3,3,1,0.015374,0.002378,0.00465,0.937515,0.007543,0.002719,0.005788,0.001549,0.003635,0.018848
4000,3,3,1,0.007618,0.008962,0.005578,0.952715,0.002494,0.004608,0.00432,0.002203,0.002333,0.009168
4001,3,3,1,2.2e-05,1.5e-05,1.2e-05,0.9999,4e-06,4e-06,6e-06,3e-06,7e-06,2.8e-05
4002,3,3,1,0.002278,0.008997,0.003652,0.95689,0.004463,0.003998,0.004428,0.001773,0.002446,0.011075
4003,3,3,1,0.010485,0.001857,0.002222,0.957696,0.001476,0.002451,0.004583,0.001058,0.004521,0.01365
4004,3,3,1,0.016369,0.016062,0.006385,0.913379,0.011769,0.00692,0.003443,0.004578,0.004095,0.017
4005,3,3,1,0.010177,0.009735,0.006086,0.943918,0.001733,0.002463,0.001841,0.002337,0.001383,0.020327
4006,3,3,1,0.007341,0.003209,0.004318,0.93368,0.009121,0.003478,0.009372,0.003188,0.003577,0.022717
4007,3,3,1,0.003282,0.002719,0.00178,0.976488,0.002378,0.001066,0.002299,0.001952,0.001312,0.006725
4008,3,3,1,0.001652,0.002624,0.003374,0.97979,0.00219,0.002227,0.001683,0.000663,0.001335,0.004462
4009,3,3,1,0.012228,0.008576,0.009204,0.937252,0.004183,0.006351,0.00177,0.002022,0.001212,0.017202
4010,3,3,1,0.001552,0.002675,0.001003,0.987474,0.001409,0.001321,0.000922,0.000467,0.000471,0.002707
4011,3,3,1,0.018058,0.009641,0.003715,0.918702,0.002721,0.011602,0.006213,0.006453,0.002533,0.020362
4012,3,3,1,0.001014,0.000436,0.000252,0.994951,0.000348,0.000174,0.000359,0.000555,0.000365,0.001545
4013,3,3,1,0.009311,0.005491,0.008861,0.942773,0.002552,0.002339,0.00273,0.003745,0.001766,0.020432
4014,3,3,1,0.011441,0.008169,0.003409,0.953571,0.001611,0.001902,0.001388,0.001731,0.003746,0.013032
4015,3,3,1,1.2e-05,1.9e-05,1.4e-05,0.9999,8e-06,5e-06,5e-06,5e-06,2e-06,2.9e-05
4016,3,3,1,0.00921,0.005229,0.010024,0.944288,0.0048,0.003274,0.004095,0.004486,0.003183,0.011411
4017,3,3,1,0.001506,0.00096,0.000885,0.991863,0.00078,0.000944,0.00023,0.000239,0.000354,0.002239
4018,3,3,1,0.005514,0.006985,0.011491,0.9382,0.005027,0.002571,0.004281,0.004866,0.001638,0.019427
4019,3,3,1,0.002698,0.001711,0.003358,0.979693,0.001806,0.001032,0.000979,0.001365,0.00127,0.006088
4020,3,3,1,0.009411,0.00822,0.015262,0.920836,0.010041,0.007762,0.005859,0.001278,0.004928,0.016403
4021,3,3,1,0.014739,0.012128,0.009728,0.92869,0.007943,0.001434,0.00563,0.002945,0.003111,0.013653
4022,3,3,1,0.002665,0.004857,0.000903,0.975606,0.00319,0.002327,0.001717,0.000904,0.000741,0.00709
4023,3,3,1,0.004593,0.003037,0.002054,0.962647,0.006255,0.003823,0.00333,0.002485,0.000661,0.011116
4024,3,3,1,0.004906,0.001493,0.002877,0.975123,0.003395,0.002437,0.002377,0.001636,0.001021,0.004735
4025,3,3,1,2.3e-05,1e-05,1e-05,0.9999,1.1e-05,7e-06,7e-06,2e-06,2e-06,2.8e-05
4026,3,3,1,0.006524,0.002458,0.003218,0.970937,0.002561,0.001421,0.00185,0.001782,0.001192,0.008056
4027,3,3,1,0.00947,0.006417,0.004117,0.954575,0.004889,0.004254,0.003265,0.002328,0.000937,0.009748
4028,3,3,1,8e-06,1.1e-05,1.4e-05,0.9999,1.6e-05,4e-06,5e-06,5e-06,8e-06,3e-05
4029,3,3,1,0.009941,0.011921,0.006568,0.931619,0.004013,0.005002,0.003645,0.002264,0.001785,0.023241
4030,3,3,1,0.003292,0.001675,0.005389,0.972306,0.001845,0.001732,0.003427,0.000986,0.001175,0.008172
4031,3,3,1,0.011641,0.010466,0.006772,0.925495,0.00927,0.005375,0.006705,0.005453,0.001605,0.017217
4032,3,3,1,0.00614,0.002486,0.00241,0.970645,0.003437,0.002804,0.002024,0.00163,0.001042,0.007383
4033,3,3,1,0.013465,0.012821,0.008801,0.910589,0.007875,0.010502,0.00594,0.007215,0.00492,0.017872
4034,3,3,1,0.005635,0.003206,0.006913,0.952275,0.002559,0.007196,0.00252,0.002589,0.003771,0.013335
4035,3,3,1,0.010994,0.008798,0.005404,0.9429,0.007659,0.003208,0.005205,0.002834,0.002016,0.010983
4036,3,3,1,0.006127,0.003704,0.002799,0.969722,0.003415,0.002836,0.000749,0.001011,0.001589,0.008049
4037,3,3,1,0.013028,0.006702,0.00981,0.924987,0.01117,0.005734,0.005453,0.001455,0.004169,0.017493
4038,3,3,1,0.005416,0.009009,0.010182,0.943545,0.001921,0.0052,0.003514,0.003158,0.002964,0.015091
4039,3,3,1,0.000954,0.002099,0.001397,0.987699,0.001621,0.000784,0.001177,0.000463,0.000921,0.002886
4040,3,3,1,1.9e-05,1.3e-05,1.3e-05,0.9999,9e-06,8e-06,8e-06,6e-06,1e-06,2.2e-05
4041,3,3,1,0.009814,0.009219,0.002311,0.938673,0.00224,0.007491,0.002589,0.005903,0.003994,0.017765
4042,3,3,1,0.007379,0.006562,0.005827,0.935243,0.00531,0.003994,0.005943,0.005977,0.001391,0.022373
4043,3,3,1,0.010838,0.006431,0.007028,0.942912,0.006784,0.006454,0.001032,0.00282,0.00079,0.01491
4044,3,3,1,0.007155,0.005814,0.00293,0.953226,0.002511,0.002408,0.005751,0.004646,0.00169,0.013869
4045,3,3,1,2.5e-05,1.4e-05,1.5e-05,0.9999,6e-06,8e-06,2e-06,3e-06,4e-06,2.3e-05
4046,3,3,1,1.2e-05,1.2e-05,1.3e-05,0.9999,5e-06,7e-06,4e-06,4e-06,1e-05,3.3e-05
4047,3,3,1,0.00897,0.021343,0.007867,0.901579,0.014392,0.006541,0.007276,0.005957,0.003899,0.022176
4048,3,3,1,0.005172,0.001502,0.003832,0.975065,0.002941,0.001797,0.001419,0.000493,0.001425,0.006355
4049,3,3,1,5e-06,1.8e-05,1.3e-05,0.9999,1.1e-05,5e-06,7e-06,6e-06,6e-06,2.9e-05
4050,3,3,1,0.007217,0.009708,0.004051,0.95252,0.00631,0.005013,0.00257,0.001845,0.001107,0.009659
4051,3,3,1,0.00741,0.011395,0.009515,0.942496,0.004986,0.003618,0.003781,0.002434,0.002998,0.011366
4052,3,3,1,1.4e-05,1.7e-05,6e-06,0.9999,1.3e-05,6e-06,6e-06,7e-06,3e-06,2.8e-05
4053,3,3,1,0.017326,0.003158,0.003988,0.930114,0.009148,0.004619,0.007842,0.005557,0.002269,0.015979
4054,3,3,1,0.003515,0.003707,0.003475,0.977528,0.001742,0.001144,0.000463,0.002055,0.001286,0.005085
4055,3,3,1,0.003501,0.002565,0.00098,0.982425,0.001976,0.001544,0.000768,0.000888,0.000681,0.004673
4056,3,3,1,0.001971,0.002056,0.000571,0.989386,0.000757,0.000537,0.000895,0.000795,0.000276,0.002756
4057,3,3,1,0.006563,0.010294,0.002376,0.949895,0.005082,0.002198,0.005719,0.002472,0.001985,0.013417
4058,3,3,1,0.010358,0.002075,0.003855,0.953656,0.005287,0.005384,0.002494,0.004196,0.001188,0.011508
4059,3,3,1,0.001048,0.003357,0.001375,0.980343,0.001097,0.003005,0.002038,0.00047,0.00135,0.005917
4060,3,3,1,0.007275,0.009086,0.007648,0.952165,0.00505,0.004119,0.000895,0.001515,0.00284,0.009406
4061,3,3,1,0.002394,0.00282,0.0051,0.966578,0.004692,0.004206,0.001266,0.00306,0.001936,0.007947
4062,3,3,1,0.007193,0.005747,0.003429,0.959176,0.002006,0.005262,0.003908,0.002697,0.00179,0.008793
4063,3,3,1,0.022489,0.017926,0.013114,0.864645,0.011763,0.004361,0.008023,0.008846,0.008153,0.04068
4064,3,3,1,0.008816,0.005067,0.005098,0.964327,0.002117,0.00296,0.002742,0.001021,0.001498,0.006353
4065,3,3,1,0.006387,0.014442,0.007707,0.92626,0.002709,0.003207,0.003908,0.00726,0.006048,0.022073
4066,3,3,1,0.005511,0.00274,0.005974,0.96371,0.00296,0.001554,0.001754,0.003184,0.002761,0.009853
4067,3,3,1,0.002653,0.002688,0.002834,0.975304,0.003117,0.002659,0.002667,0.001254,0.000577,0.006248
4068,3,3,1,0.011765,0.005879,0.005688,0.939506,0.00249,0.004755,0.007406,0.002767,0.003191,0.016554
4069,3,3,1,0.004927,0.005234,0.00624,0.939402,0.010014,0.006432,0.003181,0.003638,0.001155,0.019778
4070,3,3,1,0.000405,0.001378,0.001249,0.992079,0.000779,0.00092,0.000273,0.000687,0.000467,0.001762
4071,3,3,1,0.005141,0.002931,0.00757,0.957641,0.004153,0.003375,0.002397,0.003841,0.001556,0.011395
4072,3,3,1,0.000444,0.000856,0.000361,0.99597,0.000433,0.000426,0.000226,0.00017,0.000206,0.000908
4073,3,3,1,0.007342,0.008029,0.003923,0.935704,0.00693,0.002686,0.001839,0.008152,0.006343,0.019054
4074,3,3,1,6e-06,1.5e-05,1.9e-05,0.9999,9e-06,7e-06,5e-06,9e-06,4e-06,2.7e-05
4075,3,3,1,0.003039,0.009668,0.006731,0.94485,0.006432,0.003338,0.001352,0.001237,0.005392,0.017961
4076,3,3,1,0.011067,0.012071,0.012517,0.917467,0.004781,0.006311,0.002357,0.00309,0.004741,0.025597
4077,3,3,1,0.011371,0.007065,0.005035,0.944367,0.002855,0.003717,0.004524,0.002691,0.002133,0.016242
4078,3,3,1,0.004235,0.002162,0.002672,0.980157,0.001419,0.000896,0.002035,0.001063,0.001191,0.00417
4079,3,3,1,0.003946,0.009954,0.006535,0.95143,0.006583,0.001812,0.001439,0.0043,0.001666,0.012335
4080,3,3,1,0.002334,0.005274,0.002686,0.974454,0.001642,0.001533,0.001384,0.000887,0.001668,0.008138
4081,3,3,1,0.000445,0.001892,0.000319,0.991389,0.000861,0.00102,0.000225,0.00056,0.000762,0.002526
4082,3,3,1,0.003686,0.006398,0.00778,0.94347,0.00542,0.008155,0.00331,0.001159,0.003228,0.017393
4083,3,3,1,0.009318,0.004273,0.002437,0.95301,0.004995,0.003579,0.002454,0.004892,0.00145,0.013593
4084,3,3,1,0.008114,0.007877,0.005125,0.941309,0.005264,0.003551,0.005738,0.004296,0.002234,0.016494
4085,3,3,1,0.005794,0.003212,0.001687,0.967972,0.00155,0.003489,0.002559,0.003322,0.00107,0.009344
4086,3,3,1,0.003744,0.005959,0.001926,0.970766,0.002868,0.001271,0.001963,0.001674,0.001442,0.008388
4087,3,3,1,0.007715,0.012729,0.003871,0.920788,0.005185,0.005211,0.006275,0.004734,0.007719,0.025771
4088,3,3,1,1.7e-05,1.9e-05,1.3e-05,0.9999,1.1e-05,6e-06,4e-06,5e-06,5e-06,2e-05
4089,3,3,1,0.003051,0.001021,0.001925,0.986109,0.00168,0.000361,0.001204,0.001086,0.000409,0.003153
4090,3,3,1,0.003051,0.001702,0.001343,0.984584,0.001492,0.000837,0.000801,0.001012,0.000851,0.004328
4091,3,3,1,0.004017,0.008013,0.002818,0.961903,0.001747,0.003904,0.003941,0.000965,0.000977,0.011716
4092,3,3,1,0.013012,0.002711,0.010245,0.942596,0.004127,0.002659,0.003066,0.004496,0.003851,0.013238
4093,3,3,1,0.00673,0.011395,0.004091,0.94559,0.007449,0.004134,0.003264,0.002846,0.003618,0.010883
4094,3,3,1,0.005595,0.004008,0.004601,0.970672,0.002345,0.002071,0.002171,0.000982,0.001089,0.006466
4095,3,3,1,0.004326,0.003154,0.003395,0.97601,0.002719,0.002566,0.00112,0.001596,0.000509,0.004604
4096,3,3,1,0.006453,0.011099,0.007834,0.93128,0.00431,0.005365,0.004274,0.001629,0.004161,0.023597
4097,3,3,1,0.009459,0.007226,0.008703,0.942278,0.00763,0.006058,0.003882,0.002965,0.002209,0.00959
4098,3,3,1,0.012068,0.007507,0.00364,0.93382,0.005583,0.008935,0.006513,0.004296,0.004306,0.013331
4099,3,3,1,2e-05,1.5e-05,3e-06,0.9999,9e-06,5e-06,4e-06,1.1e-05,4e-06,2.9e-05
4100,3,3,1,0.002182,0.002052,0.000748,0.981685,0.002323,0.002027,0.001775,0.000974,0.000463,0.005772
4101,3,3,1,0.001564,0.001079,0.0014,0.988964,0.001525,0.00132,0.000992,0.000437,0.000287,0.002432
4102,3,3,1,0.012517,0.008777,0.009527,0.935256,0.005448,0.005243,0.005725,0.003226,0.001583,0.012698
4103,3,3,1,0.010275,0.011292,0.009622,0.931025,0.007109,0.006482,0.002974,0.004209,0.002003,0.015009
4104,3,3,1,0.007965,0.009781,0.008098,0.948385,0.00146,0.00342,0.003962,0.000928,0.001063,0.014938
4105,3,3,1,0.004562,0.002795,0.007619,0.948141,0.005152,0.001998,0.002251,0.001961,0.003257,0.022264
4106,3,3,1,0.002137,0.008572,0.004065,0.96158,0.005648,0.004272,0.001302,0.002035,0.002211,0.008177
4107,3,3,1,0.001478,0.000417,0.001313,0.992761,0.000786,0.000273,0.000199,0.000401,0.000346,0.002026
4108,3,3,1,1.9e-05,1.3e-05,1.5e-05,0.9999,8e-06,7e-06,2e-06,6e-06,6e-06,2.4e-05
4109,3,3,1,0.005866,0.008138,0.003376,0.960992,0.005119,0.002529,0.001045,0.001793,0.001001,0.010142
4110,3,3,1,0.008153,0.012616,0.005892,0.938584,0.004319,0.007207,0.003782,0.002718,0.001651,0.015077
4111,3,3,1,0.005428,0.003723,0.001532,0.976684,0.00268,0.001132,0.001756,0.001256,0.001323,0.004487
4112,3,3,1,0.010108,0.003855,0.004032,0.916298,0.007598,0.012494,0.009112,0.006578,0.00591,0.024015
4113,3,3,1,0.005566,0.001616,0.004377,0.965133,0.002658,0.002376,0.002549,0.00145,0.002097,0.012177
4114,3,3,1,0.006848,0.003235,0.005792,0.952616,0.002539,0.006902,0.001176,0.002241,0.002312,0.016339
4115,3,3,1,0.002629,0.001974,0.001909,0.987353,0.000679,0.00054,0.000645,0.000225,0.000745,0.003301
4116,3,3,1,0.00589,0.008886,0.008141,0.919223,0.007318,0.006942,0.004194,0.004213,0.006719,0.028474
4117,3,3,1,0.002792,0.003152,0.000842,0.979779,0.000783,0.002731,0.001162,0.000965,0.001869,0.005924
4118,3,3,1,0.009711,0.002496,0.009714,0.944587,0.005497,0.005217,0.005361,0.00221,0.002606,0.0126
4119,3,3,1,0.005066,0.00397,0.004999,0.954589,0.003754,0.005226,0.005132,0.00371,0.003241,0.010314
4120,3,3,1,0.003838,0.001601,0.001473,0.978803,0.001551,0.000993,0.000974,0.00132,0.001929,0.007517
4121,3,3,1,0.01173,0.002678,0.002069,0.949711,0.006624,0.002641,0.001545,0.004661,0.002006,0.016335
4122,3,3,1,0.005423,0.008242,0.007909,0.948069,0.005347,0.004803,0.002633,0.00175,0.002714,0.013111
4123,3,3,1,0.011215,0.00857,0.003586,0.945046,0.002916,0.006634,0.00423,0.000955,0.003206,0.013641
4124,3,3,1,0.001427,0.000787,0.000823,0.993617,0.000499,0.000237,0.000296,0.000255,0.000386,0.001673
4125,3,3,1,0.009332,0.012883,0.003146,0.92552,0.008149,0.009794,0.002873,0.004233,0.00127,0.0228
4126,3,3,1,0.024263,0.020096,0.015064,0.893353,0.010966,0.002557,0.007706,0.002495,0.004121,0.01938
4127,3,3,1,0.008954,0.012507,0.011306,0.917713,0.007919,0.005116,0.002562,0.003409,0.003119,0.027396
4128,3,3,1,0.015195,0.010346,0.007858,0.8774,0.01069,0.010547,0.005128,0.008199,0.008202,0.046435
4129,3,5,0,-0.074198,-0.070413,-0.040875,0.606338,-0.048465,0.716058,-0.035056,-0.02518,-0.028209,0.0
4130,3,8,0,0.018274,0.015098,0.010691,0.376013,0.009612,0.005976,0.005362,0.009693,0.499786,0.049495
4131,3,2,0,-0.01099,-0.015777,0.692435,0.372266,-0.005306,-0.012323,-0.009104,-0.003878,-0.007324,0.0
4132,3,5,0,-0.006096,-0.010197,-0.005448,0.353271,-0.00529,0.686288,-0.003787,-0.003776,-0.004965,0.0
4133,3,2,0,-0.006586,-0.003243,0.656417,0.36587,-0.003581,-0.00352,-0.001958,-0.001047,-0.002352,0.0
4134,3,8,0,-0.065305,-0.041821,-0.023894,0.575856,-0.03112,-0.037655,-0.012534,-0.023296,0.659771,0.0
4135,3,2,0,0.02144,0.022593,0.447666,0.368514,0.026509,0.018169,0.009213,0.006532,0.009626,0.069739
4136,3,8,0,0.000661,0.001043,0.001412,0.428895,0.00121,0.000271,0.000385,0.000726,0.561412,0.003985
4137,3,5,0,0.019309,0.025163,0.023629,0.269274,0.026115,0.467074,0.012116,0.030158,0.020089,0.107072
4138,3,2,0,0.005067,0.002849,0.624162,0.34276,0.004438,0.002826,0.001839,0.003043,0.002351,0.010666
4139,3,8,0,-0.040742,-0.018733,-0.017557,0.512041,-0.027695,-0.015272,-0.006307,-0.018592,0.632859,0.0
4140,3,8,0,0.015157,0.011619,0.019518,0.266414,0.012937,0.008076,0.020799,0.017557,0.527241,0.100683
4141,3,5,0,-0.000451,-0.001073,-0.000388,0.417478,-0.000596,0.586511,-0.000512,-0.000332,-0.000637,0.0
4142,3,5,0,0.034362,0.037533,0.042291,0.282889,0.031133,0.418731,0.027396,0.017228,0.019158,0.089278
4143,3,2,0,-0.015118,-0.017802,0.62892,0.44966,-0.015693,-0.011093,-0.005054,-0.008791,-0.00503,0.0
4144,3,8,0,-0.007035,-0.005129,-0.007167,0.423664,-0.005056,-0.00389,-0.002215,-0.002241,0.609069,0.0
4145,3,2,0,0.016589,0.01395,0.52176,0.386841,0.006059,0.006064,0.005527,0.005007,0.004783,0.03342
4146,3,2,0,-0.000299,-0.000268,0.646216,0.355016,-0.000243,-0.000134,-0.000134,-8.4e-05,-7.1e-05,0.0
4147,3,2,0,-0.006304,-0.003305,0.598516,0.432027,-0.002535,-0.003552,-0.006418,-0.005036,-0.003392,0.0
4148,3,8,0,-0.00912,-0.014625,-0.010728,0.451821,-0.008338,-0.009069,-0.017377,-0.013405,0.630841,0.0
4149,3,2,0,-0.028067,-0.030648,0.629855,0.500761,-0.0268,-0.006801,-0.010827,-0.015667,-0.011805,0.0
4150,3,5,0,0.036909,0.06645,0.057527,0.225327,0.036131,0.35,0.014267,0.032235,0.030114,0.15104
4151,3,5,0,-0.003402,-0.006373,-0.003514,0.41017,-0.002861,0.613939,-0.001545,-0.001865,-0.00455,0.0
4152,3,8,0,-0.024701,-0.0227,-0.009933,0.522807,-0.024252,-0.010493,-0.013683,-0.010629,0.593585,0.0
4153,3,8,0,0.012793,0.011016,0.002965,0.426854,0.007213,0.003079,0.001832,0.003439,0.503645,0.027165
4154,3,5,0,0.008831,0.009026,0.007485,0.35826,0.008866,0.569362,0.00201,0.002545,0.004782,0.028833
4155,3,8,0,0.019931,0.009708,0.007226,0.305977,0.011323,0.005846,0.004998,0.007731,0.594282,0.032978
4156,3,5,0,0.028874,0.044865,0.028984,0.25663,0.012152,0.477738,0.014116,0.015902,0.010131,0.110608
4157,4,4,1,0.011494,0.002128,0.006156,0.003761,0.95349,0.005391,0.003532,0.002328,0.001043,0.010677
4158,4,4,1,8e-06,2.1e-05,8e-06,1.3e-05,0.9999,9e-06,3e-06,8e-06,4e-06,2.5e-05
4159,4,4,1,0.006355,0.007324,0.005295,0.002529,0.963993,0.002215,0.001417,0.001964,0.001557,0.007351
4160,4,4,1,0.009032,0.0027,0.003381,0.003544,0.947853,0.00246,0.003601,0.002327,0.004248,0.020856
4161,4,4,1,0.020759,0.006402,0.011431,0.010653,0.903551,0.004009,0.008819,0.003478,0.002238,0.02866
4162,4,4,1,0.00889,0.014984,0.014297,0.00556,0.910888,0.009265,0.004463,0.003069,0.001917,0.026667
4163,4,4,1,0.011385,0.012645,0.005902,0.004395,0.92767,0.006051,0.001965,0.006381,0.005104,0.018502
4164,4,4,1,0.008708,0.010189,0.008434,0.013969,0.916207,0.009228,0.003275,0.006552,0.002857,0.020582
4165,4,4,1,0.011011,0.006272,0.002387,0.009149,0.938035,0.003886,0.002891,0.003918,0.001296,0.021155
4166,4,4,1,0.00216,0.000729,0.002031,0.002001,0.984891,0.000599,0.001578,0.000415,0.001264,0.004333
4167,4,4,1,0.013577,0.010458,0.010183,0.005899,0.934953,0.001258,0.002097,0.002099,0.004114,0.015363
4168,4,4,1,0.008332,0.002888,0.003042,0.005384,0.93787,0.002388,0.009115,0.005745,0.006253,0.018983
4169,4,4,1,0.004161,0.001574,0.000621,0.002715,0.982197,0.000727,0.000679,0.00179,0.000337,0.005199
4170,4,4,1,0.006502,0.004682,0.008043,0.004119,0.949021,0.006559,0.002028,0.002397,0.001808,0.014842
4171,4,4,1,0.010369,0.008316,0.00231,0.001234,0.95508,0.003292,0.003651,0.001169,0.003044,0.011535
4172,4,4,1,0.009763,0.002347,0.007547,0.005076,0.950616,0.004372,0.002482,0.002862,0.002533,0.012402
4173,4,4,1,0.001493,0.000321,0.001288,0.000995,0.992221,0.000488,0.000441,0.000583,0.000385,0.001784
4174,4,4,1,0.002175,0.003507,0.001157,0.003362,0.977148,0.001236,0.000986,0.00075,0.001746,0.007932
4175,4,4,1,0.000777,0.002518,0.002254,0.002058,0.986034,0.001314,0.000632,0.001098,0.000202,0.003113
4176,4,4,1,0.004478,0.008492,0.0058,0.005642,0.917589,0.01315,0.006192,0.004156,0.006309,0.028192
4177,4,4,1,0.002429,0.001507,0.000718,0.001172,0.985365,0.000707,0.001561,0.001457,0.000889,0.004195
4178,4,4,1,0.01549,0.012346,0.006481,0.006144,0.917966,0.003093,0.005979,0.00776,0.003823,0.020917
4179,4,4,1,0.014975,0.013911,0.00769,0.008876,0.921443,0.002419,0.00654,0.003882,0.002023,0.01824
4180,4,4,1,0.012062,0.003051,0.002466,0.003009,0.94595,0.003434,0.002446,0.00525,0.003353,0.01898
4181,4,4,1,0.009451,0.006488,0.005363,0.002301,0.962013,0.000933,0.002482,0.000996,0.000647,0.009326
4182,4,4,1,0.00989,0.003461,0.004977,0.005918,0.956424,0.003605,0.002051,0.001562,0.002797,0.009315
4183,4,4,1,0.011768,0.00558,0.010393,0.015042,0.896312,0.003105,0.005828,0.011878,0.007213,0.03288
4184,4,4,1,0.00268,0.004124,0.001951,0.001498,0.979488,0.000936,0.002101,0.000525,0.001235,0.005462
4185,4,4,1,0.015022,0.014391,0.01718,0.011051,0.892996,0.007625,0.009,0.002212,0.002517,0.028006
4186,4,4,1,1.4e-05,1.1e-05,1.8e-05,8e-06,0.9999,3e-06,3e-06,3e-06,8e-06,3.3e-05
4187,4,4,1,0.012544,0.011268,0.005205,0.008996,0.930307,0.006533,0.004893,0.003887,0.003677,0.012691
4188,4,4,1,0.024623,0.005665,0.010933,0.007477,0.88826,0.006572,0.010599,0.005073,0.007432,0.033366
4189,4,4,1,0.016026,0.003118,0.003397,0.009536,0.935208,0.004731,0.006311,0.00394,0.00423,0.013503
4190,4,4,1,1.6e-05,6e-06,1.9e-05,4e-06,0.9999,8e-06,1.2e-05,4e-06,6e-06,2.6e-05
4191,4,4,1,2.1e-05,1.1e-05,1e-05,8e-06,0.9999,5e-06,1e-05,9e-06,6e-06,2.2e-05
4192,4,4,1,0.000324,0.000151,0.000327,0.000144,0.998126,0.000105,5.2e-05,0.000155,6.6e-05,0.00055
4193,4,4,1,0.001328,0.001032,0.002524,0.000573,0.986902,0.001044,0.001473,0.000851,0.000482,0.003791
4194,4,4,1,0.015618,0.007702,0.004422,0.013456,0.912804,0.006677,0.009826,0.005328,0.00571,0.018457
4195,4,4,1,0.003183,0.001585,0.001766,0.002567,0.982155,0.000861,0.00056,0.001367,0.001425,0.00453
4196,4,4,1,0.005678,0.013261,0.010463,0.014475,0.903929,0.010433,0.005871,0.004492,0.00227,0.029129
4197,4,4,1,0.011695,0.00683,0.009162,0.002932,0.944349,0.004734,0.002325,0.003985,0.001478,0.01251
4198,4,4,1,0.006789,0.003765,0.006628,0.0035,0.954641,0.004464,0.003651,0.002845,0.001368,0.01235
4199,4,4,1,0.003007,0.001731,0.000699,0.001281,0.985099,0.001672,0.000529,0.001437,0.000988,0.003557
4200,4,4,1,1.9e-05,1.7e-05,7e-06,6e-06,0.9999,3e-06,8e-06,6e-06,2e-06,3.2e-05
4201,4,4,1,0.002948,0.001817,0.001744,0.001334,0.985227,0.001312,0.000583,0.00027,0.000829,0.003936
4202,4,4,1,0.007205,0.005402,0.002945,0.003638,0.963024,0.002608,0.002491,0.001909,0.001683,0.009096
4203,4,4,1,0.004818,0.0024,0.003546,0.001426,0.965432,0.005354,0.003374,0.002338,0.002002,0.009309
4204,4,4,1,0.008173,0.001805,0.004127,0.0045,0.965657,0.000898,0.00279,0.002347,0.002229,0.007474
4205,4,4,1,0.006348,0.004793,0.001562,0.002466,0.97059,0.002552,0.002671,0.000498,0.002091,0.006429
4206,4,4,1,6e-06,1.4e-05,7e-06,1.5e-05,0.9999,5e-06,1e-05,3e-06,1e-05,3.1e-05
4207,4,4,1,0.004771,0.00282,0.00537,0.005761,0.959032,0.005031,0.001583,0.003769,0.001033,0.01083
4208,4,4,1,0.00801,0.012716,0.008904,0.003486,0.932823,0.007502,0.006336,0.004618,0.001165,0.014439
4209,4,4,1,0.001493,0.002284,0.00101,0.003106,0.982433,0.000662,0.000954,0.000684,0.001332,0.006044
4210,4,4,1,0.006415,0.007464,0.008135,0.007724,0.943282,0.00232,0.005101,0.003623,0.001783,0.014152
4211,4,4,1,0.003163,0.006232,0.002614,0.00378,0.960571,0.002309,0.003119,0.001318,0.003039,0.013854
4212,4,4,1,0.013858,0.005203,0.00366,0.012703,0.920029,0.005161,0.006432,0.006018,0.005909,0.021027
4213,4,4,1,0.003304,0.006054,0.004413,0.003109,0.971519,0.000585,0.002239,0.001078,0.001446,0.006253
4214,4,4,1,0.006337,0.007613,0.005472,0.002193,0.957437,0.002285,0.003859,0.002187,0.001793,0.010826
4215,4,4,1,0.009295,0.005457,0.009699,0.009336,0.922312,0.005903,0.007075,0.00714,0.001796,0.021986
4216,4,4,1,0.001895,0.004531,0.003612,0.00164,0.973202,0.001383,0.00098,0.001851,0.000955,0.00995
4217,4,4,1,0.005299,0.003125,0.001176,0.001282,0.977837,0.002762,0.000901,0.001181,0.001321,0.005115
4218,4,4,1,0.00365,0.004423,0.009341,0.002572,0.948388,0.003024,0.002403,0.001485,0.003628,0.021084
4219,4,4,1,1e-05,1.8e-05,1.6e-05,1.2e-05,0.9999,6e-06,9e-06,6e-06,4e-06,1.8e-05
4220,4,4,1,0.01156,0.004165,0.00197,0.005537,0.946666,0.003632,0.005971,0.004956,0.001415,0.014128
4221,4,4,1,0.000439,0.000156,0.000464,0.000106,0.997473,0.00029,0.000212,7.5e-05,9.8e-05,0.000686
4222,4,4,1,0.009158,0.004671,0.003194,0.002457,0.963236,0.003023,0.000926,0.001865,0.00182,0.00965
4223,4,4,1,0.004041,0.005909,0.004678,0.004955,0.961144,0.001913,0.000879,0.002288,0.0015,0.012693
4224,4,4,1,0.016206,0.009632,0.003529,0.009911,0.923117,0.00523,0.005964,0.004357,0.002848,0.019205
4225,4,4,1,0.010098,0.009944,0.007903,0.008667,0.90922,0.007998,0.011392,0.001847,0.007665,0.025267
4226,4,4,1,0.004051,0.001987,0.002414,0.001989,0.983028,0.001047,0.000385,0.000382,0.000718,0.003999
4227,4,4,1,0.009728,0.009183,0.005554,0.005684,0.947002,0.003507,0.002213,0.003618,0.001044,0.012468
4228,4,4,1,0.002837,0.004058,0.002535,0.002415,0.980603,0.001156,0.001262,0.000482,0.000298,0.004355
4229,4,4,1,0.006577,0.009461,0.002586,0.007786,0.947051,0.005609,0.002029,0.003755,0.002109,0.013035
4230,4,4,1,0.00173,0.001124,0.001152,0.000965,0.990707,0.000563,0.000763,0.000289,0.000189,0.002516
4231,4,4,1,0.007661,0.001864,0.003724,0.001622,0.963124,0.001559,0.00496,0.001804,0.002719,0.010963
4232,4,4,1,0.001622,0.001178,0.001321,0.002559,0.982197,0.001069,0.001494,0.00056,0.001146,0.006854
4233,4,4,1,0.007455,0.002692,0.004318,0.003958,0.963596,0.000998,0.00118,0.002492,0.001031,0.01228
4234,4,4,1,0.008675,0.003285,0.001758,0.003111,0.964879,0.003865,0.00185,0.002712,0.001379,0.008486
4235,4,4,1,0.007238,0.002348,0.003926,0.002587,0.961614,0.003246,0.001513,0.003958,0.003178,0.010392
4236,4,4,1,0.00124,0.000729,0.001594,0.000392,0.989281,0.001308,0.000512,0.001045,0.000928,0.002972
4237,4,4,1,0.004944,0.001725,0.001185,0.00286,0.971725,0.001436,0.0037,0.002431,0.001742,0.008252
4238,4,4,1,0.023009,0.003889,0.006529,0.011513,0.905678,0.0094,0.002088,0.009311,0.001993,0.02659
4239,4,4,1,0.005466,0.005581,0.005097,0.002105,0.968015,0.003049,0.002538,0.001626,0.000688,0.005835
4240,4,4,1,0.015022,0.023138,0.013191,0.008904,0.892194,0.003133,0.008698,0.003669,0.007987,0.024063
4241,4,4,1,0.000617,0.001159,0.000556,0.002064,0.989122,0.000793,0.000381,0.001214,0.000508,0.003586
4242,4,4,1,0.007303,0.010495,0.001658,0.006279,0.950272,0.001432,0.004419,0.003251,0.003124,0.011767
4243,4,4,1,0.011034,0.009105,0.004401,0.009459,0.9352,0.001688,0.00276,0.002675,0.004156,0.019521
4244,4,4,1,0.008408,0.005388,0.003668,0.003658,0.957439,0.00352,0.003917,0.002894,0.001159,0.009949
4245,4,4,1,0.00446,0.003151,0.002539,0.005513,0.967372,0.000894,0.003663,0.000713,0.00127,0.010426
4246,4,4,1,0.009007,0.011494,0.010778,0.00539,0.91027,0.010419,0.006699,0.004965,0.002605,0.028373
4247,4,4,1,0.001241,0.000874,0.001682,0.000941,0.990542,0.00037,0.000463,0.000525,0.000381,0.002982
4248,4,4,1,0.004515,0.002693,0.006315,0.004361,0.948969,0.002182,0.007665,0.001687,0.003966,0.017646
4249,4,4,1,0.002435,0.006745,0.003007,0.004085,0.965881,0.002223,0.002521,0.000963,0.001982,0.010158
4250,4,4,1,0.004355,0.013406,0.005916,0.008053,0.939321,0.006371,0.004633,0.001819,0.002845,0.013282
4251,4,4,1,0.010338,0.006582,0.008102,0.006715,0.944644,0.005766,0.003254,0.003294,0.002416,0.00889
4252,4,4,1,0.001917,0.007555,0.00226,0.00458,0.966927,0.003187,0.001009,0.001781,0.001557,0.009228
4253,4,4,1,0.004289,0.005321,0.005309,0.004923,0.94797,0.003244,0.00314,0.00325,0.00302,0.019534
4254,4,4,1,0.013359,0.017312,0.00497,0.009858,0.911539,0.00287,0.007331,0.003132,0.004495,0.025135
4255,4,4,1,2e-05,1.8e-05,1.4e-05,1e-05,0.9999,8e-06,5e-06,3e-06,4e-06,1.7e-05
4256,4,4,1,0.014584,0.007954,0.007504,0.006511,0.938387,0.003546,0.004161,0.004266,0.000896,0.012191
4257,4,4,1,0.01918,0.015682,0.005669,0.007167,0.913543,0.009076,0.007376,0.001205,0.001076,0.020027
4258,4,4,1,0.012273,0.009686,0.003413,0.003981,0.944249,0.005976,0.00427,0.001307,0.002965,0.011879
4259,4,4,1,0.010536,0.011908,0.006412,0.005858,0.934991,0.005417,0.003615,0.0021,0.002481,0.016682
4260,4,4,1,0.010017,0.006556,0.009603,0.01147,0.925026,0.005247,0.001895,0.003008,0.006014,0.021164
4261,4,4,1,0.009793,0.011662,0.013276,0.006594,0.918474,0.005415,0.00763,0.004463,0.002526,0.020167
4262,4,4,1,0.009516,0.014636,0.009298,0.006977,0.929522,0.001993,0.002079,0.002285,0.002913,0.020781
4263,4,4,1,0.003387,0.002362,0.002502,0.003379,0.97314,0.002623,0.000916,0.001602,0.001674,0.008416
4264,4,4,1,0.001124,0.000735,0.00107,0.000595,0.992804,0.000606,0.000169,0.000362,0.000458,0.002077
4265,4,4,1,0.017306,0.006537,0.014634,0.008327,0.91203,0.007582,0.008263,0.003722,0.003938,0.017661
4266,4,4,1,0.001101,0.000946,0.001187,0.000313,0.992432,0.000228,0.0008,0.000656,0.000336,0.002001
4267,4,4,1,0.019138,0.004793,0.007074,0.012117,0.918578,0.002055,0.002432,0.004183,0.003153,0.026477
4268,4,4,1,0.009939,0.006278,0.005197,0.003873,0.954017,0.002932,0.002038,0.001951,0.003425,0.010349
4269,4,4,1,0.004241,0.00419,0.008564,0.006739,0.954542,0.003474,0.002215,0.003151,0.002472,0.010411
4270,4,4,1,0.01232,0.008932,0.0047,0.003041,0.943145,0.003278,0.002564,0.00191,0.003855,0.016254
4271,4,4,1,0.015936,0.002692,0.007501,0.004555,0.935367,0.003163,0.0016,0.004082,0.003617,0.021487
4272,4,4,1,0.007284,0.006493,0.002188,0.003279,0.958379,0.002582,0.002999,0.002708,0.000874,0.013213
4273,4,4,1,0.010796,0.00748,0.003923,0.007986,0.944202,0.002088,0.005323,0.004487,0.002927,0.010789
4274,4,4,1,0.001282,0.001416,0.000383,0.00114,0.990488,0.001088,0.000576,0.000816,0.000289,0.002522
4275,4,4,1,0.003007,0.007524,0.004261,0.004467,0.964408,0.004045,0.001097,0.001366,0.000603,0.009222
4276,4,4,1,0.020242,0.010367,0.006218,0.008857,0.90379,0.010418,0.007466,0.003304,0.003099,0.026239
4277,4,4,1,0.002393,0.007762,0.003817,0.001235,0.966404,0.00133,0.001512,0.002893,0.002106,0.010549
4278,4,4,1,1.4e-05,7e-06,1.3e-05,8e-06,0.9999,4e-06,9e-06,5e-06,7e-06,3.2e-05
4279,4,4,1,0.00503,0.003974,0.00353,0.001806,0.967761,0.002607,0.000906,0.002227,0.001086,0.011073
4280,4,4,1,0.008314,0.005037,0.001983,0.005588,0.961322,0.002593,0.001461,0.002963,0.001465,0.009273
4281,4,4,1,0.019966,0.005953,0.013181,0.008875,0.910098,0.002915,0.00198,0.007012,0.00554,0.02448
4282,4,4,1,0.014181,0.005002,0.011891,0.0084,0.917854,0.004698,0.008742,0.001692,0.001752,0.025787
4283,4,4,1,0.006434,0.006789,0.010951,0.011203,0.909888,0.00377,0.006978,0.005342,0.004629,0.034015
4284,4,4,1,6e-06,8e-06,8e-06,1.7e-05,0.9999,1.2e-05,3e-06,6e-06,1e-05,3.1e-05
4285,4,4,1,0.011404,0.006474,0.005079,0.002343,0.953787,0.001953,0.004541,0.001557,0.001129,0.011733
4286,4,4,1,0.007479,0.01203,0.00838,0.008406,0.938416,0.005748,0.003048,0.001814,0.001445,0.013232
4287,4,4,1,0.016055,0.006559,0.010567,0.008732,0.917198,0.004698,0.00713,0.00151,0.006784,0.020767
4288,4,4,1,0.005396,0.003836,0.0011,0.002197,0.974065,0.001218,0.000791,0.000931,0.000621,0.009845
4289,4,4,1,0.00228,0.000984,0.000586,0.000915,0.989556,0.000973,0.000497,0.000919,0.000582,0.002709
4290,4,4,1,0.006059,0.007876,0.006076,0.006638,0.938929,0.004897,0.005653,0.004006,0.001949,0.017915
4291,4,4,1,0.012425,0.012696,0.009276,0.004907,0.918275,0.007165,0.007413,0.006153,0.005281,0.016408
4292,4,4,1,0.01071,0.009368,0.008399,0.010493,0.926656,0.002293,0.003494,0.003963,0.004703,0.019922
4293,4,4,1,0.006063,0.001772,0.002452,0.002977,0.972613,0.00295,0.001259,0.002151,0.000825,0.006937
4294,4,4,1,0.002684,0.005911,0.002562,0.003238,0.958621,0.002773,0.004621,0.001011,0.003923,0.014657
4295,4,4,1,0.012184,0.004801,0.011815,0.004852,0.925412,0.008488,0.003235,0.001789,0.006449,0.020974
4296,4,4,1,0.016058,0.005669,0.006032,0.008546,0.931562,0.003649,0.001874,0.002446,0.002218,0.021947
4297,4,4,1,0.00156,0.001538,0.004938,0.00327,0.975096,0.00207,0.001428,0.0014,0.000827,0.007874
4298,4,4,1,0.000161,0.000179,0.00015,0.00012,0.99889,0.000124,7.1e-05,3.2e-05,2.4e-05,0.000249
4299,4,4,1,0.018195,0.00849,0.006923,0.002508,0.921247,0.006393,0.003503,0.002848,0.002114,0.027779
4300,4,4,1,2.2e-05,1.1e-05,9e-06,6e-06,0.9999,9e-06,9e-06,6e-06,2e-06,2.6e-05
4301,4,4,1,0.018963,0.0033,0.01115,0.011959,0.916511,0.006218,0.004235,0.001808,0.005424,0.020433
4302,4,4,1,0.022374,0.006,0.013136,0.012418,0.90433,0.002217,0.001977,0.002458,0.005433,0.029656
4303,4,4,1,0.006865,0.011369,0.006829,0.007917,0.94129,0.001559,0.005634,0.002088,0.001102,0.015347
4304,4,4,1,0.002912,0.000901,0.001534,0.001878,0.981625,0.0007,0.001687,0.001934,0.001699,0.00513
4305,4,4,1,0.002656,0.004904,0.002387,0.008481,0.952991,0.005695,0.005368,0.003355,0.002329,0.011833
4306,4,4,1,0.017593,0.013884,0.007964,0.002307,0.923124,0.00853,0.003893,0.003862,0.00166,0.017182
4307,4,4,1,2.3e-05,1.7e-05,1.3e-05,1.2e-05,0.9999,5e-06,4e-06,4e-06,1e-06,2.1e-05
4308,4,4,1,0.015504,0.006456,0.003915,0.00651,0.929055,0.001991,0.003828,0.002812,0.003895,0.026033
4309,4,4,1,1e-05,6e-06,1.4e-05,7e-06,0.9999,1.3e-05,8e-06,9e-06,7e-06,2.7e-05
4310,4,4,1,0.003888,0.002448,0.004908,0.004048,0.961723,0.003443,0.004078,0.001701,0.002224,0.011539
4311,4,4,1,0.013954,0.006734,0.005755,0.006568,0.932831,0.008179,0.004248,0.004004,0.003946,0.013782
4312,4,4,1,0.009872,0.006687,0.008819,0.004522,0.938811,0.007556,0.0054,0.00188,0.003238,0.013215
4313,4,4,1,0.000845,0.001265,0.002531,0.00154,0.98763,0.001082,0.001199,0.000794,0.000622,0.002491
4314,4,4,1,0.012827,0.004311,0.007765,0.003366,0.917777,0.006241,0.003568,0.006077,0.0058,0.032268
4315,4,4,1,0.005097,0.006784,0.002257,0.003675,0.961676,0.004626,0.003804,0.001677,0.00113,0.009272
4316,4,4,1,0.006659,0.005174,0.00317,0.005828,0.959072,0.00473,0.002137,0.001673,0.001824,0.009733
4317,4,4,1,0.001261,0.000411,0.001015,0.000424,0.990852,0.000621,0.000732,0.000774,0.000316,0.003593
4318,4,4,1,0.000586,0.000383,0.000302,0.000141,0.996746,0.00011,0.000174,0.000348,0.00025,0.000961
4319,4,4,1,0.006499,0.002808,0.007064,0.002132,0.943237,0.007176,0.006967,0.002884,0.005145,0.016088
4320,4,4,1,0.002517,0.010723,0.008356,0.004433,0.950824,0.001986,0.00226,0.002335,0.002341,0.014225
4321,4,4,1,0.005366,0.012376,0.013661,0.006542,0.923925,0.002255,0.004864,0.002364,0.001961,0.026685
4322,4,4,1,0.0041,0.00887,0.003852,0.006952,0.951977,0.002468,0.001136,0.003655,0.003553,0.013438
4323,4,4,1,0.006716,0.007055,0.019068,0.011993,0.906914,0.008417,0.006252,0.002998,0.007364,0.023223
4324,4,4,1,0.024545,0.005723,0.013665,0.012331,0.881443,0.00524,0.011643,0.005406,0.006673,0.033331
4325,4,4,1,0.002262,0.002102,0.002502,0.003382,0.978148,0.001488,0.001992,0.001273,0.001522,0.00533
4326,4,4,1,0.00443,0.002037,0.001986,0.000999,0.978373,0.001904,0.001366,0.001768,0.001584,0.005552
4327,4,4,1,0.005778,0.002457,0.004201,0.004386,0.963416,0.004119,0.003441,0.002745,0.000791,0.008665
4328,4,4,1,1.9e-05,1.1e-05,7e-06,8e-06,0.9999,6e-06,6e-06,1e-05,2e-06,3.1e-05
4329,4,4,1,0.002032,0.003466,0.002731,0.001241,0.972786,0.00339,0.001153,0.002172,0.002484,0.008546
4330,4,4,1,0.000422,0.000639,0.000195,0.000445,0.996733,9.5e-05,0.000303,0.000115,0.000234,0.000818
4331,4,4,1,0.007241,0.00352,0.002891,0.002098,0.952579,0.002522,0.003359,0.002713,0.001366,0.021711
4332,4,4,1,0.005868,0.017801,0.00457,0.011108,0.891172,0.014601,0.007827,0.004275,0.01034,0.032437
4333,4,4,1,0.011182,0.008247,0.009926,0.007003,0.937837,0.004056,0.001958,0.004508,0.003491,0.011793
4334,4,4,1,0.006673,0.004236,0.003045,0.002557,0.962499,0.002255,0.004534,0.003443,0.00237,0.008387
4335,4,4,1,0.02516,0.020798,0.007625,0.003969,0.874857,0.003458,0.00873,0.005265,0.010649,0.03949
4336,4,4,1,0.000775,0.002296,0.002338,0.002407,0.984577,0.001136,0.000373,0.000641,0.001214,0.004243
4337,4,4,1,0.015054,0.00945,0.009813,0.002366,0.919346,0.004684,0.008907,0.007458,0.004059,0.018862
4338,4,4,1,2.1e-05,5e-06,1.1e-05,5e-06,0.9999,1.1e-05,8e-06,3e-06,5e-06,3.1e-05
4339,4,4,1,0.005766,0.003668,0.004098,0.007986,0.94379,0.007063,0.003153,0.004311,0.00121,0.018955
4340,4,4,1,0.00019,0.000241,0.000178,6.8e-05,0.998805,7.6e-05,0.000102,5.2e-05,1.4e-05,0.000274
4341,4,4,1,0.009644,0.011883,0.003785,0.005345,0.909488,0.004963,0.006318,0.002455,0.003817,0.042302
4342,4,4,1,0.005902,0.00325,0.00604,0.002091,0.952436,0.006615,0.005435,0.001338,0.001958,0.014934
4343,4,4,1,0.002257,0.001335,0.003962,0.00239,0.977559,0.001809,0.00216,0.001747,0.000357,0.006422
4344,4,4,1,0.011871,0.008236,0.002452,0.004785,0.946789,0.002676,0.003538,0.002393,0.001183,0.016077
4345,4,4,1,0.002624,0.001637,0.004886,0.0036,0.975678,0.000586,0.001117,0.00232,0.001854,0.005697
4346,4,4,1,0.004968,0.006273,0.007333,0.002237,0.957265,0.004614,0.001399,0.002091,0.002419,0.011402
4347,4,4,1,0.014255,0.006913,0.007843,0.009311,0.931108,0.00315,0.002611,0.00355,0.003664,0.017594
4348,4,4,1,1.8e-05,7e-06,7e-06,4e-06,0.9999,1.6e-05,6e-06,4e-06,8e-06,3e-05
4349,4,4,1,0.002983,0.001489,0.003709,0.002957,0.978349,0.000954,0.00087,0.001903,0.001175,0.005611
4350,4,4,1,0.005708,0.001108,0.001531,0.002,0.976955,0.002104,0.002372,0.001119,0.00065,0.006452
4351,4,4,1,0.002751,0.003257,0.001272,0.002364,0.979701,0.002453,0.001999,0.00117,0.000852,0.004181
4352,4,4,1,0.004347,0.005672,0.002768,0.00394,0.967594,0.002614,0.003246,0.00229,0.000951,0.006578
4353,4,4,1,0.006562,0.011091,0.012365,0.005951,0.932034,0.005551,0.004385,0.004975,0.003524,0.013564
4354,4,4,1,0.002201,0.003134,0.003379,0.006029,0.962861,0.002061,0.004323,0.003015,0.002015,0.010982
4355,4,4,1,2e-05,6e-06,1.2e-05,3e-06,0.9999,5e-06,3e-06,1e-05,7e-06,3.4e-05
4356,4,4,1,0.003466,0.006694,0.01087,0.006715,0.936806,0.00486,0.003851,0.004091,0.003249,0.019398
4357,4,4,1,0.00836,0.005596,0.003246,0.004381,0.960633,0.00254,0.002215,0.001971,0.001478,0.00958
4358,4,4,1,0.00378,0.005823,0.014485,0.003873,0.932253,0.00245,0.006009,0.004861,0.006411,0.020056
4359,4,4,1,0.002366,0.005404,0.001082,0.002467,0.973784,0.001023,0.002906,0.001823,0.000768,0.008378
4360,4,4,1,0.009262,0.004913,0.005451,0.006981,0.950598,0.001772,0.001065,0.003022,0.002965,0.013972
4361,4,4,1,0.007918,0.006461,0.003116,0.001783,0.962155,0.002638,0.003774,0.002274,0.001493,0.008388
4362,4,4,1,0.012109,0.010564,0.002798,0.006377,0.923787,0.010064,0.004452,0.006225,0.004399,0.019226
4363,4,4,1,0.013918,0.017112,0.004828,0.009067,0.910045,0.005058,0.008919,0.003848,0.004322,0.022885
4364,4,4,1,0.010068,0.004388,0.005797,0.004165,0.9573,0.003096,0.001236,0.001494,0.002282,0.010175
4365,4,4,1,0.002349,0.001598,0.00166,0.000416,0.986336,0.00057,0.001142,0.000926,0.000515,0.004487
4366,4,4,1,0.010836,0.004254,0.006135,0.002569,0.95346,0.003552,0.00271,0.002715,0.003288,0.01048
4367,4,4,1,0.017002,0.006687,0.013711,0.00434,0.918909,0.003974,0.008137,0.003096,0.003028,0.021115
4368,4,4,1,0.011281,0.006687,0.003965,0.003905,0.936222,0.006981,0.004671,0.00147,0.004732,0.020087
4369,4,4,1,0.020431,0.010901,0.00435,0.015635,0.897608,0.008742,0.00701,0.006255,0.003219,0.025848
4370,4,4,1,0.012375,0.002643,0.009233,0.005453,0.936523,0.002857,0.007578,0.004788,0.003547,0.015002
4371,4,4,1,0.014947,0.007378,0.003479,0.008411,0.931496,0.007711,0.004133,0.001226,0.005275,0.015944
4372,4,4,1,1.1e-05,1.4e-05,1.3e-05,6e-06,0.9999,1.1e-05,4e-06,3e-06,8e-06,3e-05
4373,4,4,1,0.003551,0.00081,0.001479,0.001021,0.985485,0.001887,0.0006,0.000873,0.000452,0.003844
4374,4,4,1,0.009519,0.00513,0.004643,0.003438,0.956137,0.00411,0.000984,0.002885,0.00228,0.010875
4375,4,4,1,0.008195,0.004159,0.007759,0.009053,0.937775,0.007746,0.003496,0.002287,0.004552,0.014977
4376,4,4,1,0.002926,0.005146,0.003486,0.006966,0.959905,0.001678,0.003381,0.003131,0.002037,0.011345
4377,4,4,1,0.003971,0.00421,0.004734,0.002505,0.964955,0.00233,0.003819,0.001077,0.001448,0.01095
4378,4,4,1,0.002782,0.00257,0.004698,0.00565,0.96724,0.001406,0.003859,0.001581,0.001769,0.008445
4379,4,4,1,0.004085,0.011995,0.003731,0.012324,0.930457,0.003814,0.003209,0.002514,0.005392,0.02248
4380,4,4,1,0.001028,0.000707,0.000954,0.000501,0.994417,0.000504,0.00041,0.000271,0.000207,0.001001
4381,4,4,1,0.00727,0.004011,0.008161,0.003755,0.943224,0.006039,0.005451,0.001929,0.00267,0.017489
4382,4,4,1,0.004919,0.006082,0.006067,0.006156,0.948402,0.001713,0.006206,0.001844,0.003357,0.015254
4383,4,4,1,0.002279,0.003591,0.005874,0.001879,0.965393,0.001661,0.001862,0.00215,0.002749,0.012563
4384,4,4,1,8e-06,1.2e-05,1.8e-05,1.4e-05,0.9999,9e-06,2e-06,8e-06,2e-06,2.8e-05
4385,4,4,1,0.00521,0.001446,0.005511,0.001221,0.969529,0.001015,0.001145,0.001917,0.002821,0.010185
4386,4,4,1,0.007327,0.006147,0.009439,0.002264,0.937884,0.002557,0.007805,0.005949,0.004555,0.016072
4387,4,4,1,0.004153,0.009941,0.006003,0.003783,0.945397,0.006203,0.004614,0.004198,0.000799,0.01491
4388,4,4,1,0.009921,0.0049,0.006776,0.0049,0.948546,0.00591,0.002696,0.003861,0.001118,0.011373
4389,4,4,1,0.008255,0.01132,0.002898,0.004318,0.944901,0.003662,0.005279,0.004458,0.002444,0.012465
4390,4,4,1,4.6e-05,0.00011,0.000109,9.7e-05,0.999251,2.4e-05,2.7e-05,5e-05,2.7e-05,0.000259
4391,4,4,1,0.002131,0.000353,0.00053,0.000349,0.990838,0.000316,0.00057,0.000391,0.000641,0.003882
4392,4,4,1,0.008563,0.016858,0.010943,0.010148,0.913537,0.005305,0.002703,0.004351,0.005164,0.022428
4393,4,4,1,0.001777,0.002827,0.002459,0.000812,0.985343,0.001545,0.000966,0.000439,0.000254,0.003579
4394,4,4,1,0.006849,0.007905,0.004833,0.006825,0.945125,0.007015,0.005164,0.002565,0.002054,0.011665
4395,4,4,1,0.003743,0.004799,0.003598,0.00436,0.969277,0.002315,0.002355,0.000591,0.001745,0.007217
4396,4,4,1,0.005691,0.013117,0.007791,0.00873,0.931209,0.007809,0.005196,0.001226,0.004278,0.014953
4397,4,4,1,0.012322,0.019672,0.012307,0.002736,0.90512,0.008696,0.006868,0.008046,0.004135,0.020098
4398,4,4,1,0.009465,0.015856,0.005873,0.011417,0.913153,0.01084,0.005632,0.003105,0.004582,0.020078
4399,4,4,1,0.005974,0.007805,0.005768,0.003581,0.96147,0.003023,0.002793,0.000582,0.002246,0.006758
4400,4,4,1,8e-06,1.6e-05,1.5e-05,1.2e-05,0.9999,1.1e-05,5e-06,7e-06,5e-06,2e-05
4401,4,4,1,0.017506,0.006033,0.012158,0.003333,0.91707,0.009176,0.004584,0.005292,0.00518,0.019669
4402,4,4,1,0.00604,0.004104,0.002766,0.005621,0.964319,0.002962,0.001178,0.002133,0.000687,0.010189
4403,4,4,1,0.0079,0.002796,0.002566,0.002359,0.955418,0.003507,0.003047,0.003829,0.004531,0.014045
4404,4,4,1,2e-05,9e-06,1.2e-05,3e-06,0.9999,1e-05,7e-06,7e-06,2e-06,3.1e-05
4405,4,4,1,0.003875,0.003275,0.002364,0.000913,0.980951,0.001601,0.000844,0.000777,0.001308,0.004093
4406,4,4,1,0.00908,0.007902,0.008142,0.004335,0.904006,0.014893,0.009727,0.006406,0.001918,0.033591
4407,4,4,1,0.025981,0.00856,0.019801,0.006205,0.882258,0.006621,0.009088,0.004054,0.008856,0.028575
4408,4,4,1,0.02119,0.015418,0.009429,0.008892,0.909164,0.003298,0.006137,0.005733,0.001684,0.019055
4409,4,4,1,0.004384,0.008628,0.008353,0.002737,0.94699,0.003229,0.002066,0.005772,0.002715,0.015127
4410,4,4,1,0.00744,0.006821,0.005939,0.006038,0.950119,0.004188,0.002746,0.002465,0.001766,0.012478
4411,4,4,1,0.001045,0.000975,0.002081,0.002627,0.981228,0.00065,0.001486,0.000753,0.001682,0.007472
4412,4,4,1,0.006607,0.004115,0.003872,0.003013,0.972046,0.000936,0.001275,0.001144,0.000354,0.006639
4413,4,4,1,0.002429,0.001626,0.000476,0.001461,0.988079,0.000344,0.000853,0.001182,0.000705,0.002845
4414,4,4,1,0.014212,0.006931,0.007191,0.002657,0.939502,0.007203,0.001966,0.003412,0.002318,0.014608
4415,4,4,1,0.014103,0.006506,0.009377,0.007434,0.93497,0.00304,0.00259,0.001572,0.003791,0.016616
4416,4,4,1,0.019331,0.013772,0.006372,0.00755,0.921535,0.005148,0.004087,0.002886,0.001533,0.017786
4417,4,4,1,0.010795,0.003671,0.010256,0.004626,0.936849,0.003824,0.005837,0.002722,0.003135,0.018286
4418,4,4,1,0.008324,0.008748,0.005267,0.002102,0.94754,0.005003,0.004532,0.001638,0.001532,0.015314
4419,4,4,1,2.5e-05,1.1e-05,1.5e-05,5e-06,0.9999,9e-06,3e-06,4e-06,4e-06,2.4e-05
4420,4,4,1,1.7e-05,1.1e-05,5e-06,1e-05,0.9999,7e-06,3e-06,3e-06,2e-06,4.1e-05
4421,4,4,1,0.004181,0.004291,0.010309,0.007892,0.922683,0.009247,0.008454,0.003998,0.006173,0.022771
4422,4,4,1,0.023715,0.011755,0.014372,0.006754,0.893973,0.008764,0.009697,0.002956,0.006429,0.021584
4423,4,4,1,0.00298,0.008299,0.005082,0.002263,0.950897,0.005792,0.002868,0.002032,0.002952,0.016834
4424,4,4,1,9e-06,1.8e-05,1e-05,1e-05,0.9999,1.1e-05,3e-06,8e-06,7e-06,2.2e-05
4425,4,4,1,0.009967,0.018101,0.008219,0.004943,0.907194,0.006656,0.006878,0.006551,0.003573,0.027918
4426,4,4,1,1.2e-05,1.6e-05,1.5e-05,5e-06,0.9999,8e-06,1e-05,2e-06,4e-06,2.9e-05
4427,4,4,1,0.002329,0.002227,0.00102,0.001456,0.986341,0.000664,0.001024,0.001046,0.000817,0.003075
4428,4,4,1,0.013131,0.006678,0.009723,0.010413,0.927833,0.006507,0.004637,0.001795,0.001977,0.017305
4429,4,4,1,0.005564,0.005904,0.012162,0.009068,0.938517,0.005564,0.001816,0.003181,0.004341,0.013881
4430,4,4,1,0.003297,0.001114,0.001865,0.001347,0.985064,0.000374,0.000964,0.000682,0.000381,0.004912
4431,4,4,1,0.004328,0.002759,0.00363,0.001225,0.972664,0.000864,0.001283,0.002393,0.001486,0.009368
4432,4,4,1,0.004357,0.002249,0.003103,0.005215,0.964001,0.0028,0.004391,0.000909,0.001708,0.011268
4433,4,4,1,0.004659,0.004404,0.003338,0.00121,0.964291,0.001513,0.0024,0.003515,0.001422,0.013249
4434,4,4,1,5e-06,8e-06,1.6e-05,8e-06,0.9999,8e-06,6e-06,6e-06,9e-06,3.3e-05
4435,4,4,1,0.009135,0.007078,0.003284,0.004418,0.958325,0.004022,0.002679,0.001853,0.001338,0.007867
4436,4,4,1,0.001706,0.00131,0.003789,0.0036,0.97237,0.003591,0.002868,0.000865,0.000978,0.008924
4437,4,4,1,0.007245,0.003805,0.006954,0.004856,0.957973,0.001671,0.001962,0.002284,0.000725,0.012525
4438,4,4,1,0.006483,0.009826,0.003342,0.007001,0.948157,0.003591,0.004693,0.003518,0.001532,0.011856
4439,4,4,1,0.006835,0.00595,0.001703,0.003186,0.96669,0.003755,0.002279,0.000615,0.00205,0.006935
4440,4,4,1,0.004643,0.011502,0.010462,0.003448,0.925688,0.009892,0.00501,0.006508,0.001373,0.021472
4441,4,4,1,0.002661,0.002314,0.000948,0.001997,0.979468,0.002825,0.000602,0.001518,0.000796,0.006871
4442,4,4,1,0.001309,0.001465,0.000743,0.00076,0.992059,0.000678,0.000211,0.000458,0.000248,0.002069
4443,4,4,1,0.001391,0.001414,0.001261,0.001102,0.989964,0.000778,0.000426,0.000491,0.000203,0.00297
4444,4,4,1,0.003705,0.001125,0.001659,0.001844,0.984303,0.001165,0.000696,0.000792,0.001036,0.003676
4445,4,4,1,0.001122,0.001385,0.000371,0.00087,0.99289,0.000474,0.000503,0.00059,0.000356,0.001439
4446,4,4,1,0.006059,0.016048,0.011435,0.003272,0.929049,0.006459,0.001451,0.005399,0.00119,0.019637
4447,4,4,1,0.009151,0.002415,0.00413,0.004697,0.952489,0.003162,0.005932,0.000959,0.003626,0.01344
4448,4,4,1,0.00539,0.002188,0.003334,0.002288,0.977376,0.000637,0.001907,0.000869,0.00122,0.004791
4449,4,4,1,1.5e-05,5e-06,4e-06,6e-06,0.9999,1.1e-05,1.4e-05,9e-06,5e-06,3.1e-05
4450,4,4,1,3.7e-05,2.8e-05,8e-06,1e-05,0.999829,6e-06,1.7e-05,4e-06,6e-06,5.5e-05
4451,4,4,1,0.010019,0.008458,0.00781,0.005465,0.943707,0.003061,0.003523,0.003192,0.002124,0.012641
4452,4,4,1,0.00677,0.015394,0.01202,0.0071,0.908056,0.007727,0.002787,0.003945,0.007654,0.028548
4453,4,4,1,0.01114,0.002307,0.009091,0.005123,0.94712,0.002794,0.004412,0.001915,0.001648,0.014452
4454,4,4,1,0.005464,0.003338,0.004361,0.001999,0.965691,0.001934,0.001397,0.002561,0.003013,0.010242
4455,4,4,1,0.021263,0.012167,0.012674,0.006799,0.914924,0.006021,0.003578,0.00493,0.002987,0.014658
4456,4,4,1,0.001234,0.0009,0.00017,0.000358,0.995039,0.000539,0.000114,0.000399,0.000135,0.001113
4457,4,4,1,0.007843,0.003732,0.004221,0.004379,0.964675,0.001935,0.000933,0.002479,0.001833,0.00797
4458,4,4,1,0.006744,0.002754,0.004045,0.000846,0.972368,0.003229,0.001186,0.001357,0.001836,0.005635
4459,4,4,1,0.009787,0.005412,0.008473,0.003753,0.939165,0.005997,0.004027,0.004369,0.004659,0.014357
4460,4,4,1,0.005899,0.002529,0.004489,0.003778,0.944853,0.004733,0.006719,0.004157,0.003032,0.01981
4461,4,4,1,0.001253,0.001298,0.001105,0.000456,0.991018,0.000392,0.000502,0.00044,0.000835,0.002702
4462,4,4,1,0.005452,0.007527,0.015746,0.005848,0.922237,0.006531,0.003386,0.008288,0.001625,0.02336
4463,4,4,1,0.003132,0.001058,0.001147,0.003045,0.980963,0.001393,0.000856,0.001988,0.001393,0.005025
4464,4,4,1,0.001547,0.00117,0.000724,0.000669,0.99228,0.000597,0.000663,0.000195,0.000326,0.001829
4465,4,4,1,0.004208,0.007123,0.003915,0.003495,0.956603,0.002212,0.002371,0.003165,0.00146,0.015449
4466,4,4,1,0.002762,0.003926,0.00685,0.003501,0.962392,0.003505,0.003511,0.0025,0.001372,0.009681
4467,4,4,1,2.4e-05,7e-06,1.1e-05,1.3e-05,0.9999,1.1e-05,7e-06,3e-06,6e-06,1.8e-05
4468,4,4,1,0.004832,0.002534,0.003675,0.001543,0.967967,0.002216,0.001437,0.0018,0.002607,0.011389
4469,4,4,1,0.00246,0.000815,0.000915,0.001618,0.987284,0.000478,0.000585,0.000701,0.001021,0.004124
4470,4,4,1,0.002747,0.0029,0.002918,0.002264,0.976152,0.002959,0.001255,0.000462,0.001601,0.006742
4471,4,4,1,0.022217,0.008999,0.007968,0.009463,0.899622,0.012922,0.004306,0.005303,0.00504,0.024158
4472,4,4,1,0.009105,0.003267,0.004611,0.003943,0.95098,0.003356,0.003417,0.001832,0.001712,0.017777
4473,4,4,1,0.001398,0.000802,0.000999,0.000882,0.992885,0.000247,0.000496,0.000513,0.000427,0.001351
4474,4,4,1,0.006929,0.004673,0.005233,0.006017,0.955216,0.001693,0.001593,0.001689,0.003245,0.013713
4475,4,4,1,0.004589,0.008482,0.007939,0.010543,0.931033,0.002346,0.004349,0.006759,0.004245,0.019715
4476,4,4,1,0.009504,0.007997,0.005866,0.004959,0.953661,0.004051,0.003315,0.001477,0.002155,0.007015
4477,4,4,1,0.007635,0.006667,0.003752,0.003758,0.962093,0.002161,0.002748,0.00076,0.00258,0.007845
4478,4,4,1,2.6e-05,2.4e-05,2.9e-05,1.9e-05,0.999822,1.8e-05,6e-06,5e-06,1.2e-05,4e-05
4479,4,4,1,0.006904,0.009024,0.005698,0.004101,0.956891,0.003145,0.002923,0.002793,0.001907,0.006614
4480,4,4,1,0.011728,0.014307,0.012569,0.009049,0.916576,0.005271,0.006159,0.002531,0.002348,0.019463
4481,4,4,1,0.000308,0.000688,0.000762,0.0002,0.995764,0.000191,0.000109,0.00048,0.000271,0.001225
4482,4,4,1,0.006222,0.00418,0.003859,0.001108,0.971223,0.002188,0.002208,0.000671,0.001281,0.007061
4483,4,4,1,0.012601,0.012575,0.014754,0.00631,0.90968,0.010278,0.004614,0.004919,0.004379,0.01989
4484,4,4,1,0.003794,0.013142,0.007548,0.005302,0.9415,0.004414,0.001954,0.001747,0.0026,0.017999
4485,4,4,1,0.013318,0.006295,0.006821,0.00148,0.945611,0.004999,0.003156,0.002284,0.002391,0.013647
4486,4,4,1,0.00247,0.004047,0.003255,0.00185,0.975072,0.002258,0.001992,0.001631,0.000988,0.006438
4487,4,4,1,0.007471,0.014055,0.012384,0.006806,0.91236,0.005163,0.003259,0.004383,0.00544,0.028681
4488,4,4,1,0.016276,0.003106,0.014254,0.007081,0.922018,0.005697,0.006398,0.00597,0.003888,0.015311
4489,4,4,1,0.007966,0.002967,0.009268,0.004429,0.948628,0.002847,0.004753,0.004457,0.001334,0.013351
4490,4,4,1,0.014237,0.006693,0.005646,0.003691,0.941805,0.004515,0.003538,0.002031,0.003639,0.014203
4491,4,4,1,0.002465,0.005275,0.001467,0.001279,0.973175,0.001465,0.002027,0.002673,0.001955,0.008219
4492,4,4,1,9e-06,1.5e-05,1.8e-05,1.2e-05,0.9999,3e-06,7e-06,7e-06,4e-06,2.5e-05
4493,4,4,1,0.008907,0.003232,0.006905,0.004425,0.957628,0.001122,0.002992,0.002127,0.003086,0.009577
4494,4,4,1,0.009864,0.011368,0.003706,0.0064,0.935328,0.005374,0.00677,0.001338,0.003079,0.016772
4495,4,4,1,2e-05,8e-06,6e-06,4e-06,0.9999,1.5e-05,1.1e-05,3e-06,3e-06,3.1e-05
4496,4,4,1,0.00988,0.00786,0.005025,0.003716,0.928484,0.004166,0.00313,0.00558,0.002337,0.029822
4497,4,4,1,0.002637,0.000538,0.000817,0.000863,0.98728,0.000614,0.001604,0.000876,0.000765,0.004006
4498,4,4,1,0.00244,0.000978,0.001429,0.000511,0.98583,0.000902,0.000998,0.000526,0.000899,0.005487
4499,4,4,1,0.014992,0.003498,0.010935,0.002619,0.933475,0.005688,0.002737,0.006171,0.001068,0.018817
4500,4,4,1,0.005255,0.005572,0.004034,0.001005,0.969161,0.001938,0.002313,0.000871,0.001563,0.008289
4501,4,4,1,0.002506,0.004118,0.005609,0.001947,0.953245,0.001824,0.005017,0.005854,0.004524,0.015358
4502,4,4,1,0.000306,0.001269,0.000889,0.000451,0.994005,0.000393,0.000599,0.000203,0.000246,0.001639
4503,4,4,1,0.004299,0.002061,0.002693,0.000738,0.981873,0.001472,0.000731,0.000366,0.001111,0.004656
4504,4,4,1,0.007203,0.006722,0.004249,0.004176,0.963469,0.001704,0.001225,0.001028,0.000567,0.009657
4505,4,4,1,0.009875,0.005975,0.003374,0.002505,0.959014,0.001226,0.002028,0.003468,0.001309,0.011226
4506,4,4,1,0.000456,0.001723,0.001063,0.001005,0.992018,0.000895,0.000199,0.000249,0.00018,0.002213
4507,4,4,1,0.008932,0.006117,0.002319,0.007958,0.94694,0.00464,0.005482,0.003673,0.001515,0.012423
4508,4,4,1,0.002519,0.001054,0.001734,0.001652,0.985814,0.000961,0.000613,0.00092,0.000447,0.004287
4509,4,4,1,0.005069,0.00636,0.004383,0.005813,0.96002,0.002682,0.001413,0.002439,0.001982,0.009841
4510,4,4,1,0.001875,0.0071,0.002946,0.00307,0.964165,0.003884,0.002504,0.000849,0.002622,0.010985
4511,4,4,1,0.006021,0.003754,0.002559,0.004092,0.95576,0.001421,0.005703,0.001108,0.003241,0.01634
4512,4,4,1,0.004025,0.006209,0.003381,0.003487,0.967548,0.002973,0.001338,0.002451,0.000923,0.007664
4513,4,4,1,0.008598,0.006669,0.006346,0.014849,0.89549,0.011538,0.004413,0.004368,0.003293,0.044437
4514,4,4,1,0.004016,0.005194,0.000863,0.003167,0.974002,0.002789,0.000722,0.001362,0.000945,0.006941
4515,4,4,1,0.005933,0.00428,0.00743,0.004835,0.958011,0.004585,0.00191,0.003003,0.001448,0.008565
4516,4,4,1,0.005699,0.008642,0.00528,0.004402,0.956242,0.003645,0.003724,0.002169,0.001088,0.009107
4517,4,4,1,0.003134,0.005462,0.003613,0.003092,0.964888,0.004476,0.003436,0.001923,0.002012,0.007963
4518,4,4,1,0.005994,0.024862,0.008555,0.018491,0.884795,0.009234,0.007077,0.009344,0.006826,0.024822
4519,4,4,1,0.00501,0.006379,0.002689,0.003758,0.960455,0.004351,0.001175,0.001753,0.001133,0.013297
4520,4,4,1,1.4e-05,1.6e-05,1.2e-05,8e-06,0.9999,5e-06,4e-06,9e-06,4e-06,2.8e-05
4521,4,4,1,0.006605,0.002484,0.007181,0.002236,0.946582,0.002759,0.005577,0.001427,0.003403,0.021747
4522,4,4,1,0.005547,0.006405,0.011673,0.003892,0.937789,0.007365,0.005127,0.003746,0.001673,0.016785
4523,4,4,1,0.009269,0.002503,0.008461,0.001785,0.947287,0.004731,0.002126,0.002734,0.003777,0.017326
4524,4,4,1,0.000894,0.000552,0.000276,0.000283,0.995115,0.000147,0.000298,0.000361,0.000429,0.001644
4525,4,4,1,0.000446,0.00068,0.000617,0.000772,0.991522,0.00139,0.000833,0.000247,0.000352,0.00314
4526,4,4,1,0.003449,0.001658,0.002027,0.000803,0.986136,0.001394,0.000672,0.000398,0.000195,0.003267
4527,4,4,1,0.002891,0.004849,0.002084,0.000734,0.977359,0.002469,0.000997,0.000715,0.000575,0.00733
4528,4,4,1,0.006492,0.004443,0.002803,0.003268,0.967708,0.00108,0.002872,0.002742,0.001958,0.006635
4529,4,4,1,0.003371,0.003759,0.001901,0.002226,0.978752,0.001207,0.002112,0.000516,0.000383,0.005774
4530,4,4,1,0.003067,0.004083,0.003683,0.003315,0.975906,0.001245,0.001242,0.001591,0.000742,0.005126
4531,4,4,1,0.007529,0.003411,0.005511,0.005832,0.935191,0.00846,0.002233,0.007111,0.005615,0.019107
4532,4,4,1,0.01257,0.007531,0.006224,0.003876,0.941706,0.006365,0.004913,0.002788,0.00118,0.012847
4533,4,4,1,1.4e-05,4e-06,1.3e-05,1.2e-05,0.9999,1.2e-05,3e-06,4e-06,7e-06,3.1e-05
4534,4,4,1,0.001093,0.001279,0.00276,0.001633,0.986018,0.001407,0.001175,0.000544,0.000666,0.003424
4535,4,4,1,0.00042,0.000546,0.000378,0.000215,0.997332,0.000245,4.9e-05,9.8e-05,0.000112,0.000605
4536,4,4,1,0.007157,0.001257,0.004493,0.001399,0.971365,0.003499,0.001601,0.002104,0.001402,0.005724
4537,4,4,1,0.000117,0.000132,4.7e-05,0.000102,0.999263,3.7e-05,2.2e-05,3.8e-05,3.5e-05,0.000208
4538,4,4,1,0.005596,0.005376,0.003095,0.002781,0.970423,0.002506,0.001182,0.001979,0.001597,0.005463
4539,4,4,1,0.013063,0.003748,0.007491,0.008015,0.921178,0.011362,0.007096,0.003356,0.004724,0.019967
4540,4,4,1,0.001969,0.001563,0.001075,0.000362,0.991752,0.000462,0.000385,0.000222,0.000395,0.001815
4541,4,4,1,0.003477,0.006456,0.005912,0.002182,0.964927,0.003583,0.001786,0.001576,0.00114,0.008961
4542,4,4,1,0.000631,0.000279,0.000391,0.000213,0.996122,0.000343,0.000169,0.000191,0.000159,0.001502
4543,4,4,1,0.012365,0.004326,0.009953,0.006028,0.938544,0.004726,0.005958,0.002087,0.002099,0.013913
4544,4,4,1,0.00456,0.01398,0.002812,0.004074,0.936523,0.003358,0.007929,0.003464,0.004203,0.019097
4545,4,4,1,1e-05,2.2e-05,1.4e-05,8e-06,0.9999,1e-05,6e-06,6e-06,5e-06,2e-05
4546,4,4,1,0.002439,0.000682,0.000667,0.001829,0.987441,0.00057,0.00066,0.001275,0.000602,0.003837
4547,4,4,1,0.003349,0.003083,0.005055,0.00323,0.965844,0.003048,0.00104,0.003745,0.0018,0.009805
4548,4,4,1,0.003681,0.008499,0.00436,0.001879,0.958018,0.00324,0.003299,0.002261,0.000931,0.013832
4549,4,4,1,0.003049,0.001325,0.001392,0.002208,0.984608,0.000408,0.000638,0.000906,0.0008,0.004666
4550,4,4,1,0.004094,0.002254,0.006045,0.002533,0.965531,0.002341,0.004075,0.002943,0.00143,0.008755
4551,4,4,1,0.014464,0.004125,0.007635,0.007136,0.939085,0.004199,0.002695,0.001761,0.002466,0.016435
4552,4,4,1,0.004622,0.018559,0.009957,0.009309,0.912388,0.004278,0.003634,0.002791,0.005493,0.028969
4553,4,4,1,0.003939,0.004245,0.005926,0.001265,0.968027,0.00207,0.001986,0.001929,0.002585,0.008028
4554,4,4,1,1e-05,6e-06,1.6e-05,4e-06,0.9999,1.5e-05,4e-06,5e-06,5e-06,3.5e-05
4555,4,4,1,0.014269,0.009608,0.01032,0.005416,0.926111,0.004917,0.003008,0.003307,0.005427,0.017617
4556,4,4,1,0.005576,0.002998,0.001709,0.001762,0.972509,0.001375,0.000967,0.000879,0.001715,0.01051
4557,4,4,1,0.005428,0.005246,0.011869,0.007422,0.929269,0.010156,0.003401,0.001397,0.002474,0.023338
4558,4,4,1,0.006833,0.002506,0.00386,0.003572,0.967057,0.002108,0.002082,0.00121,0.000937,0.009835
4559,4,4,1,0.01199,0.011423,0.014445,0.007176,0.917572,0.002586,0.007851,0.006339,0.00299,0.017628
4560,4,4,1,0.001508,0.001485,0.001138,0.00031,0.991489,0.000265,0.000453,0.000307,0.000506,0.002541
4561,4,4,1,0.000717,0.000771,0.000433,0.000925,0.994169,0.000202,0.00036,0.000152,0.000137,0.002134
4562,4,4,1,0.002416,0.006837,0.00569,0.003173,0.962559,0.001018,0.002786,0.001738,0.00343,0.010354
4563,4,4,1,0.000662,0.00052,0.00064,0.000277,0.995417,0.000377,0.000107,0.000378,0.000162,0.001461
4564,4,4,1,0.0007,0.001575,0.001564,0.000964,0.989221,0.001056,0.000838,0.000645,0.000795,0.002643
4565,4,4,1,0.003588,0.004376,0.003483,0.002157,0.978052,0.001907,0.001565,0.001016,0.0008,0.003056
4566,4,4,1,0.006492,0.00912,0.004634,0.004727,0.938045,0.00797,0.003898,0.00385,0.001695,0.019569
4567,4,4,1,0.016455,0.010737,0.002434,0.003267,0.931233,0.00395,0.004863,0.00189,0.004677,0.020493
4568,4,4,1,0.012727,0.011687,0.008943,0.003432,0.930982,0.001947,0.005724,0.003676,0.001167,0.019717
4569,4,4,1,1.9e-05,9e-06,1.1e-05,1.5e-05,0.9999,5e-06,1e-05,7e-06,4e-06,2.1e-05
4570,4,4,1,0.002334,0.003636,0.002502,0.000695,0.983026,0.001932,0.000531,0.000716,0.000495,0.004133
4571,4,4,1,0.005666,0.005278,0.003881,0.002399,0.959324,0.003277,0.003617,0.00267,0.002646,0.011242
4572,4,4,1,0.012834,0.010104,0.005406,0.004299,0.938951,0.005417,0.005629,0.001522,0.003567,0.012272
4573,4,4,1,0.006986,0.005399,0.004762,0.00265,0.962707,0.002866,0.002435,0.00165,0.002157,0.008389
4574,4,4,1,0.008782,0.004335,0.003654,0.008027,0.947953,0.003568,0.004539,0.003543,0.002264,0.013335
4575,4,4,1,2.2e-05,1e-05,1.4e-05,1.3e-05,0.9999,6e-06,4e-06,4e-06,4e-06,2.4e-05
4576,4,4,1,0.006603,0.003673,0.007503,0.008781,0.94607,0.004133,0.003086,0.003166,0.003163,0.013821
4577,4,4,1,0.021382,0.018588,0.005426,0.006063,0.898633,0.007899,0.006852,0.002926,0.006501,0.025729
4578,4,4,1,0.001904,0.001659,0.001646,0.001097,0.982108,0.002509,0.001162,0.00141,0.000528,0.005979
4579,4,4,1,0.014605,0.009446,0.002964,0.003738,0.940922,0.006852,0.003459,0.00419,0.003216,0.010608
4580,4,4,1,0.009039,0.003886,0.003219,0.004285,0.962725,0.002827,0.000708,0.002886,0.00158,0.008844
4581,4,4,1,0.018825,0.016701,0.005816,0.006915,0.911988,0.002704,0.003014,0.005861,0.006041,0.022136
4582,4,4,1,0.000844,0.000672,0.000387,0.00075,0.993252,0.000841,0.000229,0.000651,0.000338,0.002036
4583,4,4,1,0.013216,0.00904,0.006904,0.004889,0.946304,0.001796,0.003716,0.002625,0.001116,0.010395
4584,4,4,1,0.008432,0.007746,0.004918,0.002108,0.954481,0.00514,0.001085,0.003831,0.001529,0.01073
4585,4,4,1,0.005573,0.004529,0.003886,0.003939,0.954653,0.004851,0.003635,0.00463,0.002676,0.011629
4586,4,4,1,0.012538,0.010316,0.005097,0.007729,0.937587,0.00314,0.002664,0.001926,0.003675,0.015326
4587,4,4,1,0.01593,0.013642,0.003588,0.007475,0.921383,0.001949,0.002008,0.004638,0.0037,0.025686
4588,4,4,1,2.1e-05,1.8e-05,1.1e-05,4e-06,0.9999,3e-06,5e-06,2e-06,7e-06,2.9e-05
4589,4,4,1,1.1e-05,1.7e-05,9e-06,9e-06,0.9999,9e-06,7e-06,4e-06,3e-06,3.1e-05
4590,4,4,1,0.007966,0.00949,0.006323,0.005487,0.937481,0.007296,0.003177,0.002931,0.001059,0.018792
4591,4,4,1,0.015708,0.008466,0.018293,0.007335,0.902625,0.005925,0.004044,0.005828,0.002589,0.029187
4592,4,4,1,0.011437,0.007775,0.006367,0.008313,0.931828,0.005462,0.005944,0.005431,0.003707,0.013734
4593,4,4,1,0.005105,0.009277,0.006328,0.007924,0.930133,0.00444,0.003967,0.00177,0.004155,0.0269
4594,4,4,1,0.004959,0.003586,0.002106,0.004972,0.964319,0.001488,0.003022,0.001527,0.001963,0.012057
4595,4,4,1,0.000903,0.001147,0.002296,0.002376,0.985266,0.000734,0.000396,0.001234,0.000611,0.005036
4596,4,4,1,0.004625,0.001344,0.001675,0.004241,0.975305,0.002467,0.0012,0.001261,0.001357,0.006524
4597,4,4,1,6e-06,5e-06,8e-06,1.1e-05,0.9999,1.5e-05,1.2e-05,7e-06,3e-06,3.4e-05
4598,4,4,1,0.00367,0.00485,0.004375,0.004198,0.960085,0.002045,0.003938,0.003022,0.001714,0.012102
4599,4,4,1,0.002573,0.000485,0.000526,0.000909,0.989412,0.00086,0.001261,0.000991,0.000511,0.002472
4600,4,4,1,0.004516,0.004122,0.003224,0.001026,0.974736,0.002773,0.001216,0.000785,0.000501,0.007101
4601,4,4,1,0.010922,0.007933,0.012857,0.008258,0.918697,0.003044,0.002927,0.007691,0.003075,0.024595
4602,4,4,1,0.003354,0.007109,0.006827,0.002459,0.959421,0.002284,0.003004,0.003067,0.000969,0.011507
4603,4,4,1,0.00729,0.003643,0.003695,0.004534,0.966575,0.001385,0.001645,0.001656,0.001947,0.007631
4604,4,4,1,0.016583,0.013408,0.011434,0.002872,0.902946,0.01072,0.006458,0.003429,0.007477,0.024671
4605,4,4,1,0.01176,0.003914,0.00503,0.002626,0.952462,0.004038,0.004017,0.003712,0.001332,0.011108
4606,4,4,1,0.001834,0.002165,0.00113,0.000717,0.983054,0.000861,0.001127,0.001082,0.000643,0.007387
4607,4,4,1,0.005194,0.001684,0.004285,0.002098,0.967964,0.004045,0.001217,0.00196,0.002668,0.008884
4608,4,4,1,0.027122,0.009293,0.006315,0.007852,0.879144,0.014727,0.005435,0.007979,0.010378,0.031755
4609,4,4,1,0.004111,0.000739,0.001401,0.001703,0.982736,0.00158,0.001452,0.001163,0.000275,0.004841
4610,4,4,1,0.008445,0.006842,0.009445,0.0046,0.94331,0.001529,0.00228,0.004258,0.003372,0.015919
4611,4,4,1,0.01385,0.008471,0.003499,0.004329,0.936356,0.008162,0.003556,0.003754,0.004493,0.013529
4612,4,4,1,1.1e-05,1.6e-05,9e-06,6e-06,0.9999,1.2e-05,7e-06,6e-06,5e-06,2.8e-05
4613,4,4,1,0.00364,0.005061,0.00462,0.005863,0.957806,0.003578,0.001244,0.004191,0.002927,0.011071
4614,4,4,1,0.007719,0.002168,0.001415,0.002308,0.962931,0.004665,0.002481,0.001804,0.003103,0.011406
4615,4,4,1,0.010689,0.006539,0.009043,0.00568,0.9302,0.004665,0.007135,0.004256,0.003062,0.018731
4616,4,4,1,0.003969,0.007845,0.005153,0.004123,0.963713,0.003695,0.00207,0.001013,0.000643,0.007775
4617,4,4,1,0.011031,0.006311,0.002611,0.006508,0.938905,0.001949,0.002133,0.002607,0.004365,0.02358
4618,4,4,1,0.006051,0.005303,0.006671,0.004556,0.960068,0.002912,0.003098,0.001373,0.00221,0.007758
4619,4,4,1,0.001942,0.001623,0.001625,0.001829,0.983001,0.001734,0.001399,0.000395,0.000425,0.006025
4620,4,4,1,0.002022,0.006419,0.001635,0.00217,0.970217,0.004208,0.003045,0.000767,0.001072,0.008445
4621,4,4,1,0.003048,0.002832,0.001623,0.00296,0.978421,0.001583,0.001463,0.001979,0.000418,0.005673
4622,4,4,1,0.00579,0.00419,0.003762,0.002673,0.972796,0.000965,0.000966,0.000866,0.000925,0.007067
4623,4,4,1,0.017082,0.009482,0.010458,0.00188,0.928147,0.005282,0.002803,0.002837,0.002836,0.019194
4624,4,4,1,0.013427,0.008992,0.003398,0.006034,0.937625,0.006602,0.004617,0.002371,0.003324,0.013611
4625,4,4,1,0.001967,0.000873,0.001027,0.001631,0.981491,0.002306,0.002543,0.002026,0.001396,0.004739
4626,4,4,1,0.007547,0.004175,0.004983,0.011066,0.939001,0.004117,0.006656,0.002749,0.002678,0.017029
4627,4,4,1,0.004847,0.015476,0.011965,0.004233,0.922714,0.008229,0.003452,0.007148,0.003093,0.018844
4628,4,4,1,0.005407,0.001554,0.003795,0.003962,0.970769,0.002215,0.00104,0.002782,0.001947,0.00653
4629,4,4,1,0.00141,0.001973,0.001469,0.001692,0.980659,0.001183,0.002617,0.001603,0.001591,0.005805
4630,4,4,1,0.014144,0.003907,0.011894,0.006657,0.933812,0.003981,0.00511,0.001034,0.003672,0.015788
4631,4,4,1,4.9e-05,6e-05,2.1e-05,4.7e-05,0.999676,2.2e-05,3e-05,1.3e-05,9e-06,7.2e-05
4632,4,4,1,1e-05,5e-06,1.6e-05,1.2e-05,0.9999,9e-06,1e-05,2e-06,7e-06,3e-05
4633,4,4,1,0.002865,0.003746,0.002138,0.000572,0.981766,0.001062,0.001859,0.001221,0.000637,0.004134
4634,4,4,1,0.006444,0.002349,0.007135,0.004565,0.950544,0.002003,0.006453,0.003987,0.003374,0.013146
4635,4,4,1,0.003833,0.004157,0.001559,0.001725,0.972791,0.0008,0.001116,0.002201,0.001486,0.010332
4636,4,4,1,0.006804,0.002726,0.005076,0.001385,0.967054,0.000903,0.001831,0.002624,0.000722,0.010874
4637,4,4,1,2.5e-05,1.5e-05,1.2e-05,4e-06,0.9999,7e-06,9e-06,2e-06,4e-06,2.2e-05
4638,4,4,1,0.009969,0.006591,0.00477,0.005254,0.954769,0.001827,0.001755,0.002956,0.002137,0.009972
4639,4,4,1,0.009537,0.006045,0.001988,0.002849,0.960115,0.001071,0.002137,0.001997,0.002735,0.011525
4640,4,4,1,0.011506,0.006011,0.003301,0.005768,0.940983,0.005559,0.00334,0.004926,0.003659,0.014948
4641,4,4,1,0.01502,0.017589,0.016443,0.012592,0.891567,0.007901,0.006629,0.006599,0.002348,0.023312
4642,4,4,1,7e-06,1.5e-05,1.2e-05,1.4e-05,0.9999,8e-06,7e-06,3e-06,8e-06,2.7e-05
4643,4,4,1,0.007531,0.001278,0.005006,0.002103,0.968365,0.001352,0.003215,0.001694,0.001615,0.007841
4644,4,4,1,0.009859,0.005643,0.004737,0.005194,0.955347,0.003387,0.002655,0.00268,0.001622,0.008876
4645,4,4,1,0.005305,0.007354,0.005252,0.001212,0.959459,0.003002,0.001998,0.003675,0.001038,0.011706
4646,4,4,1,0.010859,0.002542,0.00437,0.003514,0.939015,0.002774,0.005792,0.005535,0.00357,0.022029
4647,4,4,1,1.5e-05,1.8e-05,4e-06,1e-05,0.9999,1.2e-05,7e-06,2e-06,4e-06,2.7e-05
4648,4,4,1,6e-06,1.2e-05,1.9e-05,1.5e-05,0.9999,1.1e-05,9e-06,3e-06,1e-06,2.4e-05
4649,4,4,1,0.006173,0.00422,0.005821,0.004577,0.952434,0.003989,0.003937,0.001099,0.001945,0.015805
4650,4,4,1,0.005058,0.001027,0.002691,0.002798,0.975425,0.002143,0.000718,0.001605,0.001492,0.007043
4651,4,4,1,0.017312,0.005673,0.006104,0.01304,0.906183,0.010413,0.006095,0.003024,0.005988,0.026168
4652,4,4,1,0.011983,0.010036,0.011066,0.008211,0.931005,0.001842,0.004595,0.005239,0.002131,0.013892
4653,4,4,1,0.01064,0.010081,0.014556,0.006514,0.920636,0.006186,0.003745,0.003831,0.003192,0.02062
4654,4,4,1,0.000506,0.000867,0.001887,0.00137,0.99079,0.000927,0.000324,0.0006,0.000178,0.002552
4655,4,4,1,0.000636,0.000772,0.000556,0.00026,0.995003,0.000322,0.000607,0.000437,8.7e-05,0.00132
4656,4,4,1,0.003365,0.001589,0.001375,0.001813,0.984087,0.000716,0.000406,0.000835,0.001224,0.00459
4657,4,4,1,0.003748,0.009587,0.00327,0.003943,0.952962,0.002068,0.00186,0.005601,0.002144,0.014818
4658,4,4,1,0.006628,0.002255,0.0022,0.004463,0.954237,0.00411,0.006315,0.001927,0.004137,0.013728
4659,4,4,1,0.019786,0.024372,0.006876,0.007692,0.872901,0.010849,0.003329,0.007686,0.009826,0.036683
4660,4,4,1,1.4e-05,1.8e-05,1.5e-05,1e-05,0.9999,8e-06,6e-06,4e-06,5e-06,1.9e-05
4661,4,4,1,0.006711,0.00274,0.004178,0.003592,0.967016,0.003122,0.001996,0.001321,0.001877,0.007448
4662,4,4,1,0.004365,0.008157,0.004331,0.004134,0.954083,0.004878,0.003542,0.003303,0.003094,0.010113
4663,4,4,1,0.007753,0.007165,0.005683,0.003786,0.961928,0.000741,0.002157,0.001873,0.001549,0.007365
4664,4,4,1,0.006217,0.003329,0.002063,0.003346,0.971076,0.001822,0.001001,0.002276,0.001398,0.007472
4665,4,4,1,0.006237,0.011246,0.003582,0.008292,0.942149,0.001566,0.004642,0.003542,0.001035,0.017711
4666,4,4,1,0.002597,0.005769,0.007973,0.003734,0.952522,0.002806,0.002938,0.004603,0.0035,0.013559
4667,4,4,1,0.005231,0.003568,0.005659,0.005698,0.96177,0.001666,0.001278,0.001001,0.002038,0.012092
4668,4,4,1,0.002969,0.000836,0.002836,0.001215,0.983219,0.000739,0.001187,0.001691,0.001308,0.004001
4669,4,4,1,0.021839,0.01284,0.012453,0.006886,0.909508,0.008439,0.005791,0.004443,0.001809,0.015992
4670,4,4,1,1.8e-05,1.5e-05,1.1e-05,1.1e-05,0.9999,9e-06,8e-06,2e-06,2e-06,2.5e-05
4671,4,4,1,0.007841,0.003014,0.00584,0.010578,0.936489,0.002247,0.008372,0.004772,0.004289,0.016556
4672,4,4,1,0.001833,0.003386,0.003994,0.002602,0.973815,0.000721,0.002132,0.000794,0.002647,0.008077
4673,4,4,1,0.008605,0.005448,0.004426,0.003914,0.952696,0.002406,0.002779,0.001323,0.001481,0.016923
4674,4,4,1,0.010399,0.003438,0.002295,0.008407,0.94245,0.00783,0.003949,0.003295,0.002451,0.015486
4675,4,4,1,0.004028,0.005152,0.002331,0.00201,0.969905,0.003767,0.001537,0.001932,0.001048,0.008292
4676,4,4,1,0.011665,0.005871,0.00421,0.003725,0.934156,0.005728,0.008144,0.004178,0.004842,0.01748
4677,4,4,1,0.008592,0.005882,0.004949,0.005788,0.951736,0.00429,0.003087,0.001061,0.002562,0.012053
4678,4,4,1,0.004614,0.009456,0.004197,0.005529,0.943885,0.006973,0.001773,0.004367,0.001025,0.01818
4679,4,4,1,0.004485,0.004127,0.004212,0.002434,0.974074,0.002232,0.00179,0.000799,0.001457,0.004391
4680,4,4,1,0.000798,0.001016,0.000893,0.000284,0.993665,0.000206,0.00035,0.000648,0.000172,0.00197
4681,4,4,1,0.003157,0.001759,0.00217,0.001128,0.98369,0.001967,0.001053,0.00097,0.000769,0.003338
4682,4,4,1,0.011587,0.006549,0.003985,0.004225,0.94505,0.006717,0.00542,0.003512,0.002419,0.010537
4683,4,4,1,0.01291,0.008768,0.004658,0.004685,0.94429,0.005006,0.001327,0.00356,0.002897,0.011898
4684,4,4,1,0.015693,0.005284,0.013267,0.006786,0.924664,0.002113,0.007672,0.004359,0.001877,0.018284
4685,4,4,1,0.00319,0.001081,0.00151,0.001016,0.986494,0.000767,0.000924,0.000946,0.000963,0.003109
4686,4,4,1,0.019052,0.015182,0.004713,0.006271,0.91852,0.003951,0.006147,0.0018,0.003286,0.021076
4687,4,4,1,0.00506,0.002384,0.005073,0.005407,0.960319,0.002138,0.003403,0.001738,0.001597,0.012881
4688,4,4,1,0.007185,0.004753,0.004869,0.005754,0.943942,0.005721,0.006665,0.001783,0.004246,0.015081
4689,4,4,1,0.00369,0.008925,0.006396,0.005552,0.947911,0.00444,0.002763,0.003155,0.001388,0.015779
4690,4,4,1,0.00166,0.001165,0.003615,0.001383,0.981789,0.000719,0.00178,0.001895,0.000971,0.005022
4691,4,4,1,0.00196,0.002897,0.000837,0.000412,0.98629,0.001593,0.001049,0.001215,0.000743,0.003002
4692,4,4,1,0.006247,0.007721,0.007101,0.001909,0.953746,0.00303,0.003486,0.002568,0.001649,0.012542
4693,4,4,1,2e-05,1.1e-05,6e-06,9e-06,0.9999,3e-06,4e-06,6e-06,7e-06,3.4e-05
4694,4,4,1,0.005857,0.007255,0.008511,0.007748,0.94264,0.001439,0.00145,0.005299,0.002731,0.017071
4695,4,4,1,0.010869,0.00909,0.009228,0.004271,0.941748,0.00332,0.00337,0.002779,0.001119,0.014205
4696,4,4,1,0.005301,0.00775,0.007269,0.00849,0.938187,0.002947,0.005149,0.003938,0.003721,0.017247
4697,4,4,1,0.010435,0.002718,0.003368,0.002254,0.95357,0.005952,0.004573,0.00271,0.001063,0.013357
4698,4,4,1,0.002071,0.001499,0.000626,0.000732,0.990837,0.000805,0.000414,0.000397,0.000554,0.002066
4699,4,4,1,0.005005,0.011946,0.009084,0.003285,0.928239,0.007674,0.003775,0.006359,0.00549,0.019143
4700,4,4,1,0.018214,0.010886,0.011001,0.006053,0.91989,0.006128,0.006627,0.002389,0.001883,0.01693
4701,4,4,1,0.009448,0.011192,0.001945,0.002494,0.941685,0.004711,0.001845,0.006065,0.00507,0.015545
4702,4,4,1,0.007829,0.00809,0.005376,0.008692,0.938371,0.005389,0.005686,0.001424,0.002683,0.016458
4703,4,4,1,0.010733,0.015118,0.018402,0.003098,0.897076,0.008627,0.008516,0.002143,0.007636,0.028651
4704,4,4,1,0.002589,0.000881,0.001715,0.001774,0.986841,0.000634,0.000386,0.000899,0.000547,0.003734
4705,4,4,1,0.010615,0.006027,0.003983,0.007374,0.934136,0.005412,0.003257,0.0022,0.003596,0.023401
4706,4,4,1,0.004086,0.002629,0.003945,0.006909,0.946166,0.004604,0.004241,0.006804,0.001211,0.019404
4707,4,4,1,0.000532,0.000494,0.001507,0.000418,0.989891,0.001602,0.001237,0.00088,0.000524,0.002916
4708,4,4,1,0.000872,0.003894,0.001784,0.000876,0.982599,0.002438,0.001681,0.001155,0.000827,0.003874
4709,4,4,1,0.008084,0.005603,0.004443,0.001258,0.960984,0.003948,0.001382,0.002014,0.000765,0.011519
4710,4,4,1,0.00673,0.004346,0.001858,0.001687,0.966804,0.004172,0.002421,0.001506,0.001881,0.008596
4711,4,4,1,0.004037,0.005463,0.00248,0.008013,0.951638,0.005372,0.005637,0.004313,0.000808,0.01224
4712,4,4,1,2.3e-05,1.1e-05,5e-06,1.1e-05,0.9999,1.1e-05,7e-06,4e-06,6e-06,2.2e-05
4713,4,4,1,0.003168,0.005818,0.002815,0.004309,0.960854,0.005077,0.001998,0.001333,0.003312,0.011316
4714,4,4,1,0.00637,0.004586,0.002484,0.002599,0.9722,0.002036,0.001169,0.000579,0.001371,0.006605
4715,4,4,1,0.000463,0.000359,0.000343,0.000134,0.997735,0.000212,0.000114,9e-05,0.000134,0.000416
4716,4,4,1,0.00063,0.000998,0.000811,0.00079,0.993854,0.000203,0.000372,0.000427,0.000106,0.001809
4717,4,4,1,0.007679,0.013816,0.006751,0.003569,0.932783,0.006714,0.002293,0.003481,0.002392,0.020523
4718,4,4,1,0.004814,0.015295,0.010799,0.010196,0.921615,0.00641,0.001942,0.004154,0.002863,0.021912
4719,4,4,1,0.011406,0.009265,0.00368,0.006498,0.937239,0.007445,0.004234,0.003968,0.001125,0.015141
4720,4,4,1,0.008085,0.009111,0.005505,0.004915,0.948923,0.001741,0.003807,0.002735,0.001783,0.013397
4721,4,4,1,0.002962,0.002573,0.002024,0.00197,0.98067,0.000574,0.000543,0.001943,0.000904,0.005836
4722,4,4,1,0.021808,0.008061,0.009401,0.002726,0.910633,0.010756,0.00664,0.007417,0.004864,0.017692
4723,4,4,1,0.009196,0.00871,0.004728,0.007221,0.943054,0.00179,0.005837,0.002084,0.0016,0.015781
4724,4,4,1,0.00417,0.003692,0.002271,0.006097,0.963532,0.001533,0.002222,0.003525,0.002456,0.010503
4725,4,4,1,0.0105,0.013062,0.009097,0.009813,0.91581,0.006652,0.004729,0.005156,0.001326,0.023854
4726,4,4,1,0.000537,0.000209,0.000236,0.000514,0.996696,0.000189,0.000142,0.000257,0.0003,0.00092
4727,4,4,1,0.001277,0.001562,0.000522,0.00066,0.988075,0.001836,0.000444,0.00106,0.000587,0.003977
4728,4,4,1,0.008697,0.007187,0.008371,0.00935,0.922103,0.0054,0.009426,0.005534,0.005493,0.018439
4729,4,4,1,0.02018,0.011363,0.008993,0.007397,0.90723,0.004419,0.009279,0.001895,0.005475,0.023768
4730,4,4,1,0.005974,0.004525,0.005255,0.001153,0.967511,0.003224,0.000758,0.002242,0.002021,0.007339
4731,4,4,1,0.00086,0.00138,0.00071,0.001154,0.991394,0.000298,0.000222,0.000409,0.000732,0.00284
4732,4,4,1,0.002078,0.002409,0.004219,0.00213,0.976643,0.001488,0.001102,0.002451,0.00161,0.005871
4733,4,4,1,0.008724,0.005405,0.004198,0.003961,0.964899,0.002816,0.001256,0.002111,0.000809,0.005821
4734,4,4,1,0.007624,0.006881,0.008508,0.006134,0.949768,0.002573,0.003609,0.002015,0.001635,0.011252
4735,4,4,1,0.006719,0.003074,0.002696,0.002668,0.972816,0.001347,0.002613,0.001167,0.000654,0.006247
4736,4,4,1,0.002687,0.002571,0.001756,0.00336,0.977693,0.001166,0.001496,0.001409,0.000607,0.007255
4737,4,4,1,0.003515,0.005362,0.003827,0.002301,0.965905,0.000978,0.00387,0.002676,0.001299,0.010268
4738,4,4,1,1.3e-05,1.8e-05,1e-05,8e-06,0.9999,1.2e-05,7e-06,7e-06,4e-06,2.1e-05
4739,4,4,1,0.005084,0.00452,0.001848,0.003363,0.969758,0.003411,0.001475,0.001827,0.001003,0.00771
4740,4,4,1,0.006731,0.002594,0.00301,0.007061,0.956547,0.004319,0.002127,0.00305,0.002518,0.012043
4741,4,4,1,0.004724,0.003832,0.002513,0.000692,0.978473,0.0005,0.000663,0.001623,0.000965,0.006014
4742,4,4,1,0.007416,0.003435,0.005155,0.002978,0.965278,0.003847,0.002654,0.001422,0.001334,0.006481
4743,4,4,1,0.008881,0.013846,0.003954,0.005034,0.935503,0.006685,0.00376,0.005579,0.001527,0.015231
4744,4,4,1,0.009489,0.015483,0.007693,0.003829,0.925917,0.005681,0.002115,0.005255,0.001672,0.022866
4745,4,4,1,0.018546,0.011083,0.010437,0.004941,0.920914,0.008299,0.00292,0.004224,0.002943,0.015693
4746,4,4,1,0.002685,0.001991,0.003032,0.002889,0.979787,0.00134,0.001348,0.000397,0.001356,0.005175
4747,4,4,1,2.2e-05,7e-06,4e-06,1.7e-05,0.9999,3e-06,5e-06,9e-06,4e-06,2.9e-05
4748,4,4,1,0.002748,0.002073,0.000913,0.000862,0.986912,0.000802,0.001152,0.001082,0.000465,0.00299
4749,4,4,1,0.000856,0.001082,0.001211,0.000774,0.992507,0.000475,0.000211,0.000164,0.000418,0.002302
4750,4,4,1,0.012296,0.008943,0.003774,0.005754,0.940385,0.003214,0.002159,0.002282,0.004211,0.016982
4751,4,4,1,0.003455,0.00505,0.002134,0.001972,0.966234,0.002622,0.00284,0.003812,0.001024,0.010855
4752,4,4,1,0.004772,0.004787,0.008015,0.004744,0.927152,0.009595,0.004257,0.003357,0.00235,0.03097
4753,4,4,1,2.1e-05,1.3e-05,1e-05,7e-06,0.9999,4e-06,9e-06,3e-06,2e-06,3.1e-05
4754,4,4,1,0.002415,0.006229,0.002203,0.007703,0.957382,0.001217,0.004028,0.002765,0.001549,0.014508
4755,4,4,1,1.1e-05,8e-06,9e-06,1e-05,0.9999,5e-06,1.4e-05,1e-05,4e-06,2.9e-05
4756,4,4,1,0.002242,0.001682,0.002738,0.002046,0.981822,0.001596,0.001256,0.001579,0.00029,0.00475
4757,4,4,1,0.003839,0.003346,0.004685,0.006555,0.954415,0.001837,0.0047,0.004977,0.001495,0.014152
4758,4,4,1,0.011032,0.011707,0.009803,0.010218,0.923902,0.004106,0.003001,0.005217,0.003821,0.017193
4759,4,4,1,1.6e-05,7e-06,5e-06,1.6e-05,0.9999,4e-06,1e-05,4e-06,4e-06,3.3e-05
4760,4,4,1,0.01017,0.020601,0.016399,0.012592,0.8996,0.008556,0.007357,0.001461,0.00305,0.020213
4761,4,4,1,0.001877,0.001964,0.002366,0.001202,0.971293,0.0022,0.003461,0.003637,0.000925,0.011078
4762,4,4,1,0.006062,0.003729,0.008622,0.009919,0.932093,0.005294,0.007163,0.006672,0.00374,0.016706
4763,4,4,1,0.000737,0.000877,0.000759,0.000537,0.992143,0.000614,0.000697,0.000564,0.000248,0.002823
4764,4,4,1,0.006734,0.004772,0.004659,0.003225,0.958625,0.003564,0.001082,0.002064,0.001862,0.013413
4765,4,4,1,0.003741,0.001441,0.003178,0.001004,0.980547,0.001563,0.001212,0.00179,0.001347,0.004177
4766,4,4,1,0.010716,0.00582,0.005338,0.006048,0.935288,0.008528,0.001561,0.003765,0.00259,0.020346
4767,4,4,1,0.002734,0.00385,0.002164,0.003033,0.976556,0.001787,0.002006,0.001391,0.001293,0.005187
4768,4,4,1,0.013294,0.009584,0.004973,0.005886,0.943826,0.004316,0.001388,0.001512,0.001642,0.013578
4769,4,4,1,0.003564,0.005631,0.003225,0.004751,0.939006,0.002753,0.002916,0.002191,0.004888,0.031075
4770,4,4,1,0.006504,0.01893,0.008503,0.005787,0.907274,0.008923,0.00892,0.007362,0.001895,0.025902
4771,4,4,1,0.006869,0.010741,0.009685,0.008585,0.937691,0.002135,0.003148,0.001622,0.00154,0.017983
4772,4,4,1,0.005107,0.004393,0.001007,0.000634,0.976916,0.00244,0.001684,0.001845,0.000655,0.005319
4773,4,4,1,0.001121,0.002579,0.000851,0.001034,0.985829,0.000468,0.000782,0.00056,0.001291,0.005486
4774,4,4,1,0.002014,0.003809,0.003538,0.002731,0.973455,0.002665,0.001214,0.001027,0.000595,0.008952
4775,4,4,1,0.006475,0.004762,0.001901,0.006048,0.961278,0.002288,0.00348,0.002352,0.002793,0.008623
4776,4,4,1,2.5e-05,7e-06,7e-06,1.2e-05,0.9999,8e-06,5e-06,5e-06,4e-06,2.7e-05
4777,4,4,1,6e-06,1.9e-05,1.5e-05,1.4e-05,0.9999,8e-06,5e-06,5e-06,3e-06,2.4e-05
4778,4,4,1,0.004376,0.007198,0.013333,0.003559,0.913684,0.003514,0.00539,0.01155,0.004687,0.032709
4779,4,4,1,8e-06,2.2e-05,1.6e-05,1e-05,0.9999,5e-06,6e-06,6e-06,4e-06,2.3e-05
4780,4,4,1,0.022577,0.011813,0.012587,0.006773,0.89048,0.011842,0.00807,0.005897,0.005739,0.024223
4781,4,4,1,0.007933,0.002463,0.004916,0.001752,0.964425,0.002039,0.003941,0.001018,0.001219,0.010294
4782,4,4,1,0.002712,0.002331,0.004065,0.00208,0.968904,0.003074,0.003489,0.001193,0.002889,0.009263
4783,4,4,1,0.002841,0.004246,0.001645,0.002717,0.975314,0.000736,0.000986,0.002146,0.001914,0.007455
4784,4,4,1,0.005916,0.003965,0.003165,0.002038,0.976084,0.002206,0.000728,0.000498,0.000636,0.004765
4785,4,4,1,0.004843,0.009101,0.003648,0.008787,0.940999,0.004162,0.005267,0.003583,0.004213,0.015397
4786,4,4,1,0.007227,0.015422,0.009505,0.002485,0.924197,0.005475,0.0029,0.007971,0.004674,0.020145
4787,4,4,1,0.005012,0.012309,0.004099,0.00418,0.943889,0.002726,0.00329,0.005237,0.003765,0.015494
4788,4,4,1,0.003904,0.002273,0.00251,0.001919,0.979786,0.001994,0.000502,0.001644,0.001286,0.004182
4789,4,4,1,0.002686,0.004603,0.002379,0.007071,0.950565,0.003387,0.004756,0.003002,0.002567,0.018984
4790,4,4,1,0.01575,0.027013,0.006787,0.007146,0.867729,0.014331,0.005403,0.002856,0.002697,0.05029
4791,4,4,1,0.006054,0.008888,0.004869,0.004312,0.954912,0.002321,0.004011,0.001884,0.001801,0.010947
4792,4,4,1,0.009766,0.014223,0.003993,0.008518,0.91863,0.008884,0.008667,0.003447,0.002927,0.020946
4793,4,4,1,0.005018,0.005332,0.003413,0.003176,0.968872,0.001105,0.002864,0.002278,0.001446,0.006495
4794,4,4,1,0.003089,0.007007,0.00643,0.004267,0.959369,0.003796,0.003665,0.000875,0.000829,0.010673
4795,4,4,1,0.012298,0.012493,0.009488,0.003958,0.933012,0.003798,0.004508,0.005023,0.001212,0.01421
4796,4,4,1,0.013186,0.006715,0.007793,0.007059,0.942488,0.004904,0.004284,0.002684,0.001782,0.009105
4797,4,4,1,0.007453,0.003427,0.005099,0.011038,0.932515,0.003404,0.003996,0.006717,0.005322,0.02103
4798,4,4,1,0.003087,0.002042,0.003431,0.001343,0.977305,0.003143,0.001706,0.000866,0.000666,0.006412
4799,4,4,1,0.009476,0.006219,0.006164,0.004474,0.957638,0.003991,0.001102,0.000703,0.000817,0.009416
4800,4,4,1,0.005665,0.001257,0.001272,0.003503,0.97289,0.003656,0.001842,0.001786,0.000456,0.007674
4801,4,4,1,0.013916,0.009057,0.003614,0.008089,0.940209,0.001648,0.005808,0.001461,0.001987,0.014211
4802,4,4,1,0.004626,0.005467,0.004666,0.004173,0.955998,0.003434,0.003897,0.003257,0.001565,0.012917
4803,4,4,1,0.007554,0.011125,0.017251,0.005354,0.90862,0.007181,0.007802,0.001966,0.005132,0.028015
4804,4,4,1,0.008793,0.00258,0.00363,0.006474,0.95528,0.00251,0.004235,0.002052,0.002473,0.011972
4805,4,4,1,0.009681,0.005967,0.005277,0.010252,0.911563,0.006383,0.008511,0.002286,0.004244,0.035836
4806,4,4,1,0.016068,0.014908,0.003586,0.004525,0.911511,0.004371,0.002895,0.009186,0.003581,0.02937
4807,4,4,1,0.011207,0.014273,0.00457,0.006516,0.931663,0.001692,0.007265,0.00246,0.004633,0.01572
4808,4,4,1,0.004242,0.004735,0.002199,0.00457,0.970059,0.000923,0.002789,0.001301,0.000476,0.008706
4809,4,4,1,0.0023,0.0062,0.003894,0.003455,0.966,0.001049,0.002275,0.003027,0.00164,0.01016
4810,4,4,1,0.002492,0.002224,0.001852,0.00416,0.975912,0.001555,0.00064,0.001342,0.001013,0.008809
4811,4,4,1,0.006128,0.010499,0.003842,0.004859,0.919706,0.006516,0.004654,0.005591,0.00271,0.035494
4812,4,4,1,0.011024,0.005011,0.007046,0.00354,0.952369,0.001455,0.001791,0.002202,0.001378,0.014185
4813,4,4,1,0.00196,0.003231,0.003929,0.002414,0.972912,0.001791,0.002427,0.002729,0.001933,0.006673
4814,4,4,1,0.002779,0.005953,0.001208,0.001792,0.970147,0.004156,0.00122,0.000655,0.000955,0.011135
4815,4,4,1,0.003111,0.002022,0.002646,0.000918,0.984184,0.001388,0.000489,0.001233,0.00064,0.003368
4816,4,4,1,0.017613,0.009685,0.0104,0.005822,0.911015,0.010868,0.007352,0.003583,0.001652,0.022009
4817,4,4,1,0.001034,0.004364,0.002782,0.001956,0.980487,0.000914,0.000549,0.001775,0.001514,0.004625
4818,4,4,1,1e-05,6e-06,1.8e-05,1.1e-05,0.9999,8e-06,4e-06,8e-06,6e-06,2.8e-05
4819,4,4,1,0.013388,0.003086,0.00827,0.002425,0.943818,0.005517,0.004899,0.001617,0.002618,0.014362
4820,4,4,1,0.001566,0.004299,0.004029,0.001426,0.976045,0.001011,0.001409,0.00181,0.000921,0.007485
4821,4,4,1,0.006969,0.003117,0.00654,0.004429,0.940004,0.0033,0.003513,0.007626,0.003349,0.021152
4822,4,4,1,0.008908,0.005907,0.003125,0.003121,0.935201,0.005111,0.009288,0.002471,0.004786,0.022084
4823,4,4,1,0.004389,0.011847,0.00324,0.003901,0.943097,0.001805,0.004289,0.003954,0.004074,0.019404
4824,4,4,1,0.005238,0.002008,0.004415,0.003847,0.963049,0.004892,0.00166,0.000905,0.002405,0.011581
4825,4,4,1,0.000999,0.001163,0.001621,0.001505,0.989444,0.000494,0.000947,0.000266,0.000431,0.003129
4826,4,4,1,0.004211,0.004463,0.005493,0.002322,0.951068,0.006232,0.004681,0.001146,0.002838,0.017546
4827,4,4,1,0.010935,0.002704,0.006583,0.002811,0.955354,0.001587,0.001564,0.003303,0.003408,0.011753
4828,4,4,1,2.3e-05,1e-05,1.1e-05,1.1e-05,0.9999,1.1e-05,7e-06,1e-06,3e-06,2.2e-05
4829,4,4,1,0.004401,0.003399,0.003181,0.001106,0.976171,0.002126,0.0023,0.001065,0.001436,0.004816
4830,4,4,1,0.006867,0.003557,0.005255,0.001629,0.966487,0.003456,0.002156,0.002585,0.000471,0.007537
4831,4,4,1,0.001253,0.001115,0.001847,0.000754,0.990228,0.001001,0.000449,0.000181,0.000568,0.002604
4832,4,4,1,0.013181,0.008002,0.002128,0.003085,0.943739,0.003978,0.004514,0.00261,0.003534,0.015227
4833,4,4,1,0.010418,0.007785,0.002501,0.010182,0.938026,0.007544,0.005373,0.004281,0.00156,0.012329
4834,4,4,1,0.000582,0.000306,0.000341,0.000385,0.994594,0.00024,0.000212,0.000176,0.000272,0.002893
4835,4,4,1,0.003825,0.004273,0.002321,0.000653,0.978409,0.001365,0.001522,0.001545,0.000919,0.005168
4836,4,4,1,0.007449,0.005631,0.004,0.004039,0.956755,0.003805,0.001784,0.003597,0.000889,0.01205
4837,4,4,1,0.014446,0.014621,0.018144,0.003924,0.895687,0.003923,0.007174,0.005798,0.004509,0.031774
4838,4,4,1,2.1e-05,8e-06,1.5e-05,7e-06,0.9999,1.1e-05,8e-06,2e-06,6e-06,2.2e-05
4839,4,4,1,0.007213,0.012481,0.008872,0.007111,0.940332,0.004178,0.001198,0.002935,0.003366,0.012314
4840,4,4,1,0.021866,0.004292,0.008794,0.006104,0.908651,0.006833,0.009564,0.007677,0.003786,0.022432
4841,4,4,1,1.2e-05,8e-06,1.7e-05,1.5e-05,0.9999,1.1e-05,4e-06,6e-06,7e-06,2.1e-05
4842,4,4,1,0.014241,0.006852,0.005998,0.002781,0.939865,0.004286,0.001531,0.005263,0.001058,0.018125
4843,4,4,1,0.005824,0.002264,0.00157,0.001496,0.960784,0.004961,0.004861,0.000932,0.001392,0.015915
4844,4,4,1,0.007572,0.003675,0.004131,0.003501,0.964375,0.002769,0.00167,0.002349,0.001563,0.008395
4845,4,4,1,2.1e-05,6e-06,1e-05,4e-06,0.9999,3e-06,1.3e-05,4e-06,4e-06,3.5e-05
4846,4,4,1,0.012362,0.00511,0.007795,0.00788,0.940229,0.003454,0.001506,0.005237,0.001286,0.015142
4847,4,4,1,0.010187,0.010877,0.006232,0.006093,0.945782,0.001592,0.001364,0.002111,0.003249,0.012513
4848,4,4,1,0.001781,0.002457,0.003385,0.001171,0.978765,0.002239,0.002247,0.001054,0.00134,0.005561
4849,4,4,1,0.018386,0.021154,0.013516,0.009563,0.889867,0.006016,0.006284,0.004583,0.003064,0.027567
4850,4,4,1,0.0001,8.6e-05,0.000148,0.000181,0.998929,6.7e-05,0.00011,9.2e-05,4.5e-05,0.000242
4851,4,4,1,0.003873,0.006575,0.005642,0.003877,0.954569,0.00527,0.002236,0.001814,0.00317,0.012973
4852,4,4,1,0.00293,0.002645,0.001107,0.001378,0.98561,0.000363,0.001455,0.000281,0.00049,0.00374
4853,4,4,1,0.009027,0.013886,0.007704,0.00511,0.923426,0.005247,0.003318,0.005027,0.00255,0.024704
4854,4,4,1,0.002206,0.003207,0.008526,0.00229,0.958538,0.003721,0.005107,0.001942,0.003173,0.011291
4855,4,4,1,1.1e-05,1.7e-05,1.3e-05,7e-06,0.9999,1.1e-05,9e-06,3e-06,6e-06,2.3e-05
4856,4,4,1,0.003425,0.009874,0.009271,0.002632,0.93271,0.002271,0.00952,0.004104,0.002972,0.023222
4857,4,4,1,0.006,0.002841,0.003261,0.002736,0.973583,0.000879,0.001326,0.001259,0.001302,0.006813
4858,4,4,1,0.00839,0.003092,0.00494,0.001333,0.960723,0.003913,0.003423,0.002486,0.000627,0.011075
4859,4,4,1,0.005893,0.009094,0.005983,0.006229,0.938945,0.007822,0.005189,0.002614,0.00437,0.013862
4860,4,4,1,0.012186,0.016641,0.00544,0.006958,0.921193,0.009369,0.002186,0.005003,0.004388,0.016636
4861,4,4,1,0.001961,0.000516,0.000877,0.001043,0.992083,0.000786,0.000325,0.000571,0.0001,0.001739
4862,4,4,1,2.1e-05,6e-06,4e-06,7e-06,0.9999,1e-05,8e-06,6e-06,2e-06,3.6e-05
4863,4,4,1,0.004066,0.00449,0.005042,0.004163,0.966612,0.003632,0.001173,0.002698,0.001722,0.006404
4864,4,4,1,0.000239,0.000683,0.000411,0.000198,0.997009,0.000293,0.000177,8.9e-05,0.000134,0.000766
4865,4,4,1,0.003463,0.002106,0.002505,0.003327,0.97754,0.001233,0.002228,0.000416,0.001512,0.00567
4866,4,4,1,0.004072,0.010517,0.006521,0.006902,0.946818,0.001558,0.004538,0.001165,0.002716,0.015192
4867,4,4,1,0.000805,0.00111,0.000451,0.000194,0.994226,0.000367,0.000696,0.000245,0.000399,0.001508
4868,4,4,1,0.003204,0.002271,0.001718,0.001002,0.985007,0.000955,0.000546,0.000677,0.00048,0.004141
4869,4,4,1,0.018157,0.008102,0.003213,0.005434,0.925715,0.008492,0.006678,0.004767,0.001555,0.017887
4870,4,4,1,0.003303,0.005171,0.009965,0.007123,0.947471,0.005073,0.005302,0.001707,0.001465,0.013421
4871,4,4,1,0.001273,0.001215,0.001255,0.000642,0.988467,0.001,0.000752,0.000805,0.000416,0.004176
4872,4,4,1,0.008765,0.003891,0.001747,0.004546,0.960884,0.004098,0.002717,0.001486,0.002725,0.009142
4873,4,4,1,0.00318,0.010337,0.006326,0.003627,0.948749,0.005148,0.004708,0.00414,0.002555,0.011229
4874,4,4,1,0.0001,4.8e-05,9.1e-05,8.8e-05,0.999258,0.000101,4.5e-05,3.9e-05,2.6e-05,0.000203
4875,4,4,1,0.002968,0.005347,0.012128,0.005607,0.940681,0.002471,0.003662,0.006165,0.002943,0.018028
4876,4,4,1,0.003162,0.006946,0.002625,0.006224,0.958139,0.004799,0.00324,0.002026,0.00152,0.011318
4877,4,4,1,0.007033,0.008339,0.003446,0.002945,0.95712,0.001811,0.002393,0.001697,0.002812,0.012403
4878,4,4,1,0.004569,0.006469,0.00458,0.006322,0.958835,0.003162,0.002747,0.001628,0.001421,0.010266
4879,4,4,1,0.001763,0.002964,0.00235,0.000925,0.981894,0.001891,0.001817,0.000655,0.000326,0.005415
4880,4,4,1,0.009154,0.003876,0.006307,0.004114,0.958971,0.003024,0.003575,0.002103,0.00216,0.006715
4881,4,4,1,0.001065,0.002547,0.002377,0.001366,0.983256,0.001767,0.001306,0.00137,0.000309,0.004636
4882,4,4,1,0.002037,0.003013,0.002785,0.001491,0.982473,0.000513,0.001731,0.001214,0.000728,0.004014
4883,4,4,1,0.007092,0.014892,0.009464,0.003471,0.931995,0.002524,0.005092,0.004784,0.002963,0.017723
4884,4,4,1,0.005365,0.009539,0.002811,0.003195,0.95216,0.002186,0.005676,0.003888,0.003249,0.011931
4885,4,4,1,0.012106,0.003343,0.011689,0.007641,0.922955,0.00537,0.007187,0.005216,0.004709,0.019784
4886,4,4,1,0.012485,0.009343,0.005146,0.011957,0.920909,0.004056,0.006551,0.00436,0.002808,0.022385
4887,4,4,1,0.011587,0.003063,0.004838,0.005665,0.945097,0.002639,0.005596,0.003386,0.002144,0.015984
4888,4,4,1,0.011471,0.004805,0.01056,0.007651,0.912258,0.007708,0.003059,0.00843,0.006624,0.027434
4889,4,4,1,0.00074,0.000816,0.001273,0.001339,0.991733,0.000948,0.000516,0.000576,0.000267,0.001792
4890,4,4,1,0.006269,0.006578,0.014314,0.010475,0.915349,0.008156,0.006183,0.006359,0.004701,0.021617
4891,4,4,1,0.001873,0.002682,0.001182,0.001898,0.986259,0.000398,0.000444,0.000592,0.000766,0.003907
4892,4,4,1,0.005387,0.006244,0.010152,0.007372,0.946937,0.003221,0.00121,0.00365,0.001116,0.014712
4893,4,4,1,0.011744,0.002874,0.004053,0.006427,0.946233,0.003494,0.004329,0.002435,0.002897,0.015515
4894,4,4,1,0.005316,0.003346,0.005772,0.008019,0.952996,0.001355,0.004037,0.002078,0.001094,0.015987
4895,4,4,1,0.011981,0.004533,0.004942,0.002791,0.941688,0.003652,0.006584,0.005092,0.001296,0.017443
4896,4,4,1,1.5e-05,7e-06,7e-06,4e-06,0.9999,5e-06,1e-05,3e-06,3e-06,4.5e-05
4897,4,4,1,0.002645,0.000647,0.002618,0.001312,0.984507,0.001194,0.000959,0.001122,0.000447,0.004548
4898,4,4,1,0.005398,0.002625,0.003975,0.001561,0.97413,0.001978,0.000916,0.002146,0.000598,0.006672
4899,4,4,1,0.006291,0.002512,0.004365,0.005104,0.945047,0.003617,0.007725,0.005054,0.004935,0.015349
4900,4,4,1,0.002441,0.003806,0.003145,0.003327,0.965157,0.002555,0.004328,0.000972,0.002367,0.011902
4901,4,4,1,0.009524,0.005148,0.006103,0.006851,0.948155,0.003386,0.001218,0.001355,0.003852,0.014409
4902,4,4,1,0.0015,0.000508,0.001003,0.000459,0.991737,0.000304,0.000463,0.000944,0.000357,0.002724
4903,4,4,1,0.004921,0.007321,0.006103,0.004408,0.960371,0.003796,0.002266,0.001656,0.00193,0.007228
4904,4,4,1,0.001137,0.000961,0.00137,0.000533,0.991685,0.000793,0.000683,0.000652,0.000331,0.001855
4905,4,4,1,0.003338,0.007682,0.008136,0.002337,0.954529,0.001833,0.002934,0.002684,0.001464,0.015063
4906,4,4,1,0.007602,0.005771,0.002322,0.004427,0.964497,0.002555,0.001018,0.00203,0.000763,0.009014
4907,4,4,1,0.002258,0.005588,0.002273,0.003411,0.96541,0.005084,0.002851,0.002734,0.001229,0.009162
4908,4,4,1,0.012692,0.005662,0.010211,0.010197,0.919824,0.006234,0.002705,0.002395,0.002337,0.027745
4909,4,4,1,0.001147,0.003079,0.003335,0.002388,0.978639,0.001009,0.002095,0.00203,0.001419,0.004859
4910,4,4,1,0.006324,0.004422,0.004087,0.002399,0.972233,0.001301,0.001107,0.000891,0.001786,0.00545
4911,4,4,1,0.003093,0.007111,0.007384,0.005734,0.952947,0.005824,0.002732,0.003642,0.000665,0.010868
4912,4,4,1,0.002477,0.011214,0.006461,0.00534,0.951655,0.00512,0.002734,0.000988,0.002664,0.011348
4913,4,4,1,0.008863,0.019153,0.016216,0.004992,0.901645,0.004817,0.002224,0.005116,0.003786,0.033187
4914,4,4,1,0.001487,0.004478,0.001761,0.002153,0.979212,0.001897,0.001783,0.001296,0.000451,0.005482
4915,4,4,1,7e-06,1.7e-05,1.3e-05,1.5e-05,0.9999,8e-06,9e-06,8e-06,4e-06,1.9e-05
4916,4,4,1,0.003941,0.007341,0.00322,0.008536,0.93773,0.004449,0.006604,0.002135,0.006036,0.020008
4917,4,4,1,0.015959,0.014285,0.004848,0.006902,0.925888,0.006656,0.001401,0.003946,0.001116,0.018999
4918,4,4,1,0.006767,0.001303,0.004713,0.002208,0.968511,0.004065,0.002267,0.002521,0.001019,0.006625
4919,4,4,1,0.008423,0.00431,0.006087,0.003605,0.951816,0.005639,0.001793,0.001894,0.002819,0.013613
4920,4,4,1,0.008196,0.003858,0.006026,0.002383,0.962752,0.001963,0.003125,0.002888,0.001834,0.006975
4921,4,4,1,0.003643,0.002255,0.004906,0.004647,0.970077,0.00288,0.002729,0.001643,0.001801,0.005418
4922,4,4,1,0.017359,0.014906,0.015728,0.002609,0.903222,0.009692,0.00908,0.004086,0.002401,0.020918
4923,4,4,1,0.00602,0.0116,0.004594,0.004241,0.94281,0.007627,0.004313,0.003083,0.001447,0.014266
4924,4,4,1,0.004844,0.007448,0.006684,0.004543,0.958458,0.003324,0.003033,0.000816,0.002521,0.008329
4925,4,4,1,0.00774,0.00492,0.005682,0.005103,0.952557,0.002325,0.003875,0.002951,0.002802,0.012045
4926,4,4,1,0.003877,0.001338,0.005107,0.00438,0.971932,0.001083,0.003027,0.002155,0.000827,0.006275
4927,4,4,1,0.010243,0.014139,0.006794,0.007096,0.932103,0.003029,0.006625,0.00342,0.001306,0.015246
4928,4,4,1,1.5e-05,1.5e-05,1.2e-05,5e-06,0.9999,1.1e-05,9e-06,7e-06,3e-06,2.3e-05
4929,4,4,1,0.004752,0.002371,0.004628,0.004685,0.968897,0.000866,0.00201,0.001095,0.001543,0.009152
4930,4,4,1,0.004925,0.005598,0.004719,0.004018,0.960166,0.003859,0.002572,0.001288,0.000801,0.012055
4931,4,4,1,0.005754,0.007308,0.007091,0.007832,0.942687,0.00297,0.001436,0.004199,0.003901,0.016821
4932,4,4,1,0.002535,0.00392,0.00254,0.001307,0.97774,0.002618,0.001189,0.001213,0.000393,0.006545
4933,4,4,1,0.001369,0.002365,0.004302,0.001752,0.976161,0.002549,0.00224,0.001891,0.001461,0.00591
4934,4,4,1,0.008833,0.003504,0.010359,0.005944,0.941609,0.005524,0.002013,0.002563,0.001961,0.01769
4935,4,4,1,0.013222,0.005322,0.013509,0.006589,0.919594,0.004357,0.002627,0.00282,0.00774,0.02422
4936,4,4,1,0.008763,0.004266,0.001411,0.004937,0.964307,0.001007,0.00135,0.001059,0.001505,0.011396
4937,4,4,1,0.015433,0.00548,0.015017,0.004032,0.908006,0.003603,0.010664,0.005779,0.003097,0.028889
4938,4,4,1,0.006816,0.006662,0.006283,0.001572,0.959854,0.003487,0.003259,0.000921,0.001422,0.009723
4939,4,4,1,2.1e-05,2e-05,1e-05,8e-06,0.9999,1e-05,7e-06,2e-06,2e-06,2.2e-05
4940,4,4,1,0.007256,0.001218,0.002825,0.003031,0.970435,0.001924,0.003279,0.001757,0.001059,0.007215
4941,4,4,1,0.003206,0.001906,0.001633,0.003065,0.977569,0.002647,0.002462,0.000959,0.000731,0.005822
4942,4,4,1,0.006036,0.003434,0.007881,0.001613,0.953072,0.00412,0.004351,0.003482,0.001805,0.014206
4943,4,4,1,0.001371,0.002564,0.00251,0.001446,0.984756,0.00131,0.000717,0.00092,0.000227,0.00418
4944,4,4,1,0.008388,0.00214,0.004249,0.002688,0.965628,0.001628,0.00123,0.003379,0.001583,0.009087
4945,4,4,1,0.007199,0.019004,0.011996,0.009893,0.892796,0.014228,0.003342,0.002496,0.009277,0.029769
4946,4,4,1,0.022787,0.014899,0.013922,0.007623,0.902056,0.007725,0.006195,0.001657,0.002728,0.020409
4947,4,4,1,0.005,0.007676,0.007363,0.013044,0.926704,0.004971,0.006151,0.002944,0.004586,0.021561
4948,4,4,1,0.002819,0.00459,0.001882,0.00455,0.968556,0.002568,0.002686,0.001041,0.001775,0.009533
4949,4,4,1,0.005403,0.001318,0.001851,0.00137,0.970417,0.004632,0.003719,0.001431,0.002021,0.007837
4950,4,4,1,0.005409,0.002677,0.007818,0.008041,0.947246,0.004412,0.001763,0.005607,0.001215,0.015813
4951,4,4,1,0.007166,0.010382,0.005153,0.006949,0.941541,0.002749,0.002443,0.005355,0.001938,0.016324
4952,4,4,1,0.002567,0.003,0.003142,0.002917,0.964888,0.002618,0.001393,0.001941,0.003129,0.014406
4953,4,4,1,0.005697,0.007239,0.001385,0.005174,0.962128,0.002153,0.003759,0.000968,0.000881,0.010617
4954,4,4,1,0.017578,0.004231,0.003146,0.005419,0.926293,0.006209,0.006482,0.005519,0.004334,0.02079
4955,4,4,1,0.006981,0.004366,0.003367,0.001795,0.964598,0.002467,0.002765,0.002453,0.001246,0.009962
4956,4,4,1,0.003192,0.00212,0.001895,0.001259,0.985542,0.000755,0.000438,0.000669,0.000539,0.00359
4957,4,4,1,0.002732,0.003499,0.001269,0.001259,0.970795,0.001485,0.00135,0.003922,0.002051,0.011638
4958,4,4,1,1.2e-05,8e-06,5e-06,5e-06,0.9999,1.6e-05,1.1e-05,6e-06,8e-06,2.9e-05
4959,4,4,1,0.00095,0.001856,0.00118,0.002737,0.981605,0.002759,0.001738,0.000697,0.001254,0.005224
4960,4,4,1,0.000476,0.000733,0.000544,0.0007,0.992911,0.001138,0.000227,0.000808,0.000487,0.001976
4961,4,4,1,0.000186,0.000161,8e-05,7.1e-05,0.998931,0.000128,7.3e-05,2.1e-05,2.5e-05,0.000321
4962,4,4,1,0.013392,0.00648,0.003137,0.003325,0.930799,0.005316,0.005972,0.004444,0.002659,0.024477
4963,4,4,1,0.00386,0.005223,0.003907,0.008839,0.93775,0.009586,0.004723,0.00136,0.003229,0.021523
4964,4,4,1,0.00164,0.003823,0.001614,0.001836,0.980834,0.001992,0.000885,0.000924,0.001072,0.00538
4965,4,4,1,0.001621,0.00103,0.001604,0.002421,0.98225,0.001654,0.002099,0.001126,0.000338,0.005856
4966,4,4,1,0.003799,0.01285,0.009314,0.005121,0.939791,0.00296,0.002914,0.001391,0.001776,0.020084
4967,4,4,1,0.009798,0.005783,0.00772,0.004361,0.933559,0.004081,0.008239,0.00366,0.004905,0.017894
4968,4,4,1,0.004008,0.006974,0.011133,0.009159,0.93367,0.006903,0.002065,0.004114,0.001433,0.020539
4969,4,4,1,0.001421,0.001753,0.002837,0.002257,0.97765,0.001325,0.00274,0.00143,0.00144,0.007149
4970,4,4,1,0.007967,0.012462,0.007571,0.004418,0.926463,0.010178,0.005521,0.004525,0.003722,0.017173
4971,4,4,1,0.005672,0.004752,0.001124,0.001959,0.97373,0.001473,0.001208,0.002156,0.00165,0.006275
4972,4,4,1,0.008607,0.004764,0.004868,0.004312,0.951258,0.005538,0.004023,0.002831,0.002675,0.011125
4973,4,4,1,1.5e-05,1.2e-05,4e-06,8e-06,0.9999,1.1e-05,6e-06,4e-06,1e-05,3e-05
4974,4,4,1,0.004545,0.001803,0.001268,0.001226,0.977856,0.0016,0.000996,0.001902,0.001452,0.007352
4975,4,4,1,0.005055,0.003333,0.004334,0.001902,0.968572,0.002073,0.001744,0.002327,0.001869,0.008792
4976,4,4,1,0.009946,0.006091,0.007887,0.005796,0.933522,0.002985,0.00608,0.003091,0.001996,0.022606
4977,4,4,1,2.3e-05,8e-06,1e-05,5e-06,0.9999,1.1e-05,9e-06,2e-06,2e-06,3.1e-05
4978,4,4,1,0.004384,0.005912,0.001758,0.002335,0.959602,0.003071,0.004423,0.004458,0.003166,0.010891
4979,4,4,1,0.002677,0.003682,0.004432,0.001588,0.962491,0.003323,0.005236,0.002284,0.001783,0.012504
4980,4,4,1,0.001574,0.001291,0.002681,0.001741,0.980845,0.002586,0.001619,0.001593,0.000375,0.005695
4981,4,4,1,0.006387,0.003513,0.002701,0.002575,0.967497,0.002836,0.003363,0.000809,0.002004,0.008316
4982,4,4,1,1.5e-05,9e-06,9e-06,6e-06,0.9999,6e-06,1.3e-05,3e-06,9e-06,3e-05
4983,4,4,1,0.00266,0.002567,0.009733,0.002777,0.952034,0.004763,0.003185,0.002914,0.0011,0.018267
4984,4,4,1,8e-06,2.2e-05,5e-06,8e-06,0.9999,1.1e-05,1e-05,4e-06,6e-06,2.7e-05
4985,4,4,1,0.003032,0.003742,0.00324,0.001442,0.979023,0.001118,0.001143,0.000703,0.001572,0.004983
4986,4,4,1,0.011249,0.003239,0.005138,0.001741,0.95104,0.002962,0.001619,0.004302,0.004422,0.014287
4987,4,4,1,0.008299,0.00419,0.007492,0.003897,0.941342,0.008216,0.004502,0.00257,0.00295,0.016542
4988,4,4,1,0.006923,0.001852,0.004008,0.000933,0.970726,0.002291,0.001703,0.002629,0.001592,0.007342
4989,4,4,1,0.002134,0.00148,0.001932,0.001405,0.988374,0.000947,0.000571,0.000232,0.000184,0.002741
4990,4,4,1,0.002385,0.006126,0.001581,0.001663,0.971751,0.001559,0.003506,0.000947,0.000965,0.009517
4991,4,4,1,1.5e-05,5e-06,9e-06,1.1e-05,0.9999,3e-06,1e-05,8e-06,4e-06,3.5e-05
4992,4,4,1,0.012639,0.00877,0.006101,0.003711,0.920895,0.011348,0.003064,0.002375,0.006057,0.025038
4993,4,4,1,0.006507,0.008153,0.002895,0.005886,0.947224,0.002619,0.004478,0.003197,0.001456,0.017586
4994,4,4,1,0.002621,0.003598,0.002511,0.002394,0.979229,0.000549,0.001317,0.00098,0.000409,0.006392
4995,4,4,1,0.01369,0.009443,0.006055,0.004877,0.943669,0.005511,0.001721,0.001,0.002802,0.011231
4996,4,4,1,0.005748,0.0074,0.002146,0.004293,0.961122,0.002733,0.003738,0.001487,0.001033,0.0103
4997,4,4,1,0.00843,0.011867,0.003617,0.009501,0.936476,0.006428,0.005827,0.001872,0.002933,0.013049
4998,4,4,1,0.006027,0.001165,0.00335,0.004113,0.97153,0.001678,0.000817,0.001891,0.000531,0.008898
4999,4,4,1,0.01628,0.021673,0.016969,0.005914,0.875652,0.00554,0.007586,0.008618,0.008442,0.033327
5000,4,4,1,0.001069,0.000691,0.001254,0.000514,0.990887,0.000786,0.001004,0.000631,0.000415,0.002748
5001,4,4,1,0.002574,0.001653,0.001548,0.004072,0.976214,0.002389,0.002712,0.000878,0.000808,0.007152
5002,4,4,1,0.014543,0.012386,0.004932,0.00497,0.934553,0.003573,0.003679,0.001751,0.001994,0.017618
5003,4,4,1,0.011315,0.004581,0.005044,0.005913,0.951384,0.00534,0.0037,0.001746,0.00058,0.010397
5004,4,4,1,0.014468,0.004638,0.005942,0.00648,0.941993,0.005575,0.003018,0.001675,0.003567,0.012644
5005,4,4,1,0.003674,0.010187,0.006087,0.006776,0.949303,0.003187,0.002726,0.003231,0.000811,0.014017
5006,4,4,1,0.000952,0.000789,0.000358,0.000335,0.992311,0.001116,0.000608,0.000434,0.000536,0.002561
5007,4,4,1,0.009746,0.007633,0.001826,0.004686,0.948266,0.001424,0.002142,0.001387,0.005241,0.017649
5008,4,4,1,0.004095,0.00348,0.009419,0.003797,0.947764,0.006754,0.003698,0.003438,0.00291,0.014645
5009,4,4,1,0.006385,0.005585,0.006017,0.003481,0.963756,0.002577,0.002742,0.001093,0.000682,0.007682
5010,4,4,1,0.00136,0.001661,0.00295,0.001204,0.98191,0.001409,0.001567,0.001931,0.000558,0.005451
5011,4,4,1,0.016876,0.003768,0.009171,0.011404,0.915789,0.006578,0.007516,0.005011,0.002846,0.021042
5012,4,4,1,0.015102,0.015735,0.009422,0.002318,0.917664,0.008345,0.006715,0.001387,0.003656,0.019655
5013,4,4,1,0.007912,0.003355,0.005137,0.00233,0.959377,0.00426,0.002424,0.003787,0.002347,0.009071
5014,4,4,1,0.006968,0.006905,0.002595,0.00458,0.952526,0.005535,0.003926,0.00326,0.002013,0.011693
5015,4,4,1,0.002287,0.001907,0.004637,0.004347,0.973736,0.001278,0.001346,0.002149,0.001068,0.007245
5016,4,4,1,0.006114,0.003445,0.004085,0.001366,0.972797,0.000845,0.002167,0.001184,0.001703,0.006295
5017,4,4,1,0.013501,0.008457,0.004374,0.004488,0.945501,0.002006,0.005241,0.00356,0.00266,0.010212
5018,4,4,1,0.004074,0.002764,0.003434,0.003416,0.975488,0.002599,0.001773,0.00074,0.000456,0.005256
5019,4,4,1,0.009038,0.005901,0.00442,0.008568,0.945224,0.001695,0.004679,0.00312,0.001604,0.015749
5020,4,4,1,0.000704,0.000381,0.000645,0.000545,0.994996,0.000184,0.000261,0.000297,0.000467,0.001519
5021,4,4,1,0.014794,0.010627,0.009782,0.004289,0.933383,0.005127,0.004874,0.002021,0.003491,0.011612
5022,4,4,1,0.002953,0.00226,0.001407,0.000784,0.986959,0.000981,0.001107,0.000589,0.000705,0.002254
5023,4,4,1,0.004855,0.005944,0.002367,0.002147,0.971336,0.000832,0.001086,0.001023,0.001093,0.009318
5024,4,4,1,0.011754,0.005329,0.002781,0.003935,0.943652,0.004559,0.001425,0.002757,0.005416,0.018392
5025,4,4,1,1e-05,7e-06,1.4e-05,1.5e-05,0.9999,4e-06,4e-06,7e-06,5e-06,3.3e-05
5026,4,4,1,0.003877,0.003543,0.00915,0.005977,0.951286,0.001995,0.00433,0.004207,0.003265,0.012371
5027,4,4,1,2.2e-05,7e-06,1.1e-05,1.1e-05,0.9999,1.1e-05,7e-06,2e-06,3e-06,2.7e-05
5028,4,4,1,0.006134,0.002647,0.003789,0.00957,0.946812,0.004908,0.005117,0.002426,0.002812,0.015784
5029,4,4,1,0.003203,0.002671,0.002055,0.002984,0.964865,0.002215,0.005308,0.001127,0.001456,0.014115
5030,4,4,1,0.016931,0.009903,0.010401,0.001976,0.931436,0.004048,0.001659,0.004368,0.003404,0.015874
5031,4,4,1,0.004995,0.018604,0.005361,0.01066,0.920587,0.008036,0.003247,0.005008,0.004473,0.01903
5032,4,4,1,9e-06,2.2e-05,1.2e-05,1.4e-05,0.9999,4e-06,4e-06,5e-06,4e-06,2.6e-05
5033,4,4,1,0.013697,0.005445,0.01187,0.002959,0.91663,0.011589,0.002896,0.008355,0.004472,0.022086
5034,4,4,1,0.007072,0.002162,0.008234,0.006302,0.955856,0.002431,0.001322,0.002682,0.002294,0.011645
5035,4,4,1,0.012567,0.003816,0.008256,0.007592,0.932918,0.008517,0.003567,0.00194,0.004963,0.015865
5036,4,4,1,0.013161,0.004929,0.007473,0.003611,0.943771,0.002437,0.005764,0.004587,0.00103,0.013238
5037,4,4,1,0.004855,0.006653,0.004306,0.004516,0.948682,0.004221,0.003637,0.001207,0.002292,0.019632
5038,4,4,1,0.004893,0.005221,0.004384,0.001833,0.966676,0.002446,0.001097,0.002558,0.001599,0.009294
5039,4,4,1,1.3e-05,1.7e-05,1.5e-05,1.3e-05,0.9999,9e-06,3e-06,4e-06,4e-06,2.1e-05
5040,4,4,1,0.001876,0.006672,0.005041,0.003347,0.962539,0.005079,0.002089,0.003302,0.00222,0.007835
5041,4,4,1,0.006833,0.009415,0.004121,0.004006,0.934658,0.007094,0.008317,0.004574,0.004779,0.016202
5042,4,4,1,0.013924,0.01693,0.016197,0.006616,0.900861,0.004618,0.009924,0.001635,0.006029,0.023265
5043,4,4,1,0.004406,0.011909,0.007764,0.004274,0.939979,0.007138,0.003449,0.002466,0.003906,0.014709
5044,4,4,1,0.005992,0.004118,0.003258,0.006663,0.956228,0.005473,0.001907,0.00156,0.003325,0.011477
5045,4,4,1,8e-06,1.2e-05,9e-06,9e-06,0.9999,8e-06,9e-06,3e-06,5e-06,3.8e-05
5046,4,4,1,0.007538,0.002113,0.003828,0.002495,0.958587,0.004718,0.001269,0.002955,0.002958,0.01354
5047,4,4,1,0.000977,0.002198,0.000761,0.000583,0.988098,0.000679,0.001163,0.001376,0.000613,0.003551
5048,4,4,1,0.003154,0.005935,0.003008,0.003011,0.971772,0.001613,0.001908,0.002153,0.001062,0.006384
5049,4,4,1,2.1e-05,1e-05,1.1e-05,9e-06,0.9999,6e-06,9e-06,6e-06,2e-06,2.6e-05
5050,4,4,1,0.00528,0.006716,0.005098,0.004522,0.949203,0.00249,0.003989,0.001484,0.004508,0.016709
5051,4,4,1,0.020687,0.008857,0.012353,0.010507,0.914872,0.003878,0.005812,0.002751,0.001806,0.018477
5052,4,4,1,0.002589,0.007489,0.005155,0.003317,0.956508,0.00513,0.0015,0.001881,0.002179,0.014252
5053,4,4,1,0.002354,0.000563,0.001399,0.001009,0.988591,0.000487,0.000653,0.000934,0.000422,0.003586
5054,4,4,1,0.012811,0.00803,0.008908,0.001971,0.940842,0.006295,0.004038,0.001756,0.003563,0.011786
5055,4,4,1,0.004041,0.00328,0.005842,0.004534,0.966671,0.002594,0.001858,0.00143,0.001094,0.008655
5056,4,4,1,1.2e-05,9e-06,9e-06,1.7e-05,0.9999,7e-06,9e-06,7e-06,5e-06,2.5e-05
5057,4,4,1,1.4e-05,2e-05,4e-06,8e-06,0.9999,1.3e-05,6e-06,9e-06,6e-06,2.2e-05
5058,4,4,1,0.006441,0.004462,0.002778,0.003675,0.969016,0.002013,0.00076,0.001943,0.001485,0.007429
5059,4,4,1,1.3e-05,1.6e-05,1.5e-05,1.4e-05,0.9999,3e-06,9e-06,2e-06,2e-06,2.7e-05
5060,4,4,1,0.008002,0.003333,0.002694,0.001126,0.966677,0.001338,0.003334,0.002022,0.001752,0.009723
5061,4,4,1,0.009853,0.003946,0.007831,0.008352,0.93945,0.002067,0.005415,0.004009,0.000971,0.018107
5062,4,4,1,0.004033,0.011868,0.005351,0.004353,0.935792,0.007137,0.006896,0.002096,0.003696,0.018778
5063,4,4,1,0.010416,0.010976,0.00377,0.002864,0.945654,0.003969,0.004221,0.001008,0.002956,0.014167
5064,4,4,1,0.00309,0.001426,0.001468,0.001627,0.983774,0.000919,0.001654,0.000582,0.000503,0.004956
5065,4,4,1,0.012892,0.008444,0.007194,0.004118,0.945992,0.004877,0.00374,0.002846,0.001173,0.008725
5066,4,4,1,0.009232,0.006282,0.006757,0.004154,0.952061,0.002343,0.001758,0.00128,0.003371,0.012762
5067,4,4,1,0.00574,0.007767,0.003056,0.00603,0.95622,0.002174,0.003163,0.001431,0.002563,0.011857
5068,4,4,1,0.010374,0.020238,0.015877,0.009226,0.904062,0.007958,0.005648,0.002366,0.002593,0.021657
5069,4,4,1,0.012112,0.005079,0.009493,0.006679,0.935388,0.007544,0.004521,0.004476,0.002071,0.012638
5070,4,4,1,0.020116,0.005097,0.014913,0.004328,0.90704,0.010194,0.007053,0.007093,0.004423,0.019742
5071,4,4,1,0.009194,0.011373,0.002255,0.007851,0.943872,0.003621,0.003864,0.002771,0.002812,0.012387
5072,4,4,1,0.011044,0.014019,0.002764,0.009807,0.930456,0.003099,0.004562,0.002381,0.002839,0.019029
5073,4,4,1,0.014473,0.010655,0.003196,0.010953,0.912516,0.010102,0.007012,0.003768,0.00469,0.022635
5074,4,4,1,0.008245,0.005517,0.002981,0.002844,0.938752,0.007545,0.002997,0.003373,0.005717,0.022029
5075,4,4,1,1.9e-05,1.3e-05,7e-06,1.5e-05,0.9999,9e-06,3e-06,7e-06,5e-06,2.2e-05
5076,4,4,1,0.008426,0.002062,0.002293,0.003163,0.965405,0.00222,0.001069,0.001754,0.002333,0.011276
5077,4,4,1,1.7e-05,5e-06,7e-06,1.3e-05,0.9999,1.2e-05,4e-06,1e-05,6e-06,2.7e-05
5078,4,4,1,0.01357,0.008864,0.007684,0.001792,0.943494,0.003114,0.004159,0.001651,0.001452,0.014221
5079,4,4,1,0.008394,0.006409,0.009694,0.003423,0.945473,0.002482,0.004878,0.003042,0.00098,0.015225
5080,4,4,1,0.003698,0.003891,0.00352,0.001501,0.971074,0.003958,0.001513,0.001291,0.001111,0.008444
5081,4,4,1,0.001489,0.001017,0.002736,0.000866,0.982787,0.001964,0.002195,0.001309,0.001197,0.004439
5082,4,4,1,0.011669,0.007256,0.004264,0.00571,0.94301,0.001427,0.002779,0.002945,0.004391,0.016549
5083,4,4,1,0.004406,0.002576,0.003305,0.00054,0.979481,0.000851,0.00068,0.000576,0.001368,0.006218
5084,4,4,1,0.004869,0.008921,0.006627,0.013647,0.920086,0.007767,0.009492,0.002808,0.001673,0.024109
5085,4,4,1,0.006963,0.001999,0.001014,0.001968,0.971253,0.00327,0.001298,0.001803,0.001582,0.00885
5086,4,4,1,2.3e-05,1.7e-05,8e-06,9e-06,0.9999,9e-06,5e-06,7e-06,5e-06,1.7e-05
5087,4,4,1,0.000255,0.000441,0.000399,0.000429,0.996506,0.000293,0.000288,0.000284,0.000261,0.000845
5088,4,4,1,0.002222,0.003313,0.004211,0.004436,0.959315,0.003601,0.004973,0.00313,0.001256,0.013543
5089,4,4,1,0.013981,0.006872,0.005292,0.002393,0.939532,0.002924,0.003207,0.004268,0.004164,0.017366
5090,4,4,1,0.019066,0.014684,0.010893,0.004535,0.920355,0.001913,0.006878,0.003676,0.003511,0.014489
5091,4,4,1,0.012306,0.002483,0.009491,0.005213,0.943807,0.006006,0.001345,0.002123,0.002117,0.015108
5092,4,4,1,0.006925,0.00496,0.003985,0.003639,0.968406,0.002971,0.000775,0.00202,0.001498,0.004821
5093,4,4,1,0.001807,0.000852,0.000841,0.000602,0.991141,0.000711,0.00054,0.000426,0.000563,0.002516
5094,4,4,1,0.002816,0.003861,0.006391,0.005201,0.94467,0.008017,0.003754,0.004294,0.0043,0.016694
5095,4,4,1,0.009427,0.006531,0.006467,0.003397,0.928963,0.007559,0.001922,0.006191,0.006638,0.022904
5096,4,4,1,0.003231,0.002202,0.00145,0.001639,0.977126,0.003466,0.001632,0.001124,0.001786,0.006345
5097,4,4,1,0.010467,0.011454,0.00482,0.005056,0.934211,0.007405,0.005012,0.003789,0.001673,0.016113
5098,4,4,1,0.004835,0.006328,0.008617,0.002535,0.944234,0.002624,0.004406,0.001321,0.005264,0.019835
5099,4,4,1,0.01657,0.004253,0.01251,0.005152,0.906829,0.004646,0.004348,0.009371,0.003445,0.032877
5100,4,4,1,0.000103,4.9e-05,7.8e-05,4.2e-05,0.99944,7.1e-05,4.7e-05,3.9e-05,1.6e-05,0.000114
5101,4,4,1,0.004237,0.006329,0.005986,0.002212,0.963106,0.002589,0.002611,0.001865,0.000756,0.010309
5102,4,4,1,0.008074,0.004581,0.004337,0.006471,0.952356,0.004103,0.003936,0.002571,0.001286,0.012287
5103,4,4,1,0.009523,0.00992,0.004017,0.006798,0.946019,0.002578,0.003633,0.003804,0.002557,0.011152
5104,4,4,1,0.005688,0.002662,0.003049,0.004541,0.966161,0.003214,0.002826,0.000932,0.001748,0.009178
5105,4,4,1,0.00713,0.007835,0.002259,0.007958,0.950727,0.003958,0.001185,0.003025,0.002378,0.013547
5106,4,4,1,0.005252,0.002965,0.002924,0.009479,0.947418,0.004304,0.002544,0.005528,0.003191,0.016395
5107,4,4,1,0.000485,0.000162,0.000486,0.00019,0.997183,7.6e-05,0.000262,0.000232,0.000158,0.000767
5108,4,4,1,0.014743,0.009851,0.010837,0.005135,0.915121,0.002464,0.007992,0.005871,0.003454,0.024533
5109,4,4,1,0.000406,0.000228,0.00037,0.000177,0.997361,0.000248,0.000126,7.3e-05,0.000195,0.000815
5110,4,4,1,0.003827,0.002711,0.00226,0.000679,0.983432,0.001244,0.001403,0.000507,0.000646,0.003292
5111,4,4,1,0.000334,0.000193,8.6e-05,0.000108,0.998459,0.000157,7.5e-05,6.9e-05,0.000118,0.000402
5112,4,4,1,0.010022,0.013182,0.009601,0.009351,0.929227,0.007053,0.004765,0.003623,0.002185,0.010991
5113,4,4,1,0.008083,0.012948,0.010691,0.006061,0.935751,0.001814,0.004538,0.003367,0.001215,0.015531
5114,4,4,1,0.003069,0.005276,0.005821,0.003584,0.96362,0.002347,0.002771,0.003319,0.00211,0.008083
5115,4,4,1,0.015939,0.009729,0.016934,0.007711,0.904894,0.008842,0.006781,0.00486,0.005331,0.018977
5116,4,4,1,0.003596,0.000931,0.001497,0.001706,0.983488,0.001618,0.000719,0.000359,0.001383,0.004702
5117,4,4,1,0.013298,0.008431,0.005779,0.002463,0.939604,0.001587,0.005546,0.002814,0.001339,0.019139
5118,4,4,1,2e-05,8e-06,1.8e-05,1e-05,0.9999,6e-06,3e-06,8e-06,4e-06,2.3e-05
5119,4,7,0,-0.056253,-0.068526,-0.043806,-0.020021,0.58254,-0.027949,-0.027295,0.683472,-0.022162,0.0
5120,4,7,0,1.8e-05,1.7e-05,1e-05,1.2e-05,0.442212,4e-06,6e-06,0.557677,6e-06,3.8e-05
5121,4,7,0,-0.008091,-0.003067,-0.003555,-0.00652,0.473126,-0.004523,-0.004983,0.561889,-0.004276,0.0
5122,4,9,0,-0.011744,-0.008093,-0.009245,-0.009493,0.398783,-0.007023,-0.00256,-0.004161,0.0,0.653535
5123,4,7,0,-0.006812,-0.009059,-0.010256,-0.007451,0.417418,-0.002518,-0.005373,0.62628,-0.002229,0.0
5124,4,7,0,-0.045747,-0.014976,-0.010412,-0.01557,0.515464,-0.014404,-0.023879,0.619388,-0.009864,0.0
5125,4,9,0,-0.038463,-0.04789,-0.028994,-0.020996,0.50056,-0.014656,-0.015582,-0.009054,0.0,0.675074
5126,4,7,0,-0.02205,-0.028097,-0.008827,-0.024742,0.488942,-0.024165,-0.008591,0.637102,-0.009572,0.0
5127,4,9,0,0.045911,0.050225,0.03557,0.039489,0.282081,0.034304,0.032107,0.023167,0.107146,0.35
5128,4,7,0,0.001565,0.001346,0.002705,0.000709,0.372309,0.001147,0.001529,0.610034,0.001178,0.007478
5129,4,9,0,-0.018625,-0.022881,-0.021826,-0.023422,0.512177,-0.013857,-0.021375,-0.012717,0.0,0.622526
5130,4,9,0,-0.05913,-0.067578,-0.035634,-0.028657,0.570485,-0.02372,-0.018796,-0.013969,0.0,0.676999
5131,4,9,0,-0.015812,-0.016968,-0.020552,-0.0324,0.549467,-0.042659,-0.0312,-0.013401,0.0,0.623524
5132,4,9,0,0.000317,0.000188,0.000289,0.00015,0.379512,0.000215,7.1e-05,0.000155,0.000795,0.618307
5133,4,9,0,0.007513,0.022308,0.006769,0.008719,0.382595,0.016501,0.007564,0.011915,0.051511,0.484605
5134,4,1,0,-0.005594,0.695025,-0.010014,-0.011358,0.355035,-0.006847,-0.005839,-0.005566,-0.004841,0.0
5135,4,9,0,0.020302,0.009905,0.013643,0.006007,0.378496,0.007391,0.012535,0.008709,0.049819,0.493193
5136,4,7,0,-0.011599,-0.0071,-0.004647,-0.003645,0.469903,-0.002655,-0.002543,0.563603,-0.001316,0.0
5137,4,9,0,-0.00851,-0.011301,-0.009841,-0.011422,0.424454,-0.015241,-0.009124,-0.008316,0.0,0.649301
5138,4,7,0,0.013756,0.01003,0.00668,0.007574,0.32966,0.003512,0.00328,0.595213,0.001593,0.028701
5139,5,5,1,0.009347,0.004633,0.002402,0.004032,0.002476,0.942322,0.008199,0.002891,0.001547,0.02215
5140,5,5,1,0.00562,0.004144,0.003054,0.00218,0.001263,0.972636,0.001041,0.000935,0.001342,0.007786
5141,5,5,1,0.010328,0.002659,0.006594,0.003526,0.001635,0.954917,0.00249,0.003877,0.001155,0.01282
5142,5,5,1,2.4e-05,1.9e-05,3e-06,5e-06,8e-06,0.9999,4e-06,8e-06,3e-06,2.7e-05
5143,5,5,1,1.4e-05,7e-06,1.9e-05,1.3e-05,1.1e-05,0.9999,2e-06,4e-06,2e-06,2.8e-05
5144,5,5,1,0.008852,0.012404,0.00239,0.005055,0.002643,0.939161,0.004989,0.005757,0.003026,0.015722
5145,5,5,1,0.006625,0.00718,0.005694,0.00168,0.004002,0.962232,0.00103,0.002872,0.001357,0.00733
5146,5,5,1,0.004132,0.002349,0.00312,0.002167,0.002369,0.97679,0.000779,0.001103,0.000685,0.006506
5147,5,5,1,0.011922,0.005886,0.003396,0.007074,0.004368,0.950222,0.003868,0.002592,0.001722,0.008949
5148,5,5,1,0.011542,0.008091,0.009967,0.00565,0.003908,0.939626,0.00493,0.003417,0.002192,0.010677
5149,5,5,1,0.001112,0.001553,0.001198,0.001554,0.000854,0.989315,0.000473,0.000812,0.000158,0.002972
5150,5,5,1,0.009499,0.006202,0.005706,0.002191,0.001495,0.959344,0.001739,0.00121,0.002053,0.010562
5151,5,5,1,0.002807,0.001195,0.002696,0.001,0.000643,0.980057,0.000697,0.002564,0.00136,0.00698
5152,5,5,1,0.001752,0.004151,0.00347,0.003083,0.002073,0.978003,0.000421,0.000387,0.001192,0.005468
5153,5,5,1,0.008689,0.009238,0.00408,0.001784,0.002027,0.953319,0.001601,0.003459,0.000802,0.015
5154,5,5,1,0.01395,0.019204,0.006681,0.007801,0.004463,0.906742,0.006773,0.001915,0.004779,0.027691
5155,5,5,1,0.010378,0.002329,0.007527,0.003086,0.003821,0.954705,0.002867,0.002562,0.003014,0.009709
5156,5,5,1,0.00337,0.001958,0.006227,0.004104,0.002689,0.969549,0.001745,0.000855,0.001009,0.008494
5157,5,5,1,0.007378,0.004092,0.007361,0.003052,0.003125,0.959077,0.002796,0.000858,0.000965,0.011296
5158,5,5,1,0.001555,0.004366,0.002418,0.002199,0.001496,0.977133,0.001465,0.00114,0.001916,0.006312
5159,5,5,1,0.012163,0.008881,0.001816,0.003563,0.002741,0.948515,0.001209,0.001663,0.002674,0.016774
5160,5,5,1,8e-06,6e-06,7e-06,1.7e-05,8e-06,0.9999,3e-06,3e-06,5e-06,4.4e-05
5161,5,5,1,0.005306,0.003719,0.001781,0.002908,0.000996,0.976106,0.00189,0.001803,0.001366,0.004126
5162,5,5,1,0.00797,0.007342,0.004847,0.001219,0.00314,0.961976,0.001403,0.002807,0.0014,0.007896
5163,5,5,1,0.003632,0.001206,0.00068,0.000917,0.000834,0.983725,0.0019,0.001117,0.000529,0.005459
5164,5,5,1,0.0048,0.001722,0.000953,0.000947,0.00205,0.980362,0.002171,0.001391,0.000511,0.005094
5165,5,5,1,2e-05,5e-06,6e-06,6e-06,9e-06,0.9999,7e-06,6e-06,6e-06,3.6e-05
5166,5,5,1,0.004529,0.005863,0.00957,0.002687,0.002516,0.946646,0.002996,0.005743,0.002502,0.016947
5167,5,5,1,2.4e-05,1.5e-05,1.1e-05,7e-06,4e-06,0.9999,2e-06,6e-06,3e-06,2.6e-05
5168,5,5,1,0.014093,0.004601,0.005391,0.004891,0.007091,0.935493,0.006275,0.002359,0.00429,0.015516
5169,5,5,1,0.000722,0.000592,0.00163,0.000688,0.000606,0.992049,0.000471,0.00071,0.000211,0.002321
5170,5,5,1,0.000698,0.001117,0.001238,0.000405,0.001545,0.98922,0.001439,0.000508,0.000319,0.003512
5171,5,5,1,0.004569,0.010439,0.00363,0.002318,0.006304,0.941844,0.004182,0.006519,0.001605,0.01859
5172,5,5,1,0.002902,0.004702,0.005909,0.005974,0.00679,0.952048,0.003923,0.002301,0.002919,0.012532
5173,5,5,1,0.000718,0.001642,0.001226,0.000801,0.000882,0.99182,0.000275,0.000189,0.000145,0.002301
5174,5,5,1,0.007123,0.015056,0.008755,0.003704,0.002658,0.926498,0.007402,0.005122,0.005676,0.018005
5175,5,5,1,1.1e-05,1.9e-05,7e-06,4e-06,3e-06,0.9999,1.1e-05,4e-06,7e-06,3.3e-05
5176,5,5,1,0.015364,0.008681,0.009018,0.007419,0.006104,0.919454,0.003996,0.005803,0.002992,0.021169
5177,5,5,1,0.008914,0.009798,0.013241,0.00399,0.003889,0.925997,0.003505,0.004979,0.003201,0.022486
5178,5,5,1,0.014256,0.01067,0.004572,0.004826,0.003844,0.930249,0.002603,0.004816,0.005962,0.018204
5179,5,5,1,0.012864,0.011571,0.003807,0.005821,0.006595,0.934451,0.002871,0.00337,0.003115,0.015535
5180,5,5,1,0.009795,0.015845,0.013478,0.006419,0.008723,0.915237,0.006857,0.005474,0.002658,0.015515
5181,5,5,1,0.003323,0.003995,0.001914,0.004461,0.002898,0.961478,0.001122,0.004614,0.00393,0.012265
5182,5,5,1,0.020795,0.007235,0.004549,0.012919,0.010539,0.908488,0.00818,0.005073,0.004917,0.017304
5183,5,5,1,0.009968,0.00495,0.00208,0.005844,0.003977,0.952689,0.003457,0.002433,0.00123,0.013373
5184,5,5,1,0.011978,0.008018,0.006485,0.004653,0.004586,0.946858,0.003897,0.002409,0.000979,0.010136
5185,5,5,1,0.002247,0.006599,0.005676,0.002426,0.001086,0.965289,0.001514,0.001307,0.002252,0.011603
5186,5,5,1,0.007412,0.001743,0.003287,0.005757,0.002249,0.960324,0.004673,0.002538,0.00176,0.010257
5187,5,5,1,0.005386,0.004901,0.003221,0.000934,0.000837,0.971949,0.00173,0.001277,0.00235,0.007416
5188,5,5,1,0.007531,0.013856,0.011931,0.009038,0.008546,0.920241,0.002979,0.001661,0.001653,0.022563
5189,5,5,1,0.000399,0.0005,0.000295,0.000488,0.000843,0.993912,0.000198,0.000478,0.00045,0.002437
5190,5,5,1,0.004195,0.009171,0.011534,0.004203,0.003655,0.931695,0.006306,0.007162,0.004645,0.017434
5191,5,5,1,0.004713,0.002489,0.00264,0.001883,0.001438,0.977441,0.000559,0.000518,0.002029,0.00629
5192,5,5,1,0.017686,0.009419,0.003373,0.008877,0.00622,0.91696,0.002345,0.003269,0.003952,0.027898
5193,5,5,1,0.016706,0.015186,0.007367,0.011385,0.00629,0.909756,0.004183,0.001475,0.006417,0.021234
5194,5,5,1,0.001605,0.003894,0.004766,0.001213,0.003764,0.972425,0.002467,0.000755,0.000668,0.008443
5195,5,5,1,0.017771,0.012232,0.005928,0.014102,0.007479,0.906687,0.004071,0.006948,0.001416,0.023365
5196,5,5,1,2e-05,1.8e-05,1.4e-05,9e-06,6e-06,0.9999,7e-06,5e-06,1e-06,1.9e-05
5197,5,5,1,0.01373,0.012296,0.005551,0.005359,0.004292,0.933539,0.001589,0.005149,0.001331,0.017165
5198,5,5,1,0.01025,0.009273,0.007376,0.002139,0.001733,0.950792,0.001474,0.001363,0.00113,0.01447
5199,5,5,1,0.006059,0.008582,0.007754,0.005977,0.00466,0.951997,0.002266,0.001616,0.001514,0.009574
5200,5,5,1,0.007515,0.001398,0.005062,0.004133,0.001541,0.966583,0.001519,0.002608,0.001235,0.008408
5201,5,5,1,0.003625,0.006793,0.004016,0.003987,0.001057,0.968581,0.002307,0.002109,0.001375,0.006151
5202,5,5,1,0.004829,0.001791,0.002426,0.001538,0.001676,0.977725,0.001192,0.001918,0.000799,0.006106
5203,5,5,1,0.025734,0.006615,0.005641,0.006662,0.01215,0.895634,0.006363,0.00408,0.004639,0.032482
5204,5,5,1,0.005927,0.002985,0.003434,0.005095,0.003557,0.966302,0.003078,0.000777,0.000716,0.008131
5205,5,5,1,1.3e-05,1.6e-05,1.2e-05,1e-05,3e-06,0.9999,3e-06,7e-06,5e-06,3.1e-05
5206,5,5,1,0.002013,0.001351,0.002444,0.000713,0.001516,0.985865,0.000981,0.000767,0.000387,0.003963
5207,5,5,1,0.005355,0.018862,0.014164,0.00819,0.003777,0.914121,0.006737,0.006706,0.002949,0.01914
5208,5,5,1,0.000843,0.000865,0.000249,0.00034,0.000799,0.993867,0.000521,0.000344,0.000391,0.00178
5209,5,5,1,0.016956,0.010266,0.011627,0.006855,0.003221,0.922527,0.005508,0.001719,0.002836,0.018484
5210,5,5,1,0.004999,0.004311,0.003199,0.00176,0.001791,0.97758,0.00125,0.001185,0.000466,0.003458
5211,5,5,1,0.010866,0.015665,0.004931,0.009558,0.006237,0.923676,0.0021,0.002414,0.002049,0.022505
5212,5,5,1,0.014103,0.005563,0.013897,0.00658,0.003671,0.920378,0.008503,0.005608,0.004582,0.017116
5213,5,5,1,0.008241,0.004362,0.003182,0.004972,0.003096,0.959506,0.001796,0.002226,0.001401,0.011219
5214,5,5,1,0.020832,0.011976,0.006143,0.004797,0.002523,0.915372,0.008762,0.001658,0.001553,0.026384
5215,5,5,1,0.012494,0.012635,0.004335,0.005389,0.007065,0.930062,0.006403,0.003517,0.002205,0.015896
5216,5,5,1,0.001145,0.001476,0.000419,0.001006,0.000343,0.99287,0.000661,0.000405,0.000157,0.001518
5217,5,5,1,0.007565,0.007916,0.003612,0.003078,0.007515,0.940674,0.005031,0.004844,0.00263,0.017134
5218,5,5,1,0.00777,0.009409,0.00807,0.006869,0.007507,0.937194,0.005692,0.003817,0.002364,0.011307
5219,5,5,1,0.000706,0.001209,0.002578,0.001374,0.001062,0.985919,0.001491,0.000371,0.000651,0.004638
5220,5,5,1,0.008164,0.012189,0.006546,0.021147,0.008342,0.883144,0.01236,0.003444,0.005632,0.039033
5221,5,5,1,0.001508,0.001096,0.001586,0.001517,0.002073,0.98132,0.000792,0.001608,0.001913,0.006587
5222,5,5,1,0.002674,0.000848,0.001144,0.001956,0.002159,0.983828,0.000908,0.000803,0.000783,0.004897
5223,5,5,1,0.01056,0.008557,0.006884,0.002017,0.005302,0.946794,0.00125,0.003375,0.002605,0.012655
5224,5,5,1,0.006235,0.006325,0.00243,0.001053,0.001464,0.965144,0.002561,0.001148,0.000721,0.012918
5225,5,5,1,0.00618,0.005597,0.00406,0.00468,0.003835,0.950567,0.002201,0.001183,0.003831,0.017867
5226,5,5,1,0.002888,0.002087,0.00153,0.000759,0.00047,0.987805,0.000795,0.000248,0.000339,0.003078
5227,5,5,1,2e-05,1.1e-05,7e-06,1.1e-05,1.2e-05,0.9999,9e-06,5e-06,2e-06,2.5e-05
5228,5,5,1,2.4e-05,1e-05,1.5e-05,4e-06,4e-06,0.9999,9e-06,6e-06,6e-06,2.1e-05
5229,5,5,1,0.000601,0.000561,0.000202,0.000153,0.000304,0.996937,0.000269,0.00019,0.000176,0.000607
5230,5,5,1,0.00145,0.00047,0.000892,0.000803,0.000444,0.99244,0.000393,0.000187,0.000457,0.002465
5231,5,5,1,0.004784,0.002201,0.003134,0.002713,0.002002,0.973615,0.001354,0.002134,0.001933,0.00613
5232,5,5,1,0.017243,0.009149,0.011866,0.013335,0.007095,0.904387,0.0062,0.002633,0.006606,0.021486
5233,5,5,1,0.003711,0.003663,0.002958,0.004729,0.004619,0.965496,0.00119,0.00074,0.000936,0.011959
5234,5,5,1,0.00494,0.012557,0.010768,0.005393,0.003817,0.932964,0.003132,0.002425,0.004748,0.019257
5235,5,5,1,0.012788,0.011333,0.006489,0.00705,0.004219,0.928872,0.006924,0.005477,0.002295,0.014554
5236,5,5,1,0.00162,0.001767,0.001301,0.002817,0.00198,0.983369,0.000404,0.001243,0.001259,0.00424
5237,5,5,1,1.8e-05,1.6e-05,1.6e-05,8e-06,9e-06,0.9999,3e-06,5e-06,3e-06,2.1e-05
5238,5,5,1,0.003585,0.004128,0.00118,0.003289,0.000989,0.975698,0.001363,0.001894,0.001165,0.00671
5239,5,5,1,6e-06,9e-06,6e-06,1.7e-05,4e-06,0.9999,7e-06,8e-06,8e-06,3.6e-05
5240,5,5,1,0.004163,0.005324,0.007091,0.003114,0.003921,0.946906,0.003478,0.004312,0.002436,0.019256
5241,5,5,1,0.004035,0.00479,0.002364,0.001971,0.000762,0.974882,0.001285,0.001852,0.001384,0.006676
5242,5,5,1,0.010212,0.009457,0.010981,0.008434,0.005745,0.933121,0.002331,0.004522,0.003119,0.012078
5243,5,5,1,0.000194,0.000285,0.00035,0.000213,0.000213,0.997718,0.000213,7.3e-05,0.000152,0.000588
5244,5,5,1,0.004148,0.000813,0.002621,0.001002,0.001887,0.97961,0.001807,0.001478,0.001265,0.005368
5245,5,5,1,0.010521,0.004399,0.009476,0.005951,0.002451,0.934926,0.003048,0.005304,0.004977,0.018948
5246,5,5,1,0.000375,0.000262,0.000127,0.000199,9.1e-05,0.998312,0.000107,9.8e-05,7.6e-05,0.000352
5247,5,5,1,0.007059,0.003385,0.004344,0.002672,0.001666,0.971692,0.001497,0.000807,0.000452,0.006425
5248,5,5,1,0.004434,0.008989,0.002353,0.00375,0.00587,0.951324,0.004458,0.002137,0.004052,0.012633
5249,5,5,1,0.00016,0.000347,0.000104,0.000198,0.00014,0.998101,0.000179,0.00016,0.000118,0.000493
5250,5,5,1,0.003355,0.006844,0.005891,0.003819,0.00448,0.960038,0.001229,0.002608,0.00159,0.010146
5251,5,5,1,0.008549,0.004271,0.010953,0.00293,0.006082,0.92924,0.008064,0.006278,0.003618,0.020013
5252,5,5,1,0.008664,0.007701,0.00728,0.00588,0.011868,0.919919,0.003473,0.001789,0.005988,0.027438
5253,5,5,1,0.004849,0.003968,0.002972,0.002846,0.001748,0.976519,0.001021,0.000658,0.000974,0.004446
5254,5,5,1,0.010571,0.008145,0.003547,0.001835,0.002241,0.951546,0.002881,0.001734,0.001488,0.016013
5255,5,5,1,0.001215,0.001915,0.001614,0.000502,0.000629,0.990156,0.00023,0.000529,0.000387,0.002824
5256,5,5,1,0.007983,0.003245,0.01245,0.003265,0.007886,0.938956,0.003075,0.00327,0.004922,0.014948
5257,5,5,1,0.012307,0.004625,0.009405,0.011485,0.006433,0.909194,0.007128,0.004818,0.002754,0.03185
5258,5,5,1,0.004863,0.003564,0.002795,0.004532,0.00148,0.968126,0.001861,0.003138,0.001439,0.008201
5259,5,5,1,0.0079,0.004943,0.0023,0.001745,0.001933,0.964593,0.003066,0.002941,0.000942,0.009635
5260,5,5,1,0.013681,0.005554,0.008987,0.004378,0.00154,0.937459,0.006429,0.003525,0.003455,0.014993
5261,5,5,1,0.001567,0.004404,0.001738,0.004004,0.00292,0.969595,0.002528,0.002231,0.002116,0.008896
5262,5,5,1,0.01125,0.010801,0.008368,0.007758,0.00369,0.9226,0.007753,0.001977,0.00444,0.021363
5263,5,5,1,0.008893,0.008915,0.002998,0.004693,0.002472,0.938908,0.005132,0.001814,0.005167,0.021008
5264,5,5,1,0.006186,0.004599,0.011848,0.012534,0.009815,0.912274,0.004868,0.002842,0.004635,0.0304
5265,5,5,1,0.002965,0.004892,0.002195,0.003108,0.002333,0.973347,0.000933,0.000731,0.001986,0.007509
5266,5,5,1,0.001105,0.00166,0.00098,0.000837,0.000316,0.990591,0.000301,0.000728,0.000734,0.002748
5267,5,5,1,0.021318,0.011684,0.004361,0.006367,0.009418,0.907381,0.008234,0.004616,0.00639,0.02023
5268,5,5,1,0.002825,0.003628,0.00416,0.001769,0.00141,0.976249,0.000683,0.001426,0.000593,0.007258
5269,5,5,1,0.012357,0.017484,0.010522,0.005821,0.005537,0.910104,0.00646,0.004477,0.003916,0.023322
5270,5,5,1,0.007079,0.00404,0.004146,0.00498,0.004275,0.962475,0.001158,0.00088,0.002269,0.008699
5271,5,5,1,0.003431,0.005356,0.007035,0.009038,0.004249,0.937282,0.005665,0.006123,0.005286,0.016535
5272,5,5,1,0.012608,0.006306,0.009777,0.004624,0.003728,0.929619,0.002616,0.004702,0.005926,0.020093
5273,5,5,1,0.007013,0.00198,0.004724,0.002632,0.000842,0.971813,0.000829,0.001179,0.001035,0.007952
5274,5,5,1,0.010602,0.013481,0.011368,0.004578,0.003134,0.926486,0.001913,0.001799,0.002985,0.023654
5275,5,5,1,0.009034,0.005027,0.005614,0.005417,0.002781,0.95065,0.00287,0.003024,0.002116,0.013467
5276,5,5,1,0.008555,0.003542,0.006595,0.001475,0.002343,0.958838,0.001549,0.003401,0.002442,0.01126
5277,5,5,1,0.011938,0.012435,0.012272,0.007301,0.003463,0.922342,0.006541,0.001306,0.002772,0.019629
5278,5,5,1,0.017538,0.016442,0.016622,0.012244,0.00524,0.898138,0.004272,0.003964,0.002079,0.02346
5279,5,5,1,0.004543,0.001115,0.002406,0.002325,0.00079,0.976413,0.001207,0.00192,0.000861,0.008421
5280,5,5,1,0.012073,0.007066,0.01377,0.002778,0.009109,0.918091,0.009217,0.004512,0.002118,0.021265
5281,5,5,1,1.4e-05,6e-06,1.6e-05,5e-06,5e-06,0.9999,1e-05,1e-05,3e-06,3e-05
5282,5,5,1,0.003335,0.001564,0.002806,0.001737,0.001407,0.980886,0.001544,0.001572,0.000758,0.004392
5283,5,5,1,0.009746,0.009891,0.006893,0.005931,0.0018,0.94802,0.00324,0.00199,0.00161,0.010879
5284,5,5,1,0.00014,0.00045,0.000338,0.000158,0.000195,0.997978,0.000111,0.000145,8.4e-05,0.000399
5285,5,5,1,0.010426,0.008649,0.005335,0.00944,0.005838,0.932819,0.005363,0.003847,0.00413,0.014153
5286,5,5,1,0.005273,0.007956,0.011102,0.00769,0.011297,0.921371,0.007716,0.00368,0.004292,0.019623
5287,5,5,1,0.005419,0.006143,0.003333,0.003828,0.001085,0.968573,0.001104,0.002035,0.001786,0.006694
5288,5,5,1,0.001676,0.00169,0.001227,0.001098,0.000869,0.990684,0.000558,0.000405,0.000435,0.001359
5289,5,5,1,0.002408,0.003615,0.002014,0.001949,0.0015,0.98126,0.001125,0.000486,0.000306,0.005339
5290,5,5,1,0.006073,0.001401,0.002025,0.001147,0.00204,0.971362,0.001244,0.001011,0.001432,0.012266
5291,5,5,1,0.001061,0.002286,0.002327,0.000873,0.000423,0.987326,0.001205,0.000419,0.000349,0.00373
5292,5,5,1,0.011258,0.004015,0.011972,0.008849,0.006788,0.922504,0.007704,0.001726,0.001412,0.023773
5293,5,5,1,0.005791,0.012206,0.006643,0.005065,0.005212,0.944372,0.003482,0.001047,0.00331,0.012873
5294,5,5,1,0.003087,0.002124,0.001122,0.00263,0.001468,0.980532,0.001339,0.000619,0.001699,0.00538
5295,5,5,1,2.4e-05,7e-06,8e-06,7e-06,1.1e-05,0.9999,1.1e-05,6e-06,7e-06,2e-05
5296,5,5,1,0.000985,0.00074,0.000426,0.000375,0.000181,0.995844,0.000311,0.000203,0.000209,0.000727
5297,5,5,1,0.001181,0.000607,0.001068,0.000207,0.000687,0.993869,0.000553,0.000103,0.00035,0.001374
5298,5,5,1,0.002848,0.009255,0.007986,0.002939,0.006087,0.952168,0.002625,0.001496,0.002821,0.011774
5299,5,5,1,0.003823,0.003978,0.005381,0.003082,0.001825,0.955886,0.002857,0.004094,0.002141,0.016932
5300,5,5,1,0.003819,0.007206,0.009199,0.006916,0.00308,0.94893,0.004566,0.003288,0.002686,0.010309
5301,5,5,1,1.4e-05,1.9e-05,1.2e-05,1.1e-05,1.1e-05,0.9999,7e-06,7e-06,4e-06,1.7e-05
5302,5,5,1,0.00258,0.002616,0.007148,0.003823,0.001558,0.963519,0.003596,0.003467,0.002696,0.008997
5303,5,5,1,0.006669,0.006452,0.003865,0.002341,0.002202,0.967201,0.001095,0.000966,0.000965,0.008243
5304,5,5,1,2.4e-05,1.3e-05,1.4e-05,9e-06,6e-06,0.9999,6e-06,5e-06,2e-06,2.3e-05
5305,5,5,1,0.00229,0.001301,0.000966,0.001581,0.000698,0.982286,0.001467,0.002214,0.001125,0.006073
5306,5,5,1,0.008151,0.011135,0.009416,0.002852,0.004244,0.940579,0.004471,0.002676,0.001142,0.015334
5307,5,5,1,0.020045,0.009744,0.005013,0.00884,0.007341,0.911637,0.003327,0.00643,0.006197,0.021426
5308,5,5,1,0.006176,0.003731,0.004009,0.003583,0.002114,0.968208,0.000637,0.00087,0.001914,0.008759
5309,5,5,1,0.012241,0.00832,0.004388,0.005163,0.005148,0.926029,0.005361,0.008274,0.002709,0.022367
5310,5,5,1,0.001277,0.003979,0.002876,0.002905,0.000781,0.975493,0.003141,0.002324,0.000973,0.00625
5311,5,5,1,2.4e-05,1.6e-05,7e-06,9e-06,8e-06,0.9999,8e-06,4e-06,4e-06,2e-05
5312,5,5,1,0.005153,0.003453,0.002085,0.003438,0.002744,0.971411,0.000604,0.00216,0.000701,0.008253
5313,5,5,1,0.007895,0.012189,0.005583,0.005361,0.005717,0.937148,0.002386,0.002927,0.005074,0.01572
5314,5,5,1,0.005272,0.008288,0.003361,0.004915,0.004775,0.957349,0.003647,0.001151,0.001866,0.009376
5315,5,5,1,0.007636,0.016157,0.005484,0.002439,0.006503,0.92523,0.003454,0.002648,0.003629,0.026819
5316,5,5,1,0.00298,0.003534,0.005042,0.006847,0.005145,0.954295,0.002763,0.003919,0.002544,0.012931
5317,5,5,1,0.008392,0.00341,0.006515,0.00363,0.002304,0.961446,0.000996,0.002715,0.000849,0.009744
5318,5,5,1,0.000769,0.001625,0.001086,0.000847,0.000487,0.990279,0.00079,0.000869,0.00079,0.002457
5319,5,5,1,0.002991,0.010991,0.002136,0.002542,0.003361,0.951659,0.005383,0.004045,0.003132,0.01376
5320,5,5,1,0.00756,0.007653,0.00645,0.006873,0.004264,0.946751,0.003489,0.00308,0.002795,0.011086
5321,5,5,1,0.006986,0.002524,0.005041,0.003874,0.001507,0.96638,0.00122,0.001112,0.001581,0.009775
5322,5,5,1,0.011623,0.012739,0.007431,0.008473,0.002576,0.927508,0.004523,0.006079,0.001754,0.017294
5323,5,5,1,0.005514,0.00261,0.002599,0.003223,0.00134,0.975396,0.000802,0.000668,0.000914,0.006933
5324,5,5,1,0.016415,0.015331,0.011159,0.00778,0.01115,0.903803,0.003318,0.005475,0.001959,0.02361
5325,5,5,1,0.006119,0.004753,0.00326,0.003486,0.00452,0.963126,0.002496,0.000687,0.001033,0.010521
5326,5,5,1,0.005678,0.00608,0.003791,0.002172,0.002517,0.966375,0.001911,0.002864,0.000696,0.007917
5327,5,5,1,0.002928,0.001793,0.001776,0.002191,0.001028,0.98396,0.000873,0.00108,0.000607,0.003763
5328,5,5,1,0.007572,0.004359,0.00185,0.002975,0.000942,0.968758,0.003375,0.002508,0.000453,0.007209
5329,5,5,1,0.017704,0.011064,0.016056,0.008011,0.009397,0.90187,0.008219,0.002644,0.001417,0.023618
5330,5,5,1,0.001908,0.004135,0.006495,0.001563,0.001356,0.967436,0.003282,0.001359,0.00132,0.011145
5331,5,5,1,0.001,0.000751,0.00039,0.000487,0.000556,0.993798,0.000316,0.000462,0.000387,0.001852
5332,5,5,1,0.001159,0.001279,0.001661,0.001744,0.002787,0.982489,0.00217,0.00058,0.000879,0.005251
5333,5,5,1,0.018664,0.011261,0.006584,0.009839,0.008169,0.915047,0.005543,0.003851,0.001197,0.019846
5334,5,5,1,0.014301,0.006901,0.005333,0.009093,0.007843,0.922855,0.005217,0.006392,0.00114,0.020925
5335,5,5,1,0.005258,0.005618,0.004847,0.002171,0.003177,0.968285,0.002518,0.00133,0.001406,0.00539
5336,5,5,1,2.3e-05,9e-06,4e-06,8e-06,1.3e-05,0.9999,8e-06,4e-06,7e-06,2.6e-05
5337,5,5,1,0.009279,0.004428,0.005624,0.003395,0.002262,0.953494,0.002311,0.004013,0.001473,0.013719
5338,5,5,1,0.009526,0.003426,0.002833,0.006391,0.008467,0.941581,0.004751,0.003199,0.001556,0.018271
5339,5,5,1,0.001895,0.004013,0.001914,0.00353,0.002298,0.976929,0.00063,0.00218,0.001566,0.005045
5340,5,5,1,0.003131,0.001892,0.004876,0.003613,0.001602,0.960648,0.005317,0.004134,0.00312,0.011668
5341,5,5,1,0.007925,0.004169,0.004061,0.003011,0.002445,0.967881,0.001037,0.001492,0.000461,0.00752
5342,5,5,1,0.004867,0.007199,0.006755,0.005715,0.001842,0.950369,0.003185,0.004579,0.000992,0.014496
5343,5,5,1,0.003897,0.003489,0.001776,0.002266,0.000477,0.980742,0.00096,0.001418,0.001149,0.003826
5344,5,5,1,0.00858,0.013857,0.005631,0.006805,0.007765,0.930355,0.006177,0.001695,0.001506,0.017628
5345,5,5,1,0.010923,0.010979,0.020422,0.007666,0.005309,0.892567,0.003933,0.005338,0.010481,0.032382
5346,5,5,1,0.002909,0.001002,0.002186,0.001349,0.000855,0.985695,0.000403,0.000781,0.000785,0.004035
5347,5,5,1,0.003802,0.009152,0.00287,0.001745,0.003387,0.95767,0.002467,0.004395,0.002123,0.012389
5348,5,5,1,0.013323,0.008881,0.008338,0.00185,0.00454,0.934297,0.006141,0.002993,0.001422,0.018217
5349,5,5,1,0.000882,0.000714,0.000409,0.000331,0.000112,0.995742,0.000383,0.000256,7.3e-05,0.001097
5350,5,5,1,7e-05,5e-05,4.3e-05,4.5e-05,1.3e-05,0.999629,1.6e-05,1e-05,1.7e-05,0.000107
5351,5,5,1,0.028709,0.013266,0.012436,0.010048,0.008225,0.885089,0.003251,0.006441,0.007738,0.024798
5352,5,5,1,1.6e-05,5e-06,6e-06,1.1e-05,4e-06,0.9999,7e-06,3e-06,1.1e-05,3.6e-05
5353,5,5,1,0.007553,0.004998,0.002034,0.003082,0.002084,0.96201,0.003573,0.001771,0.003221,0.009674
5354,5,5,1,0.011102,0.008529,0.007129,0.003918,0.008146,0.935698,0.004302,0.002083,0.004559,0.014535
5355,5,5,1,0.011,0.004817,0.003917,0.001993,0.005962,0.949072,0.005366,0.003187,0.003502,0.011185
5356,5,5,1,0.007773,0.00482,0.005562,0.003865,0.003669,0.948884,0.002416,0.005099,0.004215,0.013697
5357,5,5,1,0.003969,0.007805,0.013708,0.006888,0.008592,0.933242,0.002694,0.002963,0.001442,0.018696
5358,5,5,1,0.005766,0.00479,0.002933,0.002529,0.002435,0.973551,0.000484,0.000969,0.000818,0.005726
5359,5,5,1,0.004897,0.007432,0.005871,0.004515,0.000915,0.960896,0.001853,0.000738,0.001962,0.010921
5360,5,5,1,0.008291,0.005831,0.007004,0.006175,0.00673,0.941427,0.003565,0.003984,0.001695,0.015299
5361,5,5,1,0.00123,0.002818,0.002024,0.001113,0.000851,0.98223,0.00159,0.001374,0.001293,0.005477
5362,5,5,1,0.009041,0.007902,0.005054,0.0061,0.002524,0.952109,0.003788,0.002272,0.000621,0.010589
5363,5,5,1,0.00348,0.004899,0.0017,0.000937,0.002767,0.975342,0.002435,0.000738,0.001426,0.006277
5364,5,5,1,0.002484,0.00632,0.001765,0.003809,0.003188,0.961705,0.00383,0.001638,0.002137,0.013126
5365,5,5,1,0.006909,0.004941,0.001146,0.001391,0.002971,0.972185,0.001044,0.001623,0.001921,0.005869
5366,5,5,1,0.004436,0.002585,0.00426,0.005738,0.003921,0.964226,0.001357,0.001714,0.002471,0.009293
5367,5,5,1,2e-05,7e-06,1e-05,1.1e-05,1.1e-05,0.9999,5e-06,5e-06,7e-06,2.4e-05
5368,5,5,1,0.010838,0.011677,0.011318,0.008311,0.001582,0.930657,0.001535,0.00294,0.003409,0.017734
5369,5,5,1,0.009083,0.00959,0.005957,0.002364,0.001686,0.949961,0.003072,0.002277,0.003658,0.012352
5370,5,5,1,1e-05,1.7e-05,1.8e-05,1.1e-05,1.1e-05,0.9999,5e-06,2e-06,5e-06,2.2e-05
5371,5,5,1,0.017103,0.007532,0.011183,0.006694,0.002941,0.929407,0.005915,0.004498,0.00309,0.011637
5372,5,5,1,2.2e-05,6e-06,1.3e-05,1.3e-05,1.1e-05,0.9999,8e-06,7e-06,2e-06,1.8e-05
5373,5,5,1,0.012789,0.019274,0.011868,0.006325,0.003401,0.90257,0.003005,0.002069,0.008402,0.030296
5374,5,5,1,0.00101,0.001535,0.001404,0.001438,0.000812,0.987102,0.001385,0.000975,0.000421,0.003919
5375,5,5,1,0.012403,0.008,0.003268,0.007445,0.003593,0.944814,0.002799,0.003021,0.00334,0.011316
5376,5,5,1,0.008533,0.004016,0.008021,0.005484,0.001999,0.953255,0.003933,0.00104,0.00186,0.011859
5377,5,5,1,0.004015,0.005729,0.003787,0.007163,0.004407,0.953802,0.001509,0.003519,0.001114,0.014956
5378,5,5,1,0.008172,0.005901,0.007548,0.004988,0.001653,0.946709,0.003124,0.002001,0.00134,0.018564
5379,5,5,1,0.003453,0.004368,0.001338,0.004696,0.001717,0.971728,0.000924,0.000846,0.001518,0.009412
5380,5,5,1,0.000588,0.000425,0.000494,0.000968,0.000492,0.994553,0.000219,0.00019,0.000176,0.001895
5381,5,5,1,0.007945,0.007063,0.004776,0.002809,0.002062,0.961047,0.00246,0.002894,0.001176,0.007769
5382,5,5,1,0.004669,0.003022,0.005396,0.004248,0.003051,0.969771,0.00103,0.000788,0.000747,0.007278
5383,5,5,1,0.00468,0.002236,0.003276,0.002134,0.000645,0.9755,0.001608,0.001383,0.000474,0.008064
5384,5,5,1,0.006366,0.012811,0.00426,0.008233,0.00626,0.920714,0.005701,0.005988,0.006289,0.023377
5385,5,5,1,0.001691,0.001947,0.00552,0.003669,0.001522,0.972323,0.001543,0.000793,0.000632,0.010359
5386,5,5,1,0.00334,0.010926,0.006692,0.003234,0.003311,0.949067,0.001778,0.005232,0.001599,0.014821
5387,5,5,1,0.002435,0.000657,0.002955,0.00202,0.000486,0.984727,0.000943,0.001318,0.000803,0.003656
5388,5,5,1,0.005142,0.007211,0.00533,0.005183,0.008851,0.930006,0.00459,0.002892,0.002133,0.028661
5389,5,5,1,0.00147,0.001828,0.000922,0.001867,0.000429,0.987942,0.001036,0.000495,0.000262,0.00375
5390,5,5,1,0.003506,0.004735,0.002446,0.000694,0.002223,0.97583,0.000954,0.000619,0.001334,0.007661
5391,5,5,1,0.003485,0.008891,0.006233,0.00594,0.004408,0.945338,0.00181,0.005768,0.004182,0.013944
5392,5,5,1,0.000568,0.001262,0.001189,0.000625,0.000705,0.99185,0.000334,0.000511,0.000274,0.002683
5393,5,5,1,0.002612,0.003312,0.001495,0.001508,0.001004,0.983653,0.000421,0.001342,0.000279,0.004375
5394,5,5,1,0.006594,0.002313,0.007326,0.002991,0.001846,0.957104,0.003136,0.00157,0.001525,0.015595
5395,5,5,1,2.3e-05,1.7e-05,1e-05,7e-06,2e-06,0.9999,5e-06,9e-06,3e-06,2.5e-05
5396,5,5,1,0.009466,0.00532,0.001872,0.004276,0.006019,0.948157,0.0046,0.003509,0.002556,0.014225
5397,5,5,1,0.004668,0.002447,0.001321,0.000724,0.001825,0.978562,0.002246,0.000803,0.001844,0.005562
5398,5,5,1,0.00235,0.005342,0.001939,0.002517,0.003561,0.971771,0.000774,0.00254,0.000729,0.008476
5399,5,5,1,0.012764,0.013283,0.005231,0.002368,0.005336,0.929008,0.003884,0.003248,0.001945,0.022934
5400,5,5,1,0.020605,0.006953,0.005581,0.013517,0.008976,0.911251,0.003934,0.00268,0.006404,0.020099
5401,5,5,1,0.0018,0.000944,0.001087,0.001077,0.000678,0.987472,0.001262,0.001204,0.00075,0.003728
5402,5,5,1,0.008646,0.008653,0.006105,0.004391,0.003687,0.951068,0.002472,0.002148,0.002906,0.009924
5403,5,5,1,0.001891,0.000547,0.001358,0.000606,0.001294,0.990054,0.000541,0.000253,0.00022,0.003235
5404,5,5,1,0.004476,0.005585,0.004446,0.002109,0.005899,0.950279,0.005502,0.004116,0.004131,0.013458
5405,5,5,1,0.011026,0.003178,0.001998,0.004289,0.004435,0.951437,0.004235,0.003527,0.001325,0.01455
5406,5,5,1,0.013228,0.00805,0.00672,0.005054,0.004577,0.939925,0.005269,0.001892,0.003442,0.011843
5407,5,5,1,0.006924,0.002979,0.003769,0.005158,0.002516,0.957381,0.003132,0.001545,0.001729,0.014868
5408,5,5,1,0.008191,0.004104,0.008287,0.009424,0.005564,0.933537,0.007027,0.004398,0.004849,0.01462
5409,5,5,1,0.002757,0.002432,0.00375,0.002905,0.003817,0.96949,0.000915,0.00092,0.000659,0.012354
5410,5,5,1,0.001897,0.003085,0.003351,0.00263,0.001216,0.980851,0.001444,0.000985,0.000845,0.003696
5411,5,5,1,0.000344,0.000195,0.000303,0.000384,0.000459,0.996638,0.000196,0.000274,0.000243,0.000963
5412,5,5,1,0.006359,0.005078,0.004855,0.003955,0.004273,0.960938,0.00355,0.001785,0.000695,0.008513
5413,5,5,1,0.00585,0.015008,0.00485,0.008259,0.003452,0.927006,0.004209,0.00313,0.005679,0.022558
5414,5,5,1,0.002187,0.002917,0.007363,0.004668,0.002382,0.965085,0.003387,0.002859,0.001249,0.007902
5415,5,5,1,0.004749,0.004217,0.003484,0.003445,0.00356,0.96966,0.00266,0.000832,0.00052,0.006871
5416,5,5,1,0.009676,0.004482,0.009319,0.009008,0.002631,0.927271,0.007905,0.006353,0.001926,0.021429
5417,5,5,1,2.3e-05,1.5e-05,6e-06,7e-06,6e-06,0.9999,4e-06,9e-06,4e-06,2.7e-05
5418,5,5,1,0.004533,0.006253,0.004627,0.004175,0.002757,0.9438,0.002805,0.006638,0.004287,0.020127
5419,5,5,1,0.005462,0.008935,0.002026,0.002703,0.002517,0.958774,0.004537,0.001072,0.002504,0.011469
5420,5,5,1,0.007224,0.00508,0.006519,0.003391,0.002911,0.958381,0.000931,0.00336,0.000802,0.011401
5421,5,5,1,0.001844,0.002745,0.003425,0.00152,0.002028,0.975394,0.001431,0.001035,0.000899,0.009679
5422,5,5,1,0.005764,0.004341,0.006457,0.001805,0.002587,0.952389,0.003396,0.004588,0.003569,0.015104
5423,5,5,1,0.0039,0.012174,0.009233,0.004532,0.004595,0.942062,0.002338,0.001906,0.003075,0.016186
5424,5,5,1,0.004392,0.01272,0.009404,0.005904,0.003329,0.943351,0.004298,0.002922,0.000702,0.012978
5425,5,5,1,0.001578,0.001552,0.002056,0.000711,0.002289,0.981743,0.000972,0.001588,0.001517,0.005994
5426,5,5,1,0.018413,0.009609,0.005849,0.006013,0.005687,0.925043,0.004381,0.004096,0.002685,0.018225
5427,5,5,1,0.00782,0.006494,0.006111,0.006526,0.005157,0.952399,0.003868,0.000868,0.002463,0.008295
5428,5,5,1,0.016035,0.011003,0.005022,0.003163,0.003861,0.924934,0.006545,0.004996,0.004459,0.019982
5429,5,5,1,0.003205,0.005693,0.005769,0.003002,0.00842,0.943994,0.003452,0.005349,0.004882,0.016235
5430,5,5,1,9e-06,8e-06,7e-06,1.1e-05,5e-06,0.9999,1.2e-05,8e-06,5e-06,3.4e-05
5431,5,5,1,0.01946,0.009135,0.010939,0.009646,0.003844,0.919773,0.004295,0.004564,0.001697,0.016649
5432,5,5,1,0.001579,0.004488,0.003555,0.001847,0.00295,0.975103,0.0007,0.001859,0.000797,0.007122
5433,5,5,1,0.00435,0.005437,0.004923,0.00312,0.002379,0.969438,0.001118,0.000833,0.000451,0.007951
5434,5,5,1,0.011188,0.011842,0.007115,0.00777,0.004776,0.938731,0.002642,0.002624,0.000776,0.012536
5435,5,5,1,0.002833,0.001475,0.001291,0.000755,0.000728,0.987899,0.000704,0.000379,0.000458,0.003478
5436,5,5,1,0.013836,0.004053,0.004317,0.003987,0.003953,0.939928,0.005936,0.002009,0.004208,0.017772
5437,5,5,1,0.010382,0.005162,0.001605,0.001989,0.005748,0.957284,0.000909,0.00296,0.002128,0.011833
5438,5,5,1,0.004946,0.012877,0.014597,0.009914,0.008783,0.916942,0.005333,0.003017,0.004946,0.018646
5439,5,5,1,0.006012,0.003428,0.00227,0.008871,0.005477,0.945543,0.001501,0.001771,0.002473,0.022654
5440,5,5,1,0.008552,0.008726,0.00507,0.005089,0.003487,0.955695,0.001351,0.00274,0.000784,0.008506
5441,5,5,1,1.3e-05,1.2e-05,9e-06,7e-06,6e-06,0.9999,9e-06,1e-05,4e-06,3.1e-05
5442,5,5,1,0.003066,0.004521,0.001211,0.000821,0.003384,0.976333,0.001501,0.001755,0.00078,0.006628
5443,5,5,1,1.2e-05,9e-06,1.3e-05,1.3e-05,1.1e-05,0.9999,9e-06,5e-06,3e-06,2.5e-05
5444,5,5,1,0.01343,0.012389,0.005625,0.002709,0.004749,0.936835,0.003873,0.003258,0.001424,0.015709
5445,5,5,1,0.007056,0.01385,0.005387,0.002766,0.003499,0.936618,0.002525,0.005756,0.001304,0.021239
5446,5,5,1,0.002035,0.007568,0.004284,0.004884,0.003543,0.960567,0.003164,0.001697,0.002853,0.009405
5447,5,5,1,0.008994,0.006106,0.004626,0.001421,0.00242,0.958399,0.001671,0.001202,0.000924,0.014237
5448,5,5,1,0.004839,0.00726,0.005967,0.005508,0.001793,0.946688,0.006417,0.002091,0.003939,0.015498
5449,5,5,1,0.0151,0.007903,0.003567,0.004683,0.004765,0.935526,0.004225,0.001383,0.001667,0.02118
5450,5,5,1,0.001923,0.008327,0.002366,0.005943,0.003103,0.962643,0.003321,0.001291,0.002247,0.008837
5451,5,5,1,0.004344,0.000906,0.003141,0.000995,0.002168,0.981374,0.000858,0.00105,0.000778,0.004386
5452,5,5,1,0.021614,0.016283,0.00572,0.008529,0.007624,0.891989,0.003251,0.004973,0.0037,0.036318
5453,5,5,1,0.016253,0.017371,0.003507,0.005409,0.013068,0.9036,0.009739,0.005847,0.001853,0.023353
5454,5,5,1,1.8e-05,7e-06,1.6e-05,7e-06,8e-06,0.9999,4e-06,4e-06,8e-06,2.7e-05
5455,5,5,1,0.002754,0.001348,0.002054,0.00091,0.000615,0.985596,0.001029,0.001012,0.000433,0.004249
5456,5,5,1,0.001385,0.000765,0.000486,0.00033,0.000665,0.993594,0.000387,0.000412,0.000183,0.001794
5457,5,5,1,0.007182,0.014028,0.006029,0.006025,0.004268,0.928986,0.003281,0.005384,0.002961,0.021857
5458,5,5,1,0.000499,0.001768,0.000838,0.001654,0.000561,0.990032,0.000366,0.00101,0.000782,0.00249
5459,5,5,1,0.002381,0.000631,0.00096,0.000655,0.000759,0.987949,0.000947,0.00052,0.001178,0.00402
5460,5,5,1,0.004703,0.005465,0.008325,0.002566,0.003938,0.934144,0.004244,0.002673,0.002391,0.031551
5461,5,5,1,0.001709,0.003619,0.00337,0.003995,0.002505,0.967946,0.003611,0.001757,0.001258,0.01023
5462,5,5,1,0.003685,0.012346,0.005357,0.008486,0.00504,0.943153,0.005225,0.001513,0.002238,0.012957
5463,5,5,1,0.005496,0.007328,0.003414,0.004809,0.002205,0.963826,0.001436,0.001675,0.002169,0.007641
5464,5,5,1,0.003183,0.001866,0.00437,0.001001,0.001327,0.975823,0.00117,0.001662,0.001967,0.00763
5465,5,5,1,0.000562,0.000546,0.000278,0.000112,9.3e-05,0.997154,0.000176,9.1e-05,0.000237,0.000751
5466,5,5,1,0.00978,0.006036,0.004538,0.006307,0.005355,0.942675,0.005604,0.002372,0.001935,0.015399
5467,5,5,1,0.009913,0.00806,0.003871,0.006392,0.002427,0.930156,0.003596,0.003795,0.00762,0.02417
5468,5,5,1,0.00129,0.002917,0.004272,0.003189,0.002791,0.976902,0.001224,0.000836,0.000861,0.005719
5469,5,5,1,0.004757,0.00254,0.001847,0.007812,0.003258,0.957289,0.00415,0.00227,0.00135,0.014727
5470,5,5,1,0.003189,0.005747,0.002833,0.00091,0.002307,0.972852,0.001423,0.002438,0.001118,0.007183
5471,5,5,1,0.002756,0.003003,0.008821,0.007639,0.003192,0.947982,0.005313,0.00312,0.003951,0.014222
5472,5,5,1,0.002996,0.003788,0.003087,0.003401,0.007216,0.953366,0.004706,0.004948,0.003705,0.012787
5473,5,5,1,0.015817,0.018032,0.01004,0.010058,0.006933,0.909648,0.006312,0.004374,0.001463,0.017323
5474,5,5,1,0.005676,0.007553,0.007714,0.016334,0.006131,0.90048,0.011065,0.003605,0.003931,0.03751
5475,5,5,1,0.015877,0.015644,0.004373,0.012234,0.012614,0.899631,0.006946,0.008117,0.00409,0.020473
5476,5,5,1,0.007782,0.004658,0.004517,0.003452,0.002317,0.962777,0.003599,0.001395,0.001307,0.008196
5477,5,5,1,0.011543,0.005049,0.007323,0.008805,0.007897,0.92633,0.002858,0.005092,0.003179,0.021924
5478,5,5,1,1.3e-05,6e-06,8e-06,7e-06,1e-05,0.9999,7e-06,5e-06,2e-06,4.1e-05
5479,5,5,1,0.010681,0.015219,0.007066,0.003072,0.008473,0.918207,0.009124,0.004545,0.002592,0.021021
5480,5,5,1,0.013154,0.012459,0.00414,0.004127,0.007501,0.921482,0.002445,0.003181,0.00636,0.025152
5481,5,5,1,0.008747,0.004702,0.007806,0.005964,0.007435,0.943036,0.005125,0.00285,0.002293,0.012044
5482,5,5,1,0.009594,0.004135,0.003422,0.005141,0.000941,0.960358,0.001929,0.000728,0.001938,0.011815
5483,5,5,1,0.012471,0.006474,0.003885,0.006495,0.002404,0.948121,0.004421,0.001324,0.000999,0.013406
5484,5,5,1,0.004893,0.004567,0.001065,0.003775,0.001695,0.969735,0.003429,0.001114,0.002288,0.007438
5485,5,5,1,0.011558,0.00576,0.007009,0.005205,0.006318,0.944763,0.004698,0.003111,0.001211,0.010367
5486,5,5,1,2e-05,2e-05,4e-06,1.3e-05,8e-06,0.9999,3e-06,3e-06,2e-06,2.7e-05
5487,5,5,1,0.00331,0.004683,0.002834,0.001691,0.001801,0.977638,0.000525,0.000741,0.000896,0.005882
5488,5,5,1,0.004537,0.00317,0.00115,0.001649,0.001544,0.976837,0.002505,0.00135,0.001127,0.006131
5489,5,5,1,0.00093,0.001772,0.001268,0.001528,0.002096,0.986071,0.000467,0.000625,0.001076,0.004166
5490,5,5,1,0.007026,0.008402,0.002237,0.002565,0.004969,0.953188,0.00376,0.003722,0.000991,0.013141
5491,5,5,1,0.004329,0.005625,0.010269,0.0035,0.005456,0.929917,0.008364,0.007639,0.004602,0.020299
5492,5,5,1,0.003361,0.005543,0.002605,0.002723,0.008123,0.951768,0.001779,0.003055,0.001606,0.019436
5493,5,5,1,0.005526,0.00269,0.004328,0.00259,0.002031,0.972803,0.001298,0.000721,0.001349,0.006662
5494,5,5,1,0.001221,0.001401,0.001396,0.001622,0.002016,0.979512,0.002726,0.001312,0.001877,0.006918
5495,5,5,1,0.003395,0.0018,0.001457,0.003188,0.001417,0.973691,0.002344,0.002244,0.001687,0.008777
5496,5,5,1,0.002855,0.001759,0.000722,0.000647,0.001603,0.984755,0.001675,0.000935,0.000562,0.004485
5497,5,5,1,0.012154,0.007482,0.002747,0.010707,0.001733,0.933909,0.006679,0.004878,0.001993,0.017717
5498,5,5,1,0.006983,0.001842,0.007733,0.001928,0.001469,0.96019,0.001444,0.00121,0.001885,0.015315
5499,5,5,1,0.005827,0.003641,0.006545,0.001524,0.004104,0.961726,0.003287,0.000723,0.002551,0.010073
5500,5,5,1,0.008466,0.007654,0.003013,0.004039,0.004098,0.945906,0.002952,0.005644,0.003648,0.01458
5501,5,5,1,0.000774,0.000721,0.000392,0.00026,0.000326,0.996171,0.000233,0.000112,0.000123,0.000888
5502,5,5,1,0.003312,0.004337,0.001731,0.001033,0.000915,0.973033,0.003209,0.002757,0.00062,0.009053
5503,5,5,1,0.001765,0.006282,0.001901,0.004635,0.002627,0.965272,0.003447,0.003109,0.00123,0.009733
5504,5,5,1,0.004357,0.009294,0.002408,0.006871,0.004962,0.943488,0.00447,0.004919,0.004495,0.014736
5505,5,5,1,0.018574,0.009634,0.008409,0.007447,0.006448,0.918202,0.002981,0.003005,0.005803,0.019498
5506,5,5,1,0.001013,0.002795,0.001364,0.001102,0.000442,0.987082,0.000586,0.000922,0.001036,0.003658
5507,5,5,1,0.00542,0.003228,0.001183,0.004955,0.000994,0.969895,0.000738,0.002476,0.001161,0.009951
5508,5,5,1,0.003674,0.009347,0.003103,0.003103,0.007292,0.948908,0.001369,0.003197,0.003796,0.01621
5509,5,5,1,0.008001,0.013494,0.006368,0.004332,0.006466,0.937527,0.00183,0.004166,0.003719,0.014097
5510,5,5,1,0.006777,0.003703,0.002055,0.003585,0.002983,0.968977,0.000718,0.002362,0.001293,0.007547
5511,5,5,1,0.016106,0.014646,0.008968,0.002608,0.008237,0.921742,0.002265,0.00339,0.002813,0.019226
5512,5,5,1,0.013899,0.004196,0.007544,0.0062,0.005606,0.926299,0.002503,0.004782,0.006042,0.022929
5513,5,5,1,7e-06,6e-06,6e-06,5e-06,1.1e-05,0.9999,5e-06,1.1e-05,3e-06,4.6e-05
5514,5,5,1,0.009668,0.010054,0.00647,0.004887,0.00472,0.940815,0.002038,0.005116,0.00214,0.014092
5515,5,5,1,0.001068,0.00172,0.000461,0.00078,0.000309,0.991265,0.000245,0.000799,0.000736,0.002618
5516,5,5,1,0.005866,0.003478,0.002951,0.002481,0.001786,0.973853,0.00209,0.001001,0.000979,0.005514
5517,5,5,1,0.009866,0.008019,0.006307,0.005803,0.002073,0.946513,0.001114,0.002042,0.001937,0.016326
5518,5,5,1,0.003456,0.002599,0.001472,0.000732,0.00153,0.984631,0.000417,0.00097,0.000264,0.003928
5519,5,5,1,0.000806,0.001707,0.000906,0.001034,0.000196,0.99178,0.000188,0.000174,0.000319,0.00289
5520,5,5,1,1.2e-05,1e-05,1.5e-05,1.4e-05,8e-06,0.9999,9e-06,2e-06,3e-06,2.6e-05
5521,5,5,1,0.014688,0.006902,0.008607,0.00279,0.003883,0.934756,0.00453,0.00137,0.004447,0.018027
5522,5,5,1,0.004265,0.002011,0.005745,0.003565,0.003664,0.962907,0.000917,0.00217,0.001903,0.012853
5523,5,5,1,0.010818,0.007804,0.006109,0.005582,0.002831,0.951216,0.001385,0.0022,0.002726,0.009328
5524,5,5,1,0.009675,0.008833,0.013502,0.005946,0.005142,0.923264,0.002986,0.007379,0.004291,0.018983
5525,5,5,1,0.006838,0.002552,0.008817,0.004098,0.002163,0.952841,0.003,0.004619,0.002473,0.012598
5526,5,5,1,0.004612,0.006224,0.00299,0.008796,0.005939,0.946361,0.004427,0.002941,0.002798,0.014913
5527,5,5,1,2e-05,1.5e-05,7e-06,1.1e-05,5e-06,0.9999,9e-06,7e-06,5e-06,2.1e-05
5528,5,5,1,0.014178,0.011351,0.006136,0.008588,0.001614,0.932006,0.003553,0.002327,0.004424,0.015822
5529,5,5,1,0.005503,0.004694,0.005984,0.004229,0.0033,0.96492,0.002796,0.001342,0.001549,0.005682
5530,5,5,1,0.011313,0.006908,0.002694,0.004404,0.006902,0.932799,0.008186,0.002416,0.003468,0.02091
5531,5,5,1,0.002224,0.001472,0.002406,0.001104,0.000749,0.983844,0.000576,0.000803,0.001192,0.005631
5532,5,5,1,0.006794,0.008648,0.010295,0.002968,0.005847,0.939298,0.006165,0.004739,0.001709,0.013536
5533,5,5,1,0.00771,0.005404,0.008391,0.006806,0.008348,0.928996,0.007181,0.005925,0.004999,0.016239
5534,5,5,1,0.002289,0.005934,0.001884,0.002651,0.002459,0.972257,0.001232,0.001284,0.001094,0.008915
5535,5,5,1,0.001513,0.001527,0.001823,0.000682,0.001244,0.988305,0.001065,0.000942,0.000691,0.002208
5536,5,5,1,1.1e-05,2.1e-05,9e-06,8e-06,7e-06,0.9999,9e-06,6e-06,2e-06,2.6e-05
5537,5,5,1,0.005212,0.00284,0.000737,0.002406,0.002158,0.977389,0.001798,0.001284,0.001454,0.004721
5538,5,5,1,0.016173,0.013021,0.009971,0.008318,0.00364,0.924382,0.003279,0.003035,0.003079,0.015102
5539,5,5,1,0.009891,0.004769,0.003755,0.011783,0.005925,0.920519,0.00849,0.00288,0.004686,0.027302
5540,5,5,1,0.012068,0.007227,0.005035,0.001943,0.001258,0.950917,0.003033,0.004316,0.002387,0.011816
5541,5,5,1,0.00633,0.003353,0.001289,0.001356,0.002117,0.96679,0.001967,0.001997,0.003261,0.011541
5542,5,5,1,0.002468,0.005451,0.002167,0.002123,0.001062,0.974726,0.001496,0.000851,0.002191,0.007466
5543,5,5,1,0.014676,0.002762,0.003495,0.005074,0.006462,0.934502,0.007084,0.00421,0.00354,0.018194
5544,5,5,1,0.001144,0.003847,0.002765,0.002442,0.00196,0.979511,0.000465,0.001876,0.000846,0.005144
5545,5,5,1,0.001901,0.007671,0.002233,0.005006,0.003153,0.9627,0.002974,0.003105,0.00088,0.010377
5546,5,5,1,0.011379,0.008174,0.008633,0.00854,0.004276,0.922238,0.004602,0.007174,0.002874,0.022111
5547,5,5,1,0.019596,0.007494,0.01548,0.005228,0.004568,0.909341,0.00512,0.008141,0.004277,0.020755
5548,5,5,1,2.3e-05,1.1e-05,1e-05,1e-05,5e-06,0.9999,9e-06,5e-06,5e-06,2.3e-05
5549,5,5,1,0.006657,0.005179,0.007817,0.003534,0.005154,0.95169,0.003322,0.001755,0.00208,0.012812
5550,5,5,1,0.007177,0.006881,0.004242,0.003275,0.002079,0.961474,0.001929,0.001021,0.002187,0.009736
5551,5,5,1,0.001542,0.002013,0.00079,0.000408,0.000811,0.98959,0.000756,0.000401,0.000918,0.002771
5552,5,5,1,0.004067,0.002486,0.001534,0.001329,0.001083,0.982351,0.000639,0.000906,0.001089,0.004517
5553,5,5,1,0.007183,0.005651,0.001507,0.002397,0.001804,0.970169,0.002316,0.002242,0.001441,0.005289
5554,5,5,1,0.024223,0.018716,0.013066,0.008258,0.005553,0.898984,0.004817,0.003335,0.00423,0.018818
5555,5,5,1,0.008049,0.006063,0.002111,0.001179,0.004037,0.961033,0.000983,0.003542,0.001494,0.011509
5556,5,5,1,0.005491,0.012669,0.006077,0.004125,0.004752,0.935469,0.002153,0.005684,0.005223,0.018356
5557,5,5,1,0.009295,0.004314,0.002141,0.001865,0.006365,0.954519,0.003985,0.001694,0.002441,0.013381
5558,5,5,1,0.014076,0.008803,0.006501,0.007584,0.003741,0.935535,0.003607,0.002277,0.00128,0.016596
5559,5,5,1,0.011665,0.007408,0.006141,0.002448,0.007882,0.934394,0.004474,0.005373,0.003994,0.01622
5560,5,5,1,0.011099,0.004764,0.014218,0.008953,0.004806,0.922181,0.007591,0.00229,0.00269,0.021407
5561,5,5,1,0.011231,0.004679,0.005205,0.008221,0.003217,0.94316,0.004558,0.004677,0.002562,0.01249
5562,5,5,1,0.011583,0.008781,0.00243,0.002817,0.002771,0.952372,0.00188,0.000888,0.003514,0.012963
5563,5,5,1,0.006361,0.016184,0.010671,0.002961,0.007503,0.922256,0.005113,0.001794,0.001805,0.025352
5564,5,5,1,0.002613,0.008878,0.005464,0.004074,0.00474,0.953644,0.004387,0.001888,0.001994,0.012317
5565,5,5,1,0.000629,0.000394,0.000582,0.000213,0.000211,0.995727,0.000509,0.00011,0.000123,0.001502
5566,5,5,1,0.016855,0.019001,0.006827,0.008027,0.011607,0.89463,0.010698,0.005654,0.002665,0.024037
5567,5,5,1,0.024556,0.021748,0.015531,0.010848,0.011321,0.853417,0.012564,0.004564,0.007523,0.037927
5568,5,5,1,0.004182,0.004695,0.002521,0.002332,0.003168,0.972503,0.000932,0.000586,0.000715,0.008366
5569,5,5,1,0.023789,0.010064,0.011744,0.005953,0.008233,0.897879,0.010394,0.006237,0.00438,0.021327
5570,5,5,1,0.005023,0.009329,0.011766,0.015711,0.010341,0.909685,0.003029,0.007687,0.002968,0.024461
5571,5,5,1,1.9e-05,9e-06,1.6e-05,1.3e-05,7e-06,0.9999,5e-06,7e-06,2e-06,2e-05
5572,5,5,1,0.014749,0.003036,0.008345,0.006414,0.005843,0.939545,0.004137,0.00105,0.004041,0.01284
5573,5,5,1,1.4e-05,1.4e-05,1.3e-05,1.3e-05,8e-06,0.9999,3e-06,2e-06,3e-06,3e-05
5574,5,5,1,0.002264,0.00117,0.001221,0.00271,0.001423,0.980851,0.000954,0.001429,0.00045,0.007528
5575,5,5,1,1.1e-05,6e-06,1.1e-05,8e-06,1.6e-05,0.9999,7e-06,2e-06,6e-06,3.3e-05
5576,5,5,1,0.001335,0.001625,0.001556,0.000567,0.000462,0.989266,0.001012,0.000231,0.000388,0.003558
5577,5,5,1,0.012043,0.006795,0.00813,0.003198,0.003982,0.94039,0.006137,0.00437,0.001674,0.013282
5578,5,5,1,0.003009,0.002676,0.008493,0.002913,0.0027,0.954081,0.002518,0.00558,0.003815,0.014214
5579,5,5,1,2.1e-05,8e-06,1.4e-05,1.4e-05,6e-06,0.9999,2e-06,4e-06,4e-06,2.7e-05
5580,5,5,1,0.004724,0.001696,0.001701,0.003068,0.001287,0.9792,0.000664,0.000799,0.000471,0.006391
5581,5,5,1,0.000223,0.000487,0.000143,0.000246,0.000439,0.997116,0.000321,0.000154,0.000134,0.000736
5582,5,5,1,0.0038,0.005507,0.002391,0.002164,0.006523,0.958337,0.004334,0.002431,0.00265,0.011864
5583,5,5,1,0.008146,0.003085,0.00702,0.006939,0.006094,0.941857,0.006567,0.00366,0.002985,0.013646
5584,5,5,1,0.006013,0.004312,0.001747,0.003039,0.001594,0.973801,0.001716,0.001888,0.000376,0.005512
5585,5,5,1,0.005888,0.003989,0.010875,0.007642,0.004372,0.938743,0.004424,0.003545,0.001507,0.019015
5586,5,5,1,0.001987,0.001485,0.002064,0.002117,0.001804,0.984407,0.001009,0.000543,0.000621,0.003963
5587,5,5,1,0.003595,0.004565,0.004857,0.00433,0.003391,0.966511,0.000675,0.002674,0.001514,0.00789
5588,5,5,1,0.005131,0.005414,0.004904,0.010771,0.004845,0.933403,0.007735,0.004119,0.00152,0.022159
5589,5,5,1,6.8e-05,8.6e-05,5e-05,3.3e-05,5.9e-05,0.999158,0.000113,9.2e-05,8.1e-05,0.000261
5590,5,5,1,0.005468,0.009172,0.020266,0.014772,0.010866,0.9027,0.007087,0.003308,0.006402,0.019958
5591,5,5,1,0.002678,0.007766,0.007615,0.004613,0.004042,0.954113,0.003751,0.002879,0.000921,0.011623
5592,5,5,1,0.004428,0.001536,0.002696,0.002323,0.001162,0.979259,0.000677,0.001317,0.001371,0.005233
5593,5,5,1,0.006741,0.016662,0.012552,0.009941,0.008403,0.920162,0.003686,0.004093,0.0043,0.013461
5594,5,5,1,9e-06,2.3e-05,8e-06,5e-06,5e-06,0.9999,8e-06,4e-06,8e-06,3.1e-05
5595,5,5,1,0.003147,0.004409,0.002693,0.002271,0.001334,0.975161,0.001391,0.002109,0.000549,0.006936
5596,5,5,1,0.000535,0.000993,0.000299,0.000671,0.000536,0.995006,0.00045,0.000261,8.7e-05,0.001162
5597,5,5,1,0.006596,0.012105,0.011449,0.012186,0.006202,0.911294,0.002477,0.004922,0.005118,0.027653
5598,5,5,1,0.00851,0.007303,0.00244,0.00617,0.00175,0.955999,0.002406,0.001507,0.003444,0.010472
5599,5,5,1,0.004143,0.012048,0.011985,0.004738,0.004559,0.931687,0.007508,0.002096,0.004213,0.017023
5600,5,5,1,0.005703,0.003477,0.001789,0.002874,0.001078,0.975901,0.000621,0.002089,0.000877,0.005593
5601,5,5,1,0.023825,0.018127,0.012408,0.006501,0.011734,0.888001,0.004977,0.004583,0.004278,0.025564
5602,5,5,1,0.005866,0.002421,0.003729,0.004241,0.001437,0.970136,0.002347,0.00109,0.000467,0.008267
5603,5,5,1,0.025797,0.018038,0.014142,0.003663,0.009545,0.891109,0.009149,0.00293,0.003574,0.022052
5604,5,5,1,0.002484,0.006375,0.005699,0.002733,0.007054,0.953531,0.001758,0.004469,0.003788,0.012109
5605,5,5,1,1.9e-05,1.5e-05,6e-06,8e-06,1.1e-05,0.9999,3e-06,7e-06,7e-06,2.4e-05
5606,5,5,1,0.003988,0.002225,0.002966,0.003637,0.002828,0.965588,0.002672,0.004021,0.003015,0.009059
5607,5,5,1,0.002576,0.000945,0.002745,0.000713,0.002676,0.981253,0.001543,0.001664,0.000438,0.005445
5608,5,5,1,0.005051,0.003099,0.003522,0.002454,0.002031,0.974277,0.000873,0.000959,0.001415,0.00632
5609,5,5,1,0.003403,0.002899,0.005733,0.006497,0.005963,0.949241,0.006376,0.004556,0.001031,0.014302
5610,5,5,1,0.010567,0.009121,0.00239,0.002029,0.005219,0.940189,0.004562,0.003051,0.002646,0.020225
5611,5,5,1,2.4e-05,7e-06,1e-05,1.2e-05,9e-06,0.9999,6e-06,7e-06,4e-06,2e-05
5612,5,5,1,0.00618,0.006729,0.010881,0.004001,0.002212,0.941095,0.00259,0.004166,0.00219,0.019955
5613,5,5,1,0.008896,0.01565,0.008811,0.008545,0.004827,0.927897,0.002835,0.003904,0.001531,0.017104
5614,5,5,1,0.00687,0.00314,0.007187,0.009058,0.00816,0.940073,0.003566,0.0021,0.004447,0.015399
5615,5,5,1,0.004752,0.001351,0.002686,0.00153,0.000927,0.973921,0.001615,0.002575,0.001735,0.008907
5616,5,5,1,0.001019,0.001672,0.001232,0.001496,0.000426,0.98945,0.000845,0.000554,0.000442,0.002864
5617,5,5,1,0.004733,0.00359,0.002528,0.002117,0.000507,0.976901,0.001819,0.00086,0.001049,0.005896
5618,5,5,1,0.0107,0.006272,0.0059,0.00857,0.002057,0.937846,0.005657,0.003708,0.003089,0.016202
5619,5,5,1,0.004544,0.003726,0.002758,0.007135,0.006274,0.94016,0.003924,0.003847,0.005852,0.02178
5620,5,5,1,0.000509,0.000436,0.000556,0.000281,0.000368,0.994624,0.000719,0.000599,0.000287,0.001621
5621,5,5,1,0.00591,0.007231,0.001513,0.003828,0.00123,0.964897,0.002231,0.00236,0.001718,0.009081
5622,5,5,1,0.004927,0.004646,0.004235,0.003149,0.001858,0.972917,0.000694,0.000422,0.001515,0.005636
5623,5,5,1,2e-05,1.8e-05,1e-05,4e-06,1e-05,0.9999,6e-06,3e-06,1e-06,2.7e-05
5624,5,5,1,0.001943,0.005621,0.003829,0.002847,0.002256,0.96856,0.003694,0.001115,0.002016,0.00812
5625,5,5,1,0.011529,0.01065,0.009855,0.005215,0.003496,0.933518,0.002484,0.005725,0.004083,0.013444
5626,5,5,1,0.006727,0.006521,0.002265,0.004618,0.001578,0.960796,0.002459,0.00358,0.002653,0.008801
5627,5,5,1,0.004135,0.002134,0.001252,0.003303,0.003092,0.972654,0.002847,0.000821,0.002357,0.007405
5628,5,5,1,0.000807,0.000801,0.001087,0.00054,0.000569,0.993659,0.000187,0.000224,0.000125,0.002001
5629,5,5,1,0.001321,0.004771,0.003518,0.001671,0.00157,0.978229,0.001016,0.001592,0.000646,0.005668
5630,5,5,1,0.012151,0.012203,0.002887,0.011165,0.002359,0.919205,0.002124,0.008158,0.002842,0.026905
5631,5,5,1,0.002052,0.00678,0.004329,0.003894,0.0017,0.966797,0.002305,0.000652,0.002679,0.008813
5632,5,5,1,2.3e-05,1.7e-05,1.2e-05,8e-06,3e-06,0.9999,7e-06,5e-06,5e-06,2.1e-05
5633,5,5,1,0.001103,0.001256,0.002941,0.002736,0.000906,0.983194,0.000786,0.000988,0.000817,0.005273
5634,5,5,1,0.007229,0.009324,0.006912,0.002647,0.003401,0.952915,0.004005,0.001691,0.002229,0.009647
5635,5,5,1,0.001856,0.002116,0.000702,0.000905,0.000704,0.988334,0.001088,0.000481,0.000865,0.00295
5636,5,5,1,0.000285,0.000153,0.000179,0.000268,6e-05,0.998307,6.5e-05,0.000126,0.000112,0.000446
5637,5,5,1,0.012917,0.009339,0.003369,0.004982,0.00208,0.942113,0.005019,0.002412,0.001319,0.016449
5638,5,5,1,0.016841,0.008173,0.012923,0.003387,0.005294,0.918153,0.006578,0.004758,0.003035,0.02086
5639,5,5,1,0.007023,0.005475,0.004388,0.002968,0.002995,0.967954,0.002059,0.001319,0.001077,0.004743
5640,5,5,1,0.015616,0.008389,0.008264,0.011612,0.004224,0.917466,0.005433,0.00391,0.005468,0.019618
5641,5,5,1,0.005688,0.006385,0.003254,0.005864,0.002776,0.959368,0.002279,0.001335,0.002389,0.010662
5642,5,5,1,0.001606,0.003727,0.001274,0.004506,0.002579,0.972237,0.001244,0.002517,0.002125,0.008185
5643,5,5,1,0.007131,0.01528,0.008339,0.004525,0.007819,0.926487,0.005726,0.005811,0.003659,0.015224
5644,5,5,1,0.009854,0.007694,0.00349,0.005381,0.010451,0.9247,0.008875,0.003653,0.005647,0.020254
5645,5,5,1,0.001238,0.004614,0.002268,0.001083,0.002166,0.975539,0.002953,0.000933,0.000583,0.008623
5646,5,5,1,0.0048,0.003667,0.00372,0.001606,0.003097,0.968581,0.002253,0.000651,0.000963,0.010661
5647,5,5,1,1.9e-05,1.5e-05,5e-06,1.1e-05,6e-06,0.9999,9e-06,8e-06,4e-06,2.3e-05
5648,5,5,1,0.008455,0.007405,0.005927,0.00629,0.003773,0.944529,0.004639,0.003704,0.003308,0.011971
5649,5,5,1,0.010008,0.009148,0.001826,0.002511,0.005752,0.945744,0.004498,0.002444,0.001923,0.016145
5650,5,5,1,0.002394,0.007324,0.002991,0.005214,0.000936,0.963591,0.002794,0.003364,0.001803,0.00959
5651,5,5,1,0.008379,0.004217,0.009944,0.00848,0.002755,0.935246,0.005326,0.004521,0.004559,0.016572
5652,5,5,1,0.007604,0.010573,0.00939,0.006421,0.005501,0.943465,0.001707,0.002048,0.00104,0.012251
5653,5,5,1,0.004522,0.003659,0.002018,0.001933,0.001215,0.976098,0.001595,0.001128,0.001268,0.006564
5654,5,5,1,0.010116,0.003329,0.002742,0.008168,0.003649,0.947496,0.003424,0.001319,0.004409,0.015348
5655,5,5,1,0.002574,0.005268,0.004513,0.001392,0.005317,0.960591,0.00393,0.002699,0.002328,0.011388
5656,5,5,1,0.008884,0.007662,0.005663,0.003153,0.003039,0.958092,0.000736,0.001079,0.001151,0.010541
5657,5,5,1,0.012153,0.006121,0.003968,0.003004,0.002086,0.951091,0.002427,0.001375,0.004172,0.013604
5658,5,5,1,0.001449,0.004874,0.003446,0.001171,0.000702,0.978681,0.001273,0.002007,0.000786,0.005611
5659,5,5,1,0.003254,0.005264,0.001703,0.001785,0.001475,0.971836,0.003625,0.001358,0.00063,0.00907
5660,5,5,1,0.005243,0.001421,0.003561,0.002112,0.000765,0.973678,0.00118,0.001083,0.001671,0.009285
5661,5,5,1,0.017066,0.010832,0.007055,0.003257,0.011924,0.911575,0.00392,0.003957,0.006991,0.023424
5662,5,5,1,0.003634,0.00885,0.006013,0.003783,0.003622,0.942182,0.001721,0.003882,0.003606,0.022707
5663,5,5,1,3.4e-05,4.6e-05,3.6e-05,2e-05,1.8e-05,0.999747,7e-06,2e-05,7e-06,6.5e-05
5664,5,5,1,0.005234,0.009891,0.005553,0.003998,0.005158,0.950063,0.001266,0.004033,0.00138,0.013424
5665,5,5,1,0.003363,0.001812,0.001696,0.000672,0.000825,0.985595,0.001216,0.001045,0.000398,0.003378
5666,5,5,1,0.001129,0.000902,0.001976,0.001473,0.000894,0.987689,0.000414,0.001275,0.000335,0.003913
5667,5,5,1,0.006984,0.002542,0.004388,0.00644,0.00206,0.950524,0.002289,0.005033,0.004908,0.014831
5668,5,5,1,0.002487,0.003545,0.003941,0.003007,0.002483,0.974387,0.001646,0.001405,0.00058,0.006519
5669,5,5,1,0.006534,0.006914,0.018623,0.022438,0.015027,0.87773,0.005159,0.008812,0.009242,0.029521
5670,5,5,1,0.014717,0.004172,0.008516,0.004007,0.00866,0.929968,0.004066,0.00383,0.004569,0.017496
5671,5,5,1,0.006251,0.015167,0.015126,0.004189,0.004977,0.913447,0.00673,0.002443,0.004819,0.02685
5672,5,5,1,0.002119,0.002203,0.003185,0.003369,0.00486,0.958049,0.003997,0.005161,0.00424,0.012817
5673,5,5,1,0.015989,0.007839,0.004961,0.009347,0.003629,0.90838,0.006981,0.003193,0.007661,0.032019
5674,5,5,1,0.015295,0.003923,0.004137,0.011703,0.008291,0.927834,0.002808,0.006221,0.003772,0.016016
5675,5,5,1,0.004318,0.002212,0.001835,0.001654,0.003807,0.97351,0.001259,0.001555,0.001895,0.007955
5676,5,5,1,0.005584,0.007463,0.007133,0.011202,0.002214,0.927908,0.004024,0.008132,0.006115,0.020224
5677,5,5,1,0.002724,0.004659,0.004296,0.005194,0.004793,0.951023,0.005495,0.002963,0.001568,0.017285
5678,5,5,1,0.003848,0.009887,0.004863,0.005108,0.00288,0.941256,0.007508,0.003205,0.002682,0.018762
5679,5,5,1,0.012251,0.003047,0.008806,0.010622,0.004013,0.927757,0.007482,0.006301,0.004502,0.015219
5680,5,5,1,0.005838,0.013402,0.003421,0.008801,0.007069,0.939279,0.002229,0.004416,0.001399,0.014147
5681,5,5,1,0.015988,0.00786,0.003801,0.005655,0.002066,0.935266,0.003467,0.001834,0.002851,0.021212
5682,5,5,1,0.002374,0.002929,0.00115,0.001158,0.00044,0.983851,0.000823,0.000776,0.000442,0.006057
5683,5,5,1,0.001682,0.001003,0.001016,0.000445,0.001179,0.987528,0.000786,0.00125,0.000651,0.004461
5684,5,5,1,0.005784,0.009311,0.008264,0.003998,0.00751,0.938059,0.004942,0.004447,0.001867,0.015817
5685,5,5,1,1.2e-05,1.4e-05,1.2e-05,7e-06,3e-06,0.9999,8e-06,8e-06,5e-06,3e-05
5686,5,5,1,0.009326,0.010316,0.008899,0.006783,0.005024,0.937334,0.001239,0.002858,0.001559,0.016661
5687,5,5,1,2.1e-05,4e-06,1.4e-05,1.4e-05,4e-06,0.9999,5e-06,7e-06,4e-06,2.6e-05
5688,5,5,1,0.003755,0.002086,0.001595,0.000999,0.00084,0.983174,0.001837,0.000777,0.000591,0.004346
5689,5,5,1,0.009787,0.007141,0.004617,0.003728,0.000836,0.958378,0.003107,0.001984,0.002039,0.008383
5690,5,5,1,0.000921,0.001241,0.002599,0.001914,0.001947,0.984504,0.00116,0.000874,0.000419,0.004422
5691,5,5,1,0.017374,0.008672,0.003304,0.003437,0.002687,0.930403,0.00612,0.005889,0.002316,0.019797
5692,5,5,1,0.002548,0.001656,0.000632,0.000532,0.000679,0.986283,0.001711,0.000991,0.000832,0.004137
5693,5,5,1,0.001564,0.000256,0.000525,0.000225,0.000815,0.993532,0.000717,0.000198,0.000367,0.001799
5694,5,5,1,0.003124,0.003202,0.004715,0.002383,0.001851,0.974441,0.001595,0.001013,0.001324,0.006353
5695,5,5,1,0.010046,0.006857,0.007191,0.001954,0.004444,0.952584,0.001632,0.003336,0.001314,0.010642
5696,5,5,1,0.013786,0.01467,0.003548,0.009363,0.008573,0.903971,0.006828,0.008143,0.001862,0.029257
5697,5,5,1,0.007378,0.005916,0.004924,0.002127,0.005812,0.941425,0.008097,0.005089,0.002382,0.016851
5698,5,5,1,0.006388,0.011541,0.021181,0.004503,0.005491,0.893526,0.010282,0.007159,0.009314,0.030613
5699,5,5,1,0.018027,0.003059,0.008762,0.007771,0.005191,0.925653,0.005927,0.00424,0.004993,0.016377
5700,5,5,1,0.00176,0.002059,0.000644,0.001267,0.001817,0.985879,0.000987,0.000825,0.000687,0.004075
5701,5,5,1,0.003881,0.002869,0.002891,0.002229,0.001733,0.979507,0.000546,0.001081,0.000712,0.004551
5702,5,5,1,0.005024,0.004157,0.003022,0.005895,0.005666,0.951604,0.003407,0.004971,0.002199,0.014054
5703,5,5,1,1.5e-05,1e-05,1.8e-05,1.4e-05,9e-06,0.9999,7e-06,5e-06,3e-06,1.8e-05
5704,5,5,1,0.006589,0.007108,0.004869,0.002212,0.002506,0.96217,0.003019,0.001273,0.00189,0.008365
5705,5,5,1,0.012173,0.003322,0.007429,0.002999,0.00878,0.93275,0.006455,0.004982,0.004944,0.016165
5706,5,5,1,0.00493,0.003111,0.003571,0.00209,0.004225,0.962167,0.002867,0.00154,0.000809,0.014689
5707,5,5,1,0.002439,0.003223,0.001876,0.002065,0.002161,0.979277,0.001421,0.001864,0.000761,0.004913
5708,5,5,1,0.006176,0.002904,0.002348,0.003232,0.002418,0.96601,0.001063,0.001756,0.003124,0.010969
5709,5,5,1,0.013281,0.002893,0.008514,0.004401,0.003617,0.946806,0.004327,0.002786,0.002267,0.011109
5710,5,5,1,0.001352,0.00071,0.000898,0.000466,0.000509,0.993066,0.00029,0.00049,0.000299,0.00192
5711,5,5,1,0.010516,0.005848,0.003346,0.009584,0.008413,0.934171,0.001537,0.005395,0.001062,0.02013
5712,5,5,1,0.001939,0.001411,0.000262,0.000645,0.000683,0.991502,0.000307,0.000707,0.000247,0.002297
5713,5,5,1,0.002437,0.003432,0.003242,0.001653,0.001662,0.980791,0.000448,0.000968,0.00094,0.004427
5714,5,5,1,0.012234,0.01279,0.006727,0.005899,0.01125,0.917017,0.005781,0.003376,0.005596,0.01933
5715,5,5,1,0.005244,0.005665,0.006115,0.005318,0.004123,0.959705,0.001438,0.002113,0.001042,0.009239
5716,5,5,1,0.005015,0.00165,0.001444,0.001916,0.001794,0.979524,0.000553,0.001955,0.00082,0.00533
5717,5,5,1,0.005254,0.006969,0.002294,0.004888,0.002443,0.954382,0.005631,0.004505,0.001202,0.012433
5718,5,5,1,0.014521,0.007351,0.006365,0.002339,0.009658,0.927993,0.006037,0.004929,0.0029,0.017907
5719,5,5,1,0.000809,0.002471,0.002096,0.000588,0.002399,0.98401,0.000805,0.001045,0.000358,0.005418
5720,5,5,1,0.003528,0.008079,0.004727,0.001789,0.006671,0.950244,0.002876,0.001821,0.004413,0.015852
5721,5,5,1,0.005794,0.003568,0.005318,0.00237,0.002045,0.963346,0.003303,0.002745,0.001026,0.010485
5722,5,5,1,0.005843,0.003981,0.002073,0.002754,0.001163,0.973862,0.001682,0.000857,0.00182,0.005966
5723,5,5,1,0.001472,0.00033,0.000342,0.000983,0.000457,0.993893,0.000385,0.00016,0.000284,0.001693
5724,5,5,1,0.000421,0.000273,0.000477,0.000251,0.000115,0.997397,6.6e-05,0.00017,4.8e-05,0.000782
5725,5,5,1,0.012744,0.002568,0.007808,0.005688,0.004428,0.940197,0.00358,0.002297,0.004007,0.016683
5726,5,5,1,0.011313,0.004012,0.011073,0.009723,0.006319,0.928787,0.002391,0.00364,0.003041,0.019702
5727,5,5,1,2.3e-05,1.7e-05,1e-05,7e-06,7e-06,0.9999,4e-06,3e-06,4e-06,2.7e-05
5728,5,5,1,0.020196,0.003888,0.013125,0.010849,0.007303,0.917313,0.003253,0.00334,0.002742,0.017991
5729,5,5,1,0.003203,0.001582,0.001688,0.003367,0.001845,0.978557,0.002044,0.001065,0.001216,0.005433
5730,5,5,1,0.00463,0.003176,0.00625,0.003818,0.004453,0.96388,0.000874,0.00279,0.001932,0.008197
5731,5,5,1,0.002906,0.011138,0.009223,0.00339,0.006046,0.947744,0.002154,0.003849,0.001823,0.011727
5732,5,5,1,0.006337,0.005317,0.008227,0.009684,0.010905,0.919718,0.005627,0.007015,0.005773,0.021397
5733,5,5,1,0.008859,0.014308,0.016267,0.012853,0.002537,0.905163,0.009208,0.003945,0.003504,0.023355
5734,5,5,1,0.005137,0.004988,0.002143,0.0084,0.002124,0.949313,0.006845,0.002403,0.00313,0.015518
5735,5,5,1,0.003944,0.002953,0.004519,0.00312,0.000756,0.973491,0.0028,0.000888,0.001517,0.006013
5736,5,5,1,0.002988,0.002643,0.001478,0.00498,0.002524,0.969117,0.002478,0.003101,0.001751,0.008939
5737,5,5,1,0.017602,0.007559,0.00927,0.004872,0.00266,0.929128,0.006398,0.003859,0.001787,0.016865
5738,5,5,1,0.001789,0.006218,0.00452,0.001201,0.001731,0.973285,0.001318,0.000631,0.002135,0.00717
5739,5,5,1,0.00088,0.002633,0.000569,0.000889,0.001399,0.988329,0.001259,0.000869,0.000743,0.00243
5740,5,5,1,0.007627,0.005663,0.002808,0.001366,0.002394,0.969178,0.002407,0.001529,0.001626,0.005401
5741,5,5,1,0.002918,0.005222,0.009397,0.002916,0.002935,0.951619,0.006236,0.00365,0.002179,0.012929
5742,5,5,1,0.004051,0.012879,0.0104,0.006606,0.002347,0.941103,0.001643,0.001374,0.002562,0.017036
5743,5,5,1,1.9e-05,8e-06,1.6e-05,5e-06,1.1e-05,0.9999,8e-06,7e-06,3e-06,2.2e-05
5744,5,5,1,0.006124,0.012801,0.009068,0.003142,0.003125,0.939802,0.002079,0.002837,0.004501,0.016521
5745,5,5,1,0.019688,0.01141,0.005715,0.012263,0.00556,0.912143,0.00208,0.003949,0.004892,0.0223
5746,5,5,1,0.00937,0.002324,0.003549,0.005519,0.00325,0.962362,0.002081,0.001654,0.000684,0.009208
5747,5,5,1,0.002515,0.007079,0.004627,0.003599,0.002971,0.969019,0.001191,0.001331,0.001869,0.005799
5748,5,5,1,0.002632,0.00668,0.003085,0.001875,0.003181,0.965715,0.001483,0.003492,0.001055,0.010802
5749,5,5,1,0.002732,0.008793,0.00575,0.006595,0.004659,0.948494,0.002546,0.005082,0.002944,0.012404
5750,5,5,1,0.018939,0.012578,0.01205,0.00786,0.003916,0.917335,0.003245,0.003183,0.004527,0.016367
5751,5,5,1,0.006002,0.005902,0.005659,0.006463,0.014977,0.914852,0.008675,0.005467,0.003318,0.028685
5752,5,5,1,0.011008,0.009769,0.01611,0.009778,0.011108,0.906832,0.003243,0.001645,0.00723,0.023276
5753,5,5,1,0.008534,0.022,0.005123,0.015212,0.006614,0.901893,0.005301,0.004487,0.002948,0.027889
5754,5,5,1,0.005929,0.005322,0.003551,0.00356,0.002484,0.969935,0.001609,0.001068,0.0013,0.005242
5755,5,5,1,2.3e-05,5e-06,8e-06,1.5e-05,8e-06,0.9999,6e-06,8e-06,6e-06,2.1e-05
5756,5,5,1,1.7e-05,1.6e-05,9e-06,8e-06,9e-06,0.9999,3e-06,7e-06,6e-06,2.5e-05
5757,5,5,1,0.010716,0.007991,0.002258,0.007165,0.005089,0.948419,0.004088,0.001415,0.000746,0.012114
5758,5,5,1,6e-06,1.8e-05,8e-06,4e-06,1.4e-05,0.9999,4e-06,1.1e-05,4e-06,3.2e-05
5759,5,5,1,0.002944,0.002801,0.002562,0.003527,0.002515,0.97507,0.000717,0.000888,0.00196,0.007016
5760,5,5,1,0.010832,0.003894,0.009533,0.00763,0.002828,0.93866,0.004386,0.001924,0.003455,0.016858
5761,5,5,1,0.001136,0.002599,0.000855,0.000937,0.001288,0.986359,0.001525,0.000289,0.001025,0.003987
5762,5,5,1,0.016631,0.008486,0.008884,0.006819,0.005138,0.913457,0.00667,0.008225,0.006191,0.019499
5763,5,5,1,0.001631,0.000596,0.001066,0.001387,0.000454,0.989861,0.000907,0.000447,0.000682,0.00297
5764,5,5,1,0.007884,0.008168,0.005651,0.004711,0.00196,0.958655,0.002535,0.001076,0.001978,0.007383
5765,5,5,1,0.002648,0.003362,0.001723,0.000706,0.000763,0.983327,0.00144,0.00112,0.000868,0.004042
5766,5,5,1,0.006807,0.004762,0.002339,0.002087,0.002028,0.967246,0.002695,0.002475,0.001991,0.00757
5767,5,5,1,0.012439,0.005588,0.005219,0.007575,0.00276,0.936872,0.005196,0.003475,0.003635,0.017241
5768,5,5,1,0.007526,0.003193,0.003083,0.004166,0.006936,0.940215,0.003626,0.007211,0.001826,0.022218
5769,5,5,1,0.006786,0.004801,0.005218,0.008375,0.002046,0.948059,0.004861,0.002389,0.001795,0.01567
5770,5,5,1,0.010471,0.007854,0.005145,0.004372,0.003667,0.955274,0.001828,0.00248,0.000464,0.008445
5771,5,5,1,0.015064,0.014156,0.014989,0.012722,0.003514,0.886437,0.009245,0.008129,0.005802,0.029942
5772,5,5,1,0.007354,0.003069,0.004418,0.00188,0.00405,0.962281,0.002012,0.003576,0.00105,0.01031
5773,5,5,1,7e-06,1.6e-05,1.6e-05,1.3e-05,8e-06,0.9999,4e-06,9e-06,4e-06,2.4e-05
5774,5,5,1,0.009498,0.010291,0.009676,0.006427,0.001399,0.937523,0.002449,0.003412,0.003023,0.016302
5775,5,5,1,0.021674,0.008191,0.007513,0.006892,0.003457,0.908882,0.002985,0.002721,0.005009,0.032678
5776,5,5,1,0.009596,0.015935,0.006415,0.002726,0.009403,0.925644,0.005791,0.003148,0.001759,0.019583
5777,5,5,1,0.00446,0.005186,0.002426,0.004111,0.003264,0.968682,0.002869,0.000999,0.001795,0.006207
5778,5,5,1,0.010486,0.014731,0.01376,0.008137,0.005638,0.91275,0.00313,0.001788,0.003231,0.02635
5779,5,5,1,0.001247,0.000793,0.001236,0.000748,0.000619,0.99018,0.001087,0.000278,0.00069,0.003122
5780,5,5,1,2.4e-05,1.6e-05,1.1e-05,7e-06,7e-06,0.9999,3e-06,2e-06,2e-06,2.8e-05
5781,5,5,1,1.2e-05,1.5e-05,4e-06,1.1e-05,1e-05,0.9999,5e-06,1.1e-05,6e-06,2.6e-05
5782,5,5,1,0.0098,0.003413,0.009085,0.003199,0.001623,0.949076,0.00357,0.002661,0.003629,0.013945
5783,5,5,1,0.007685,0.010297,0.008819,0.005392,0.005291,0.9442,0.001653,0.002657,0.002248,0.011756
5784,5,5,1,0.006709,0.010357,0.002421,0.002195,0.009678,0.937826,0.005628,0.003716,0.002481,0.018989
5785,5,5,1,0.00412,0.002419,0.001602,0.001298,0.001996,0.981314,0.00087,0.000342,0.000441,0.005598
5786,5,5,1,0.003725,0.000739,0.000947,0.000996,0.001786,0.984036,0.000697,0.001385,0.000727,0.004962
5787,5,5,1,0.004089,0.002931,0.002376,0.002688,0.002915,0.975413,0.001052,0.000466,0.00142,0.00665
5788,5,5,1,0.003111,0.006779,0.003287,0.006084,0.00549,0.957911,0.003484,0.002061,0.000634,0.01116
5789,5,5,1,0.004773,0.002088,0.003598,0.00091,0.001308,0.978519,0.002146,0.001313,0.000961,0.004384
5790,5,5,1,0.006264,0.005076,0.002094,0.000768,0.001854,0.971261,0.00298,0.001039,0.00107,0.007595
5791,5,5,1,0.01225,0.013816,0.00693,0.008811,0.008526,0.898366,0.004092,0.007653,0.004208,0.035348
5792,5,5,1,0.013854,0.003501,0.007885,0.005067,0.006656,0.942366,0.004055,0.003196,0.003024,0.010397
5793,5,5,1,0.00747,0.006534,0.002466,0.004286,0.005326,0.95056,0.005562,0.004055,0.002676,0.011065
5794,5,5,1,0.007204,0.005075,0.00585,0.008376,0.007502,0.935864,0.004069,0.006247,0.004431,0.015383
5795,5,5,1,0.009065,0.004854,0.006374,0.00594,0.003323,0.955359,0.000808,0.002536,0.001753,0.009988
5796,5,5,1,0.002296,0.008731,0.005467,0.005262,0.004273,0.958896,0.000913,0.002549,0.001263,0.01035
5797,5,5,1,0.004893,0.004253,0.002003,0.002152,0.000983,0.976395,0.002162,0.001036,0.000993,0.00513
5798,5,5,1,0.003564,0.003866,0.001915,0.003041,0.003794,0.965231,0.003685,0.003321,0.000974,0.010608
5799,5,5,1,0.010252,0.00604,0.004381,0.002881,0.001421,0.952282,0.001614,0.002355,0.004573,0.014201
5800,5,5,1,0.009525,0.007731,0.003943,0.003206,0.00306,0.957078,0.001853,0.002818,0.001237,0.009549
5801,5,5,1,2.4e-05,1.3e-05,1.4e-05,4e-06,3e-06,0.9999,8e-06,5e-06,6e-06,2.4e-05
5802,5,5,1,0.004734,0.002626,0.001164,0.003964,0.003713,0.970584,0.002483,0.00103,0.002,0.007702
5803,5,5,1,0.007102,0.007227,0.002618,0.004255,0.002795,0.962287,0.001522,0.002814,0.001697,0.007683
5804,5,5,1,0.007919,0.003749,0.001648,0.004417,0.003784,0.967128,0.001681,0.002112,0.000799,0.006762
5805,5,5,1,0.007911,0.004917,0.006258,0.009059,0.005857,0.942124,0.004839,0.00263,0.001948,0.014459
5806,5,5,1,0.005606,0.008108,0.00855,0.010388,0.00901,0.920219,0.002626,0.004648,0.004737,0.026108
5807,5,5,1,0.002991,0.001848,0.002939,0.00113,0.002068,0.982144,0.000506,0.000984,0.000594,0.004796
5808,5,5,1,0.01153,0.005583,0.009461,0.003246,0.002371,0.935088,0.002438,0.00201,0.00235,0.025924
5809,5,5,1,0.011196,0.008645,0.004307,0.004442,0.003953,0.952312,0.002488,0.00259,0.001047,0.009019
5810,5,5,1,0.002102,0.005412,0.003623,0.003521,0.001873,0.972289,0.002125,0.000622,0.00095,0.007483
5811,5,5,1,0.005181,0.004192,0.006558,0.004434,0.00161,0.96427,0.001044,0.002615,0.000619,0.009476
5812,5,5,1,0.004724,0.006899,0.002397,0.00603,0.003091,0.958715,0.000939,0.004193,0.002601,0.010411
5813,5,5,1,0.003427,0.004736,0.007716,0.008822,0.004714,0.941565,0.005701,0.003077,0.002179,0.018065
5814,5,5,1,0.005492,0.006204,0.00895,0.003617,0.005596,0.95093,0.003378,0.003401,0.002267,0.010166
5815,5,5,1,0.00305,0.00281,0.003093,0.003414,0.000561,0.97648,0.002171,0.000714,0.001093,0.006613
5816,5,5,1,0.00058,0.000395,0.001181,0.000685,0.000767,0.994032,0.000358,0.000264,0.000328,0.001411
5817,5,5,1,0.000279,0.000678,0.00042,0.000176,0.000144,0.996951,0.000186,0.000142,0.000233,0.00079
5818,5,5,1,0.013947,0.011855,0.012363,0.007553,0.003594,0.922873,0.005287,0.003808,0.001108,0.017611
5819,5,5,1,0.004023,0.005284,0.00214,0.009465,0.004327,0.94821,0.00239,0.004553,0.003564,0.016042
5820,5,5,1,0.023625,0.013604,0.007073,0.010784,0.008711,0.898008,0.00415,0.00834,0.004367,0.021337
5821,5,5,1,0.006279,0.007735,0.003125,0.004258,0.005878,0.938914,0.005786,0.003648,0.004329,0.020048
5822,5,5,1,0.00539,0.003699,0.003215,0.001119,0.00155,0.976483,0.000447,0.001511,0.000348,0.006239
5823,5,5,1,0.011929,0.009344,0.007235,0.005205,0.004912,0.93272,0.005973,0.001764,0.002167,0.01875
5824,5,5,1,0.002558,0.003787,0.00378,0.003366,0.002773,0.949807,0.005413,0.0037,0.001345,0.023473
5825,5,5,1,0.003356,0.001449,0.00177,0.000886,0.0021,0.983942,0.000552,0.001363,0.000438,0.004145
5826,5,5,1,0.006255,0.005716,0.011363,0.008618,0.006484,0.938564,0.003522,0.00314,0.003869,0.012468
5827,5,5,1,0.007213,0.003237,0.004579,0.004362,0.002076,0.960689,0.004238,0.001134,0.002296,0.010176
5828,5,5,1,0.001771,0.003267,0.003607,0.002004,0.002845,0.976508,0.00129,0.001483,0.00118,0.006043
5829,5,5,1,7e-06,1.4e-05,5e-06,1.1e-05,6e-06,0.9999,1.4e-05,1e-05,3e-06,3e-05
5830,5,5,1,0.00561,0.004662,0.003626,0.001359,0.002983,0.97025,0.001369,0.001231,0.000983,0.007926
5831,5,5,1,1.4e-05,7e-06,4e-06,5e-06,7e-06,0.9999,1e-05,9e-06,8e-06,3.6e-05
5832,5,5,1,0.00675,0.005949,0.012291,0.007397,0.005759,0.934258,0.006128,0.001935,0.00183,0.017703
5833,5,5,1,0.006401,0.012699,0.005474,0.00236,0.00339,0.936379,0.00818,0.005475,0.004308,0.015334
5834,5,5,1,0.007872,0.006529,0.00119,0.003362,0.003272,0.96591,0.002448,0.000935,0.001508,0.006973
5835,5,5,1,0.004562,0.002743,0.003433,0.003956,0.002592,0.967625,0.001851,0.002006,0.001868,0.009363
5836,5,5,1,0.004972,0.013254,0.010661,0.006239,0.003606,0.927655,0.003245,0.007567,0.003427,0.019375
5837,5,5,1,0.004134,0.005728,0.004317,0.001166,0.001923,0.972393,0.00244,0.001577,0.001472,0.004849
5838,5,5,1,0.005934,0.007687,0.004083,0.007303,0.003333,0.948536,0.001641,0.003704,0.002537,0.015244
5839,5,5,1,2e-05,1.2e-05,5e-06,1.2e-05,3e-06,0.9999,8e-06,5e-06,4e-06,3.1e-05
5840,5,5,1,0.000308,0.00012,0.000139,9.3e-05,0.000158,0.998217,0.000131,0.000187,0.000125,0.000522
5841,5,5,1,0.007166,0.00335,0.00126,0.002822,0.003246,0.96879,0.002888,0.000572,0.000718,0.00919
5842,5,5,1,0.00974,0.005901,0.008076,0.004072,0.002946,0.948386,0.001224,0.002628,0.003288,0.013738
5843,5,5,1,0.003525,0.001252,0.001882,0.001562,0.001147,0.984213,0.001589,0.001,0.000568,0.003262
5844,5,5,1,0.003255,0.002352,0.002828,0.001943,0.000493,0.981463,0.000411,0.000603,0.000714,0.005938
5845,5,5,1,0.003741,0.003283,0.001094,0.001957,0.000434,0.981319,0.001912,0.001014,0.000498,0.004748
5846,5,5,1,0.002765,0.000766,0.001091,0.000955,0.001406,0.986899,0.00152,0.00041,0.000733,0.003454
5847,5,5,1,0.000886,0.002975,0.001621,0.002002,0.000366,0.98547,0.001338,0.000555,0.00034,0.004447
5848,5,5,1,0.00108,0.000835,0.001841,0.000958,0.00128,0.988509,0.001149,0.000453,0.000895,0.003
5849,5,5,1,0.0097,0.011166,0.006768,0.001983,0.004451,0.944696,0.00318,0.002221,0.003477,0.012359
5850,5,5,1,0.011285,0.00865,0.003052,0.007969,0.004466,0.940239,0.004244,0.00158,0.002858,0.015656
5851,5,5,1,0.011034,0.007163,0.005035,0.004023,0.001977,0.951287,0.003226,0.002858,0.001794,0.011603
5852,5,5,1,2.2e-05,1.3e-05,1.5e-05,1.2e-05,8e-06,0.9999,5e-06,6e-06,3e-06,1.7e-05
5853,5,5,1,0.005962,0.00395,0.002499,0.001928,0.00162,0.974377,0.001217,0.001457,0.001101,0.005889
5854,5,5,1,0.009202,0.017561,0.010724,0.003949,0.005941,0.909145,0.002542,0.004855,0.006631,0.02945
5855,5,5,1,0.000876,0.001337,0.000474,0.000833,0.000271,0.993654,0.000504,0.00051,0.000307,0.001235
5856,5,5,1,0.008434,0.004046,0.004127,0.003003,0.00648,0.944013,0.004338,0.006268,0.004061,0.015232
5857,5,5,1,0.006257,0.008399,0.003475,0.001783,0.002692,0.957424,0.004804,0.002236,0.003128,0.009802
5858,5,5,1,8e-06,6e-06,6e-06,8e-06,8e-06,0.9999,1.2e-05,7e-06,1e-05,3.5e-05
5859,5,5,1,0.00814,0.005776,0.005163,0.003975,0.004717,0.94862,0.001803,0.003012,0.001352,0.017441
5860,5,5,1,0.01077,0.008573,0.011919,0.005584,0.005805,0.918085,0.007702,0.005608,0.003583,0.02237
5861,5,5,1,0.013832,0.009314,0.006421,0.006411,0.002348,0.939684,0.004137,0.002799,0.002067,0.012987
5862,5,5,1,0.004471,0.011442,0.009884,0.005102,0.002785,0.934992,0.002354,0.001989,0.004034,0.022946
5863,5,5,1,0.013071,0.006672,0.002451,0.00423,0.008359,0.934769,0.001535,0.006764,0.003516,0.018634
5864,5,5,1,5e-06,1.4e-05,1.5e-05,1e-05,1.3e-05,0.9999,3e-06,8e-06,7e-06,2.4e-05
5865,5,5,1,0.001576,0.002347,0.002248,0.001322,0.001991,0.980608,0.001456,0.001682,0.00062,0.006149
5866,5,5,1,0.00577,0.001596,0.001973,0.003501,0.001321,0.970656,0.002201,0.002919,0.001808,0.008255
5867,5,5,1,0.003602,0.00128,0.002104,0.001766,0.000777,0.983971,0.000693,0.00085,0.000407,0.00455
5868,5,5,1,0.01271,0.005273,0.006052,0.006984,0.008113,0.92521,0.006676,0.006795,0.001446,0.020742
5869,5,5,1,0.004956,0.005152,0.004365,0.003778,0.004232,0.955895,0.00358,0.001843,0.00362,0.012579
5870,5,5,1,0.004896,0.006429,0.010011,0.006912,0.002116,0.947768,0.002737,0.004102,0.001145,0.013884
5871,5,5,1,0.0163,0.008574,0.009541,0.007699,0.005653,0.933561,0.002967,0.002412,0.002716,0.010577
5872,5,5,1,0.006607,0.017456,0.004547,0.003245,0.003748,0.922595,0.005483,0.004112,0.007501,0.024708
5873,5,5,1,0.010772,0.007258,0.004652,0.004828,0.001606,0.944168,0.006465,0.002587,0.001485,0.016177
5874,5,5,1,0.004638,0.005506,0.006315,0.003758,0.011111,0.934157,0.005229,0.003152,0.002508,0.023626
5875,5,5,1,1.8e-05,1.7e-05,6e-06,1.4e-05,5e-06,0.9999,8e-06,2e-06,3e-06,2.8e-05
5876,5,5,1,0.001638,0.002607,0.001406,0.005485,0.002659,0.972055,0.002123,0.002164,0.000796,0.009066
5877,5,5,1,0.007392,0.007487,0.006478,0.003973,0.005285,0.949472,0.002854,0.001557,0.001373,0.01413
5878,5,5,1,0.004987,0.001204,0.00324,0.003514,0.001755,0.974957,0.000683,0.001423,0.001872,0.006363
5879,5,5,1,0.005497,0.005736,0.001854,0.001188,0.003002,0.970515,0.000859,0.001919,0.00119,0.00824
5880,5,5,1,0.023106,0.011542,0.012759,0.003008,0.003569,0.905348,0.006172,0.008493,0.006459,0.019546
5881,5,5,1,0.012588,0.00605,0.009218,0.004117,0.007174,0.937015,0.002443,0.002667,0.002446,0.016282
5882,5,5,1,0.009072,0.009831,0.007116,0.004778,0.00125,0.948677,0.004353,0.000887,0.001998,0.012039
5883,5,5,1,2.2e-05,1.2e-05,1.3e-05,1.3e-05,7e-06,0.9999,3e-06,7e-06,5e-06,1.8e-05
5884,5,5,1,0.01679,0.004219,0.015471,0.006011,0.004511,0.912262,0.007885,0.002416,0.002474,0.027961
5885,5,5,1,0.006437,0.006107,0.001604,0.001822,0.001684,0.968302,0.00289,0.002363,0.002073,0.006718
5886,5,5,1,0.002948,0.008765,0.007044,0.004319,0.006787,0.944031,0.003756,0.003086,0.001879,0.017385
5887,5,5,1,0.007003,0.008987,0.006164,0.005508,0.006859,0.943991,0.002447,0.001259,0.001606,0.016176
5888,5,5,1,0.001098,0.001069,0.001459,0.000251,0.000853,0.991609,0.000795,0.000693,0.000308,0.001865
5889,5,5,1,0.005606,0.002588,0.005363,0.004978,0.003084,0.960889,0.001834,0.00083,0.001927,0.0129
5890,5,5,1,0.006047,0.004394,0.007332,0.002779,0.001937,0.95009,0.006548,0.002555,0.002135,0.016183
5891,5,5,1,1.8e-05,9e-06,1.1e-05,1e-05,3e-06,0.9999,9e-06,6e-06,7e-06,2.6e-05
5892,5,5,1,0.018405,0.004381,0.005585,0.01461,0.00509,0.90445,0.005759,0.00262,0.007141,0.031958
5893,5,5,1,0.010934,0.009587,0.008173,0.004376,0.001789,0.946574,0.003237,0.003604,0.002311,0.009415
5894,5,5,1,0.012982,0.00587,0.006311,0.005914,0.002299,0.946512,0.002362,0.003365,0.00212,0.012264
5895,5,5,1,0.003676,0.001175,0.001364,0.003597,0.000735,0.978536,0.00266,0.001306,0.001493,0.005458
5896,5,5,1,0.008825,0.00814,0.00324,0.005425,0.005793,0.950696,0.001266,0.001427,0.001779,0.013408
5897,5,5,1,0.00345,0.003603,0.002589,0.001531,0.001289,0.977813,0.00207,0.000681,0.001008,0.005966
5898,5,5,1,0.010649,0.008657,0.003193,0.008651,0.00556,0.932508,0.001805,0.003794,0.001652,0.023531
5899,5,5,1,0.009935,0.012155,0.008751,0.004729,0.002646,0.939741,0.002437,0.002842,0.003491,0.013274
5900,5,5,1,0.000712,0.000436,0.000186,0.000217,0.0003,0.997139,0.000237,0.00011,8.6e-05,0.000577
5901,5,5,1,0.002854,0.002779,0.001524,0.001338,0.001946,0.981493,0.001484,0.00074,0.001217,0.004626
5902,5,5,1,0.005772,0.001772,0.001385,0.002183,0.001606,0.975833,0.000761,0.002586,0.001581,0.00652
5903,5,5,1,0.006712,0.006383,0.006592,0.002351,0.002452,0.941303,0.006106,0.005995,0.005461,0.016646
5904,5,5,1,0.004836,0.003126,0.001064,0.000921,0.001739,0.975973,0.001729,0.002245,0.000668,0.007698
5905,5,5,1,0.000836,0.001535,0.001529,0.00219,0.001086,0.98583,0.001415,0.000589,0.000961,0.004028
5906,5,5,1,0.012264,0.009418,0.007134,0.003308,0.002741,0.934505,0.004502,0.003025,0.004946,0.018157
5907,5,5,1,0.002175,0.003304,0.003538,0.001386,0.002387,0.976391,0.001111,0.000969,0.000707,0.008032
5908,5,5,1,0.004424,0.002677,0.001748,0.002343,0.001327,0.98127,0.001236,0.001185,0.000801,0.002988
5909,5,5,1,0.009367,0.006811,0.005365,0.008153,0.009147,0.931085,0.006128,0.001365,0.001225,0.021354
5910,5,5,1,0.001226,0.000995,0.001476,0.001231,0.001805,0.981566,0.001543,0.000691,0.001535,0.007932
5911,5,5,1,0.001464,0.001248,0.000911,0.000612,0.001024,0.990343,0.001028,0.00056,0.00018,0.002631
5912,5,5,1,0.003503,0.00295,0.002268,0.000751,0.003132,0.976465,0.001878,0.000987,0.001637,0.00643
5913,5,5,1,0.005178,0.007591,0.00243,0.005875,0.003585,0.957167,0.002223,0.00144,0.001314,0.013197
5914,5,5,1,0.013398,0.011103,0.002208,0.005385,0.005923,0.941326,0.004112,0.003832,0.001591,0.011121
5915,5,5,1,0.000521,0.000739,0.000741,0.000262,0.000141,0.995164,0.00052,0.000114,0.00036,0.001437
5916,5,5,1,0.004586,0.005769,0.005308,0.00197,0.000845,0.966698,0.001397,0.003331,0.002342,0.007753
5917,5,5,1,0.004749,0.003034,0.007608,0.001593,0.004641,0.953921,0.005411,0.001722,0.004083,0.013237
5918,5,5,1,0.004286,0.003328,0.001119,0.001804,0.001107,0.980637,0.000545,0.001062,0.000393,0.005719
5919,5,5,1,0.002532,0.008573,0.006057,0.003945,0.001711,0.954762,0.001598,0.002208,0.003659,0.014955
5920,5,5,1,0.01212,0.00853,0.010319,0.002974,0.005973,0.93521,0.004597,0.004575,0.003779,0.011924
5921,5,5,1,0.00182,0.003442,0.001052,0.003737,0.001496,0.976094,0.002161,0.00223,0.001968,0.005999
5922,5,5,1,0.007942,0.004701,0.005243,0.001018,0.000949,0.966103,0.002388,0.002454,0.001949,0.007253
5923,5,5,1,0.001264,0.002051,0.00174,0.00087,0.000732,0.98767,0.001288,0.000515,0.000476,0.003394
5924,5,5,1,0.00464,0.002898,0.003387,0.002551,0.001729,0.971789,0.003155,0.002186,0.001871,0.005792
5925,5,5,1,0.005418,0.007105,0.005204,0.002714,0.001902,0.955652,0.005192,0.000856,0.000918,0.015039
5926,5,5,1,0.006872,0.001542,0.004084,0.002485,0.004485,0.962499,0.002451,0.003421,0.002901,0.009262
5927,5,5,1,0.004779,0.017051,0.003747,0.011255,0.002193,0.924542,0.004789,0.004653,0.003895,0.023097
5928,5,5,1,0.002154,0.003477,0.003961,0.002758,0.002667,0.965315,0.004688,0.002869,0.002885,0.009227
5929,5,5,1,0.005096,0.005976,0.001917,0.003508,0.004021,0.966787,0.002268,0.002204,0.000877,0.007346
5930,5,5,1,0.0035,0.005739,0.003001,0.002902,0.001115,0.970699,0.001217,0.002643,0.001643,0.007541
5931,5,5,1,0.00658,0.005685,0.002934,0.000911,0.002098,0.967235,0.002706,0.002124,0.000762,0.008965
5932,5,5,1,0.008961,0.006943,0.00424,0.00147,0.002486,0.963069,0.002965,0.001809,0.001466,0.006591
5933,5,5,1,1.2e-05,1.3e-05,9e-06,5e-06,7e-06,0.9999,8e-06,3e-06,7e-06,3.7e-05
5934,5,5,1,0.00763,0.00358,0.009802,0.007612,0.003199,0.945236,0.002126,0.001697,0.004178,0.01494
5935,5,5,1,0.009277,0.011967,0.005037,0.012187,0.009076,0.916717,0.00294,0.002476,0.00187,0.028452
5936,5,5,1,0.004019,0.00307,0.004304,0.002676,0.000906,0.974223,0.002594,0.001817,0.000411,0.00598
5937,5,5,1,0.01255,0.00558,0.004939,0.003889,0.005721,0.945235,0.001236,0.003254,0.003674,0.013923
5938,5,5,1,2.3e-05,5e-06,8e-06,5e-06,5e-06,0.9999,8e-06,1e-05,8e-06,2.8e-05
5939,5,5,1,0.003474,0.010242,0.003485,0.003084,0.002483,0.953174,0.002952,0.001238,0.003137,0.016732
5940,5,5,1,0.004957,0.003977,0.00085,0.002284,0.001512,0.976456,0.000537,0.001846,0.001778,0.005802
5941,5,5,1,0.017217,0.00774,0.005571,0.007122,0.004829,0.923628,0.005229,0.003171,0.002105,0.023389
5942,5,5,1,0.003418,0.002801,0.002398,0.00341,0.003202,0.973302,0.002606,0.000996,0.000616,0.00725
5943,5,5,1,0.000785,0.001256,0.000393,0.001159,0.000447,0.990772,0.000633,0.000873,0.000792,0.002892
5944,5,5,1,0.010913,0.007766,0.002586,0.003773,0.001491,0.950759,0.0055,0.002084,0.001334,0.013794
5945,5,5,1,0.003657,0.003404,0.001801,0.001216,0.001402,0.982455,0.000524,0.000301,0.001222,0.004019
5946,5,5,1,0.008025,0.003839,0.002221,0.001826,0.001176,0.964529,0.003087,0.002348,0.002489,0.01046
5947,5,5,1,0.00131,0.001018,0.001132,0.000679,0.001481,0.985859,0.001516,0.000636,0.00125,0.005119
5948,5,5,1,0.004725,0.003948,0.003211,0.001271,0.003905,0.967776,0.003652,0.001313,0.001604,0.008594
5949,5,5,1,0.002432,0.001913,0.00246,0.002287,0.000762,0.983985,0.001307,0.001015,0.00085,0.002991
5950,5,5,1,0.000415,0.001131,0.001126,0.000632,0.000302,0.993475,0.000163,0.000273,0.000368,0.002115
5951,5,5,1,0.009379,0.00597,0.007205,0.002762,0.00377,0.938315,0.006674,0.004894,0.003753,0.017277
5952,5,5,1,0.008191,0.009266,0.002938,0.004654,0.003312,0.949854,0.003808,0.002553,0.000844,0.01458
5953,5,5,1,0.006702,0.003155,0.008125,0.008121,0.00311,0.948113,0.004776,0.00105,0.003979,0.012868
5954,5,5,1,0.00189,0.00362,0.004149,0.002687,0.001643,0.974641,0.000806,0.001315,0.001439,0.007811
5955,5,5,1,0.004408,0.011072,0.012583,0.007071,0.003331,0.92058,0.005785,0.001814,0.002196,0.031161
5956,5,5,1,0.002585,0.001855,0.004725,0.001566,0.00385,0.972132,0.001159,0.001553,0.00132,0.009255
5957,5,5,1,0.002573,0.000565,0.000574,0.001349,0.001571,0.988579,0.000639,0.000216,0.000406,0.003528
5958,5,5,1,0.006378,0.006779,0.002665,0.007803,0.001588,0.951347,0.005015,0.002017,0.002289,0.01412
5959,5,5,1,0.004175,0.001051,0.001514,0.001825,0.002468,0.974909,0.000999,0.00311,0.001885,0.008065
5960,5,5,1,0.008862,0.003454,0.005324,0.001429,0.001539,0.963079,0.003464,0.002716,0.000918,0.009216
5961,5,5,1,0.006071,0.008492,0.008245,0.005754,0.003069,0.944737,0.004551,0.004599,0.001316,0.013166
5962,5,5,1,0.002158,0.006137,0.003857,0.002809,0.001364,0.972172,0.002843,0.000796,0.001672,0.006193
5963,5,5,1,0.008796,0.005189,0.003599,0.00562,0.002688,0.95773,0.000872,0.000982,0.002287,0.012237
5964,5,5,1,0.011655,0.015947,0.007663,0.006748,0.009588,0.902846,0.003273,0.003015,0.0096,0.029665
5965,5,5,1,0.004194,0.00525,0.005984,0.008988,0.004664,0.947399,0.003526,0.002023,0.00127,0.016702
5966,5,5,1,0.004148,0.008558,0.012011,0.007235,0.009822,0.923576,0.003494,0.007073,0.001732,0.022352
5967,5,5,1,1.6e-05,1.6e-05,1.3e-05,1e-05,5e-06,0.9999,5e-06,7e-06,3e-06,2.6e-05
5968,5,5,1,0.01129,0.003517,0.005682,0.004357,0.001177,0.952373,0.003105,0.00142,0.000931,0.016148
5969,5,5,1,0.003037,0.002244,0.00194,0.001347,0.00066,0.985901,0.00121,0.000386,0.000515,0.00276
5970,5,5,1,0.00346,0.003151,0.002306,0.00082,0.001052,0.975057,0.003492,0.001436,0.001262,0.007965
5971,5,5,1,0.005095,0.003464,0.003648,0.001985,0.003999,0.965333,0.003517,0.001307,0.001214,0.010436
5972,5,5,1,0.005954,0.001284,0.002897,0.00198,0.001269,0.971767,0.002918,0.000615,0.002281,0.009033
5973,5,5,1,0.008047,0.002216,0.003634,0.00379,0.002897,0.950119,0.00572,0.001664,0.004088,0.017824
5974,5,5,1,0.008056,0.009761,0.00479,0.003679,0.006734,0.941987,0.00355,0.002094,0.001783,0.017566
5975,5,5,1,0.004282,0.008353,0.002216,0.003065,0.003738,0.957859,0.003156,0.004215,0.002857,0.010258
5976,5,5,1,0.015919,0.004426,0.011199,0.008259,0.006559,0.93087,0.002145,0.001139,0.004704,0.014779
5977,5,5,1,0.006951,0.01741,0.00574,0.006502,0.007273,0.919535,0.003238,0.005121,0.00419,0.024039
5978,5,5,1,2.3e-05,9e-06,1.5e-05,1.2e-05,8e-06,0.9999,6e-06,2e-06,2e-06,2.2e-05
5979,5,5,1,7e-06,1.7e-05,1.3e-05,5e-06,1.1e-05,0.9999,3e-06,9e-06,2e-06,3.3e-05
5980,5,5,1,0.001499,0.003065,0.002385,0.000627,0.001212,0.985894,0.000846,0.000797,0.00059,0.003086
5981,5,5,1,0.000525,0.000752,0.000271,0.000579,0.000436,0.995784,0.000124,0.000172,0.000265,0.001091
5982,5,5,1,0.004862,0.005527,0.005045,0.002044,0.004767,0.961267,0.002499,0.002744,0.002632,0.008613
5983,5,5,1,0.003482,0.002844,0.00201,0.002222,0.00109,0.979904,0.001595,0.001494,0.001029,0.004332
5984,5,5,1,0.002274,0.002037,0.002992,0.00217,0.001593,0.979882,0.000796,0.001822,0.00107,0.005364
5985,5,5,1,0.012381,0.003477,0.003611,0.005383,0.004815,0.94481,0.004632,0.001499,0.004655,0.014737
5986,5,5,1,0.00639,0.010797,0.008688,0.005508,0.00186,0.941848,0.002539,0.001621,0.003156,0.017592
5987,5,5,1,0.002925,0.004988,0.002671,0.003268,0.002406,0.973178,0.001076,0.001563,0.000508,0.007417
5988,5,5,1,0.013728,0.011175,0.004837,0.005501,0.006261,0.939461,0.002462,0.001146,0.001332,0.014098
5989,5,5,1,0.019967,0.008801,0.009133,0.007574,0.00362,0.919953,0.005244,0.001376,0.002951,0.021381
5990,5,5,1,0.005785,0.003279,0.003549,0.002094,0.003779,0.962114,0.001828,0.003222,0.001651,0.012699
5991,5,5,1,0.005762,0.001472,0.003592,0.001248,0.002715,0.973708,0.002611,0.001949,0.001172,0.00577
5992,5,5,1,0.000312,0.000839,0.000599,0.000909,0.000595,0.994558,0.000403,0.000244,0.000129,0.001413
5993,5,5,1,0.006948,0.005699,0.002811,0.005567,0.002372,0.957351,0.001338,0.002264,0.003283,0.012367
5994,5,5,1,0.003576,0.00132,0.002209,0.001366,0.000798,0.981909,0.001526,0.001543,0.001027,0.004725
5995,5,5,1,0.006915,0.009559,0.005235,0.006038,0.008161,0.927019,0.003037,0.002026,0.007582,0.024427
5996,5,5,1,1.9e-05,1.5e-05,1e-05,8e-06,5e-06,0.9999,9e-06,7e-06,4e-06,2.3e-05
5997,5,5,1,0.003813,0.002515,0.002121,0.000626,0.000321,0.984585,0.000377,0.00038,0.000365,0.004897
5998,5,5,1,0.00415,0.008426,0.003485,0.008193,0.004885,0.943095,0.006672,0.001401,0.003801,0.015893
5999,5,5,1,0.007931,0.002908,0.003237,0.003945,0.006127,0.944687,0.005755,0.002633,0.004867,0.01791
6000,5,5,1,0.008961,0.007526,0.008325,0.004902,0.002683,0.945864,0.004946,0.00286,0.00246,0.011473
6001,5,5,1,0.003759,0.001261,0.001169,0.002126,0.00104,0.979268,0.000751,0.00081,0.002246,0.00757
6002,5,5,1,0.003273,0.003847,0.003514,0.007191,0.00694,0.950692,0.005383,0.00288,0.002909,0.013371
6003,5,5,1,0.003852,0.002297,0.000586,0.000722,0.00182,0.983383,0.000874,0.001207,0.000498,0.004761
6004,5,5,1,0.000506,0.000358,0.001082,0.000825,0.000355,0.993096,0.000493,0.000712,0.000191,0.002382
6005,5,5,1,0.004398,0.001232,0.002479,0.001188,0.001895,0.980231,0.001415,0.0015,0.001008,0.004655
6006,5,5,1,0.00344,0.000833,0.001294,0.001488,0.000427,0.984668,0.001075,0.000938,0.000353,0.005483
6007,5,5,1,0.013591,0.009027,0.006921,0.003426,0.00463,0.942336,0.003407,0.004075,0.001441,0.011149
6008,5,5,1,0.008538,0.004672,0.009713,0.003602,0.008919,0.933017,0.005163,0.003961,0.004745,0.017671
6009,5,5,1,0.013494,0.011196,0.015561,0.009016,0.00636,0.910363,0.007142,0.002862,0.004873,0.019132
6010,5,5,1,0.007112,0.008686,0.007441,0.009134,0.009665,0.890869,0.008053,0.01352,0.004135,0.041384
6011,5,3,0,0.007071,0.004367,0.003381,0.567898,0.004013,0.372967,0.007841,0.002644,0.00189,0.027928
6012,5,3,0,-0.039802,-0.045081,-0.029339,0.656551,-0.039506,0.56052,-0.020084,-0.027178,-0.01608,0.0
6013,5,6,0,0.007522,0.008844,0.003545,0.010035,0.006622,0.362692,0.558425,0.003734,0.002611,0.03597
6014,5,3,0,0.012562,0.011171,0.007329,0.488785,0.004804,0.436772,0.002184,0.004192,0.003652,0.028549
6015,5,3,0,0.005738,0.008955,0.004233,0.508136,0.004536,0.440654,0.002348,0.001792,0.003369,0.020238
6016,5,8,0,0.002091,0.002317,0.001792,0.001098,0.000569,0.335708,0.000686,0.000306,0.649993,0.005439
6017,5,8,0,0.026458,0.016025,0.008693,0.012844,0.012583,0.384926,0.014064,0.016344,0.442351,0.065712
6018,5,8,0,-0.056552,-0.033614,-0.026353,-0.025489,-0.026094,0.532245,-0.017261,-0.015522,0.66864,0.0
6019,5,6,0,0.054518,0.013032,0.021507,0.023248,0.012622,0.270434,0.430095,0.012565,0.014206,0.147773
6020,5,6,0,0.004921,0.005849,0.007889,0.0044,0.007088,0.378685,0.562147,0.003854,0.00411,0.021058
6021,5,3,0,-0.037624,-0.031653,-0.027908,0.652379,-0.010191,0.487722,-0.006733,-0.009998,-0.015995,0.0
6022,5,3,0,-0.021776,-0.02391,-0.021319,0.586054,-0.008921,0.520847,-0.011052,-0.009893,-0.010031,0.0
6023,5,3,0,-0.059177,-0.0164,-0.020372,0.667145,-0.022057,0.526521,-0.023176,-0.027126,-0.025356,0.0
6024,5,8,0,-0.005124,-0.002301,-0.003286,-0.002744,-0.00643,0.451522,-0.004341,-0.003712,0.576415,0.0
6025,5,8,0,0.027792,0.01637,0.027619,0.049237,0.040215,0.227291,0.028314,0.022696,0.431152,0.129313
6026,5,8,0,-0.026553,-0.037088,-0.041027,-0.010953,-0.013869,0.469305,-0.011105,-0.009851,0.68114,0.0
6027,5,8,0,-0.010536,-0.007977,-0.006394,-0.011973,-0.009302,0.421215,-0.00627,-0.002555,0.633793,0.0
6028,5,6,0,0.014227,0.011824,0.01165,0.014378,0.013093,0.309795,0.527543,0.016089,0.015933,0.065469
6029,5,8,0,0.027958,0.051028,0.019968,0.029551,0.010217,0.280899,0.014548,0.014808,0.424425,0.126599
6030,5,8,0,-0.013563,-0.012767,-0.010939,-0.018402,-0.028877,0.430774,-0.016909,-0.015454,0.686136,0.0
6031,6,6,1,0.001343,0.003694,0.002441,0.000804,0.001996,0.000405,0.983265,0.001054,0.000993,0.004006
6032,6,6,1,0.011623,0.016009,0.017454,0.004873,0.008645,0.002301,0.901988,0.008584,0.001647,0.026876
6033,6,6,1,0.013319,0.009901,0.007433,0.002663,0.00197,0.002967,0.928381,0.002655,0.006433,0.024276
6034,6,6,1,0.013879,0.013089,0.005306,0.008504,0.005294,0.006124,0.924792,0.001568,0.00489,0.016554
6035,6,6,1,0.010178,0.006043,0.011358,0.009977,0.005959,0.011315,0.908955,0.003624,0.003841,0.02875
6036,6,6,1,0.009554,0.005146,0.008803,0.004931,0.004457,0.003401,0.943674,0.003003,0.001381,0.015651
6037,6,6,1,0.006426,0.004861,0.004851,0.001485,0.003568,0.002165,0.961465,0.00353,0.001974,0.009676
6038,6,6,1,0.001888,0.002928,0.002945,0.002194,0.000791,0.002053,0.980739,0.001576,0.001124,0.003762
6039,6,6,1,0.001455,0.004926,0.001591,0.003999,0.001118,0.000773,0.973851,0.002106,0.001303,0.008877
6040,6,6,1,2e-05,1.1e-05,1.1e-05,6e-06,3e-06,8e-06,0.9999,8e-06,5e-06,2.8e-05
6041,6,6,1,1.4e-05,1.6e-05,1.1e-05,8e-06,1e-05,1e-05,0.9999,6e-06,4e-06,2.3e-05
6042,6,6,1,0.000823,0.002268,0.000868,0.001426,0.000828,0.00099,0.989043,0.000598,0.000214,0.002945
6043,6,6,1,2.4e-05,1.4e-05,1.4e-05,3e-06,9e-06,6e-06,0.9999,7e-06,3e-06,2e-05
6044,6,6,1,0.003316,0.006236,0.003381,0.005684,0.003054,0.007425,0.94424,0.006112,0.002343,0.01821
6045,6,6,1,0.004046,0.009664,0.005529,0.001717,0.001715,0.00475,0.949675,0.003053,0.00109,0.01876
6046,6,6,1,0.003323,0.012527,0.00677,0.00679,0.005225,0.003037,0.939373,0.005738,0.002495,0.014721
6047,6,6,1,0.003852,0.002948,0.00073,0.000538,0.0009,0.000695,0.983487,0.000372,0.001002,0.005474
6048,6,6,1,0.010356,0.015217,0.006281,0.00354,0.008866,0.004734,0.92509,0.002614,0.001704,0.021599
6049,6,6,1,0.002517,0.002092,0.00346,0.001103,0.001446,0.003649,0.973818,0.000738,0.001633,0.009544
6050,6,6,1,0.004602,0.003947,0.00611,0.002907,0.006227,0.005172,0.952915,0.002488,0.002246,0.013386
6051,6,6,1,0.007161,0.006305,0.005517,0.002476,0.004014,0.003083,0.961049,0.002471,0.001782,0.006141
6052,6,6,1,0.0144,0.009577,0.003478,0.003829,0.00298,0.002787,0.942183,0.0022,0.003931,0.014635
6053,6,6,1,0.004823,0.008971,0.005733,0.004304,0.002961,0.00134,0.956508,0.001712,0.001627,0.012022
6054,6,6,1,0.010697,0.008528,0.007814,0.002882,0.00283,0.002779,0.940638,0.001268,0.005192,0.017372
6055,6,6,1,6e-06,1.7e-05,1.8e-05,7e-06,1.1e-05,6e-06,0.9999,4e-06,5e-06,2.6e-05
6056,6,6,1,0.012403,0.005947,0.006442,0.003829,0.00599,0.003934,0.943858,0.003462,0.002393,0.011742
6057,6,6,1,0.003003,0.002539,0.002961,0.001669,0.001535,0.001232,0.982273,0.000664,0.000368,0.003756
6058,6,6,1,0.008869,0.004655,0.002024,0.003158,0.003385,0.003029,0.964218,0.00125,0.001931,0.007481
6059,6,6,1,0.002578,0.003491,0.00348,0.002798,0.000491,0.001402,0.978194,0.000945,0.001052,0.00557
6060,6,6,1,0.01072,0.007314,0.007252,0.002011,0.003873,0.001203,0.949757,0.003961,0.003354,0.010555
6061,6,6,1,0.001273,0.000664,0.000292,0.000367,0.000473,0.000794,0.993588,0.000178,0.000325,0.002046
6062,6,6,1,0.009062,0.00216,0.004925,0.006946,0.005455,0.001855,0.953774,0.000809,0.003218,0.011797
6063,6,6,1,0.009673,0.007763,0.005258,0.00421,0.001377,0.001029,0.953417,0.003369,0.002732,0.011171
6064,6,6,1,0.004235,0.002595,0.005152,0.003641,0.002042,0.001102,0.969371,0.001466,0.00098,0.009415
6065,6,6,1,0.019849,0.017222,0.012657,0.010785,0.004294,0.002345,0.901852,0.007638,0.001781,0.021577
6066,6,6,1,1.3e-05,1.8e-05,1.6e-05,4e-06,1.2e-05,8e-06,0.9999,5e-06,1e-06,2.2e-05
6067,6,6,1,0.003501,0.006921,0.00522,0.005726,0.005342,0.001254,0.954494,0.001677,0.000915,0.014949
6068,6,6,1,0.003449,0.004066,0.000859,0.002851,0.002125,0.001307,0.976145,0.001647,0.001862,0.005689
6069,6,6,1,0.005413,0.003055,0.002073,0.002371,0.001482,0.003391,0.964703,0.003235,0.002734,0.011542
6070,6,6,1,0.001973,0.003703,0.002873,0.003213,0.002131,0.000982,0.97713,0.00102,0.000673,0.006303
6071,6,6,1,0.002962,0.001058,0.000959,0.001149,0.001152,0.000498,0.987027,0.000928,0.000569,0.0037
6072,6,6,1,0.006047,0.003715,0.003923,0.001104,0.00151,0.002407,0.972545,0.0019,0.00144,0.005411
6073,6,6,1,0.018529,0.010726,0.013368,0.010817,0.008955,0.00273,0.906493,0.005618,0.001189,0.021575
6074,6,6,1,0.00514,0.003275,0.00384,0.004591,0.003254,0.002222,0.968085,0.00147,0.000881,0.007239
6075,6,6,1,9e-06,1.7e-05,1.7e-05,5e-06,1.3e-05,7e-06,0.9999,2e-06,5e-06,2.5e-05
6076,6,6,1,0.006223,0.006853,0.005454,0.001946,0.001272,0.001274,0.96086,0.001772,0.002128,0.012219
6077,6,6,1,0.004243,0.004889,0.003919,0.00288,0.001164,0.002255,0.965986,0.001364,0.002011,0.01129
6078,6,6,1,0.004336,0.002501,0.003514,0.008098,0.006217,0.003554,0.955235,0.002411,0.001658,0.012475
6079,6,6,1,0.013543,0.020537,0.006201,0.006875,0.00513,0.010575,0.887985,0.007946,0.009678,0.03153
6080,6,6,1,1.8e-05,1.4e-05,8e-06,9e-06,1.1e-05,2e-06,0.9999,4e-06,7e-06,2.7e-05
6081,6,6,1,0.000381,0.000654,0.000424,0.00032,0.000363,0.000211,0.995165,0.000276,0.00047,0.001737
6082,6,6,1,0.00732,0.004663,0.004003,0.00246,0.001115,0.001096,0.968502,0.00242,0.000757,0.007663
6083,6,6,1,0.005585,0.004329,0.003703,0.002822,0.007325,0.003451,0.940953,0.007203,0.003581,0.021048
6084,6,6,1,0.005349,0.004401,0.003754,0.002494,0.003265,0.005462,0.957534,0.001474,0.00316,0.013108
6085,6,6,1,0.004657,0.002351,0.002779,0.004469,0.003442,0.004572,0.953232,0.001342,0.002667,0.02049
6086,6,6,1,0.004421,0.006297,0.006683,0.004069,0.003549,0.004198,0.954487,0.001684,0.00242,0.012192
6087,6,6,1,0.008705,0.004414,0.004127,0.008647,0.004102,0.00527,0.947953,0.002992,0.003179,0.010612
6088,6,6,1,0.001599,0.000459,0.001084,0.000562,0.000844,0.00056,0.992574,0.000565,0.000121,0.001632
6089,6,6,1,0.007023,0.006969,0.005381,0.010885,0.006499,0.003225,0.924743,0.00718,0.003215,0.024883
6090,6,6,1,0.004928,0.003626,0.00478,0.005784,0.00141,0.004046,0.961547,0.001675,0.002997,0.009207
6091,6,6,1,0.016443,0.018294,0.003384,0.007255,0.004471,0.003087,0.910062,0.007412,0.0053,0.024291
6092,6,6,1,0.004512,0.002146,0.001083,0.002286,0.002028,0.001531,0.979331,0.000505,0.000329,0.006249
6093,6,6,1,0.008364,0.007759,0.005167,0.002822,0.001973,0.002168,0.958489,0.001652,0.00139,0.010216
6094,6,6,1,0.001114,0.001347,0.000217,0.000522,0.000292,0.000289,0.99348,0.000593,0.00045,0.001696
6095,6,6,1,0.009019,0.012887,0.004138,0.008392,0.003204,0.002183,0.932233,0.001945,0.003349,0.022649
6096,6,6,1,0.006689,0.004003,0.002237,0.001559,0.000841,0.001239,0.969977,0.002694,0.001699,0.009062
6097,6,6,1,0.008328,0.002635,0.002506,0.001383,0.002836,0.003538,0.963453,0.003654,0.001743,0.009923
6098,6,6,1,0.014505,0.009106,0.009092,0.006022,0.003644,0.005543,0.914998,0.005714,0.003438,0.027938
6099,6,6,1,0.002791,0.006645,0.004048,0.004216,0.00325,0.002172,0.966531,0.0021,0.001544,0.006703
6100,6,6,1,0.003635,0.003923,0.001731,0.001708,0.002091,0.001892,0.978941,0.000746,0.000929,0.004404
6101,6,6,1,2.1e-05,9e-06,9e-06,1.3e-05,1e-05,4e-06,0.9999,7e-06,4e-06,2.4e-05
6102,6,6,1,0.001582,0.00346,0.003215,0.00279,0.001048,0.001555,0.976113,0.00149,0.000594,0.008152
6103,6,6,1,0.009377,0.009909,0.006564,0.005926,0.003234,0.002655,0.931165,0.005934,0.004507,0.020729
6104,6,6,1,0.01964,0.010023,0.010541,0.004291,0.00513,0.005862,0.920679,0.001307,0.002388,0.020139
6105,6,6,1,0.008901,0.008025,0.018536,0.011406,0.005954,0.008434,0.906423,0.004566,0.00195,0.025806
6106,6,6,1,0.005652,0.013811,0.005058,0.006075,0.009243,0.00617,0.92941,0.002314,0.001285,0.02098
6107,6,6,1,0.003837,0.003586,0.004647,0.001349,0.001248,0.00248,0.973193,0.001888,0.001293,0.006479
6108,6,6,1,0.001738,0.001263,0.000694,0.000662,0.000748,0.00023,0.991353,0.000499,0.000396,0.002416
6109,6,6,1,0.005445,0.001292,0.002153,0.001878,0.003154,0.001614,0.976281,0.00119,0.000657,0.006336
6110,6,6,1,0.00244,0.008434,0.006298,0.004222,0.002787,0.001842,0.959044,0.003079,0.00157,0.010286
6111,6,6,1,0.006518,0.012034,0.002088,0.003733,0.005299,0.002583,0.945055,0.004572,0.003671,0.014446
6112,6,6,1,0.016167,0.007411,0.012373,0.008204,0.002035,0.00599,0.92671,0.004705,0.003799,0.012607
6113,6,6,1,0.011776,0.008605,0.002409,0.005426,0.007647,0.001988,0.938168,0.003087,0.005184,0.01571
6114,6,6,1,0.016344,0.010971,0.00664,0.00824,0.002883,0.003389,0.927818,0.002278,0.002668,0.01877
6115,6,6,1,0.001596,0.001229,0.000439,0.001629,0.000747,0.00028,0.988995,0.000263,0.00078,0.004041
6116,6,6,1,0.003815,0.004385,0.002782,0.000981,0.001862,0.002626,0.974916,0.001803,0.001224,0.005608
6117,6,6,1,0.001373,0.006327,0.003439,0.002683,0.00325,0.001453,0.973024,0.001507,0.001154,0.005791
6118,6,6,1,0.016427,0.005368,0.01019,0.007021,0.009421,0.005293,0.91173,0.003531,0.007057,0.023962
6119,6,6,1,0.006541,0.001736,0.007409,0.004068,0.001659,0.004474,0.959232,0.001278,0.001499,0.012103
6120,6,6,1,0.005553,0.002276,0.001019,0.002631,0.001369,0.001347,0.977288,0.001123,0.000641,0.006753
6121,6,6,1,0.008741,0.014228,0.009349,0.003794,0.002883,0.005927,0.933115,0.001982,0.004013,0.01597
6122,6,6,1,0.000113,7.7e-05,2.3e-05,6.6e-05,2.5e-05,6.3e-05,0.999388,5.6e-05,1.2e-05,0.000177
6123,6,6,1,1.3e-05,9e-06,1.3e-05,9e-06,1.4e-05,5e-06,0.9999,5e-06,7e-06,2.6e-05
6124,6,6,1,0.025953,0.015251,0.012432,0.012278,0.002323,0.008456,0.89197,0.003584,0.003988,0.023764
6125,6,6,1,0.004227,0.011607,0.007527,0.010443,0.004738,0.003738,0.929089,0.002243,0.006336,0.020052
6126,6,6,1,0.007917,0.010251,0.009134,0.011275,0.002648,0.00513,0.921025,0.005158,0.004065,0.023398
6127,6,6,1,0.006736,0.001682,0.005111,0.000908,0.001012,0.002005,0.970187,0.001782,0.001379,0.009198
6128,6,6,1,0.00269,0.001512,0.00488,0.002228,0.003811,0.001812,0.968637,0.001099,0.002031,0.0113
6129,6,6,1,0.003349,0.004747,0.003035,0.001801,0.003409,0.002241,0.956671,0.002524,0.002605,0.019618
6130,6,6,1,0.007966,0.002985,0.00782,0.001459,0.003086,0.005541,0.954519,0.002981,0.000754,0.012889
6131,6,6,1,0.005875,0.003467,0.004313,0.00929,0.004142,0.003752,0.941554,0.003199,0.002749,0.02166
6132,6,6,1,0.009056,0.010182,0.004588,0.004889,0.006697,0.00374,0.931982,0.006226,0.004096,0.018543
6133,6,6,1,0.002547,0.00217,0.005918,0.004068,0.00188,0.003243,0.970158,0.000807,0.002245,0.006966
6134,6,6,1,0.011518,0.004143,0.003076,0.001631,0.002089,0.00269,0.949892,0.002133,0.003426,0.019402
6135,6,6,1,0.006994,0.007748,0.007326,0.004875,0.005066,0.004122,0.943247,0.005148,0.002057,0.013417
6136,6,6,1,0.006106,0.012706,0.006162,0.012895,0.002962,0.004379,0.916053,0.006419,0.004815,0.027503
6137,6,6,1,0.011335,0.004846,0.006227,0.005403,0.008369,0.0016,0.937502,0.005983,0.003598,0.015137
6138,6,6,1,0.00145,0.002686,0.000766,0.000557,0.001322,0.000862,0.987151,0.001142,0.000705,0.003358
6139,6,6,1,0.00344,0.00498,0.009483,0.008339,0.003922,0.00576,0.940112,0.003628,0.004401,0.015934
6140,6,6,1,0.006647,0.005131,0.011841,0.00598,0.008809,0.002672,0.933756,0.005002,0.002873,0.017288
6141,6,6,1,2e-05,1.2e-05,7e-06,9e-06,1.2e-05,4e-06,0.9999,2e-06,6e-06,2.8e-05
6142,6,6,1,0.007658,0.005209,0.002699,0.003277,0.003388,0.002465,0.966926,0.001484,0.000514,0.006379
6143,6,6,1,0.002922,0.005522,0.003694,0.004051,0.003163,0.001969,0.943369,0.008077,0.005156,0.022078
6144,6,6,1,0.009094,0.008118,0.010752,0.008697,0.008882,0.002902,0.925978,0.003764,0.001383,0.02043
6145,6,6,1,0.011116,0.023267,0.018733,0.003946,0.006306,0.009423,0.883974,0.005593,0.004252,0.03339
6146,6,6,1,0.004397,0.001251,0.003064,0.001033,0.003024,0.000661,0.976903,0.00228,0.001647,0.00574
6147,6,6,1,0.004503,0.004586,0.003188,0.006713,0.005538,0.002272,0.947341,0.006368,0.004133,0.015358
6148,6,6,1,0.009718,0.003491,0.006351,0.009359,0.007524,0.001836,0.931801,0.003484,0.00335,0.023086
6149,6,6,1,0.031461,0.007165,0.012396,0.01128,0.006773,0.007465,0.872697,0.011031,0.005883,0.033849
6150,6,6,1,0.011694,0.003067,0.002879,0.005672,0.005551,0.004063,0.952816,0.003378,0.002293,0.008587
6151,6,6,1,0.005823,0.004961,0.003736,0.001981,0.001848,0.001413,0.973124,0.000543,0.000991,0.005579
6152,6,6,1,0.001528,0.002082,0.004483,0.000863,0.002664,0.00246,0.976528,0.000548,0.001589,0.007255
6153,6,6,1,0.005383,0.00729,0.003365,0.003335,0.001407,0.001906,0.964782,0.001889,0.000932,0.009711
6154,6,6,1,0.006975,0.007615,0.004802,0.004243,0.004664,0.002212,0.957649,0.001388,0.001658,0.008796
6155,6,6,1,0.003713,0.004089,0.001254,0.003629,0.0007,0.002722,0.975223,0.001253,0.001001,0.006415
6156,6,6,1,1.6e-05,1.2e-05,1e-05,1.4e-05,9e-06,1e-05,0.9999,6e-06,2e-06,2.2e-05
6157,6,6,1,0.010695,0.009528,0.006828,0.003766,0.004169,0.003318,0.950953,0.002222,0.000695,0.007825
6158,6,6,1,0.007359,0.005438,0.001986,0.002527,0.001222,0.001993,0.965714,0.001763,0.002321,0.009678
6159,6,6,1,0.006411,0.004814,0.004633,0.001699,0.00108,0.003905,0.965712,0.002536,0.00158,0.007631
6160,6,6,1,0.010899,0.003098,0.004755,0.004814,0.008312,0.004473,0.929196,0.002969,0.004414,0.02707
6161,6,6,1,0.009573,0.012022,0.00632,0.0111,0.002027,0.004891,0.926406,0.003171,0.003873,0.020618
6162,6,6,1,0.00208,0.001758,0.001329,0.000867,0.000748,0.000334,0.990597,0.000137,0.000211,0.001939
6163,6,6,1,0.013809,0.007678,0.007045,0.009251,0.004801,0.002604,0.933243,0.003841,0.002818,0.01491
6164,6,6,1,0.000117,5.4e-05,2.9e-05,4.3e-05,5.9e-05,1.3e-05,0.999467,3.9e-05,3.1e-05,0.00015
6165,6,6,1,0.004338,0.012705,0.004259,0.012596,0.006021,0.005683,0.927323,0.002368,0.00124,0.023466
6166,6,6,1,0.003153,0.005068,0.006254,0.004749,0.001888,0.000777,0.964492,0.003322,0.000969,0.009328
6167,6,6,1,0.006634,0.008492,0.013443,0.006245,0.004579,0.005514,0.926751,0.004695,0.002854,0.020794
6168,6,6,1,0.010983,0.010067,0.006122,0.004396,0.001546,0.001925,0.946599,0.002291,0.003765,0.012308
6169,6,6,1,0.003393,0.004874,0.007099,0.004274,0.002435,0.003837,0.956492,0.004347,0.000709,0.012542
6170,6,6,1,0.00566,0.002801,0.002082,0.005142,0.001648,0.004198,0.961562,0.003425,0.003156,0.010327
6171,6,6,1,0.007869,0.006627,0.010208,0.007137,0.004751,0.002755,0.928605,0.003517,0.003753,0.02478
6172,6,6,1,6e-06,2e-05,5e-06,3e-06,5e-06,1.4e-05,0.9999,7e-06,7e-06,3.3e-05
6173,6,6,1,0.003963,0.001538,0.003437,0.001945,0.001059,0.000552,0.980063,0.000824,0.001588,0.005031
6174,6,6,1,0.014641,0.004304,0.005208,0.004093,0.003201,0.006326,0.93436,0.003056,0.002649,0.022162
6175,6,6,1,0.004648,0.001068,0.000916,0.00212,0.002659,0.002032,0.98021,0.001578,0.001082,0.003687
6176,6,6,1,0.00312,0.003213,0.002253,0.002366,0.000954,0.001295,0.972164,0.000778,0.001355,0.012502
6177,6,6,1,2.3e-05,1.2e-05,9e-06,1.3e-05,6e-06,5e-06,0.9999,4e-06,4e-06,2.5e-05
6178,6,6,1,0.012328,0.012828,0.007196,0.004532,0.01127,0.001928,0.917987,0.003399,0.005672,0.022859
6179,6,6,1,0.009829,0.014167,0.004483,0.01052,0.00824,0.005027,0.925133,0.001138,0.003327,0.018136
6180,6,6,1,6e-06,1e-05,6e-06,1.2e-05,1.5e-05,3e-06,0.9999,8e-06,3e-06,3.6e-05
6181,6,6,1,0.011013,0.004507,0.007425,0.003634,0.004037,0.004336,0.94188,0.00223,0.002324,0.018615
6182,6,6,1,0.004157,0.009567,0.005649,0.00485,0.002278,0.001916,0.949022,0.002323,0.001815,0.018423
6183,6,6,1,0.00894,0.009641,0.010808,0.007439,0.007545,0.004287,0.932365,0.003521,0.002289,0.013165
6184,6,6,1,0.001501,0.003777,0.002215,0.002113,0.00151,0.001317,0.981561,0.000597,0.00042,0.004989
6185,6,6,1,0.011295,0.008433,0.001764,0.003348,0.003854,0.001986,0.952868,0.000889,0.002011,0.013552
6186,6,6,1,0.004663,0.006743,0.001219,0.002562,0.003471,0.00256,0.96659,0.002234,0.000832,0.009125
6187,6,6,1,0.003718,0.01151,0.005507,0.005834,0.002625,0.006463,0.944249,0.003531,0.002559,0.014005
6188,6,6,1,0.004686,0.008288,0.002334,0.005456,0.001595,0.00296,0.960218,0.001505,0.001777,0.011181
6189,6,6,1,0.00632,0.005598,0.004987,0.00419,0.00392,0.006123,0.94252,0.003511,0.002855,0.019977
6190,6,6,1,0.005708,0.011498,0.007585,0.015538,0.002953,0.00413,0.906374,0.00659,0.005099,0.034524
6191,6,6,1,0.001473,0.001896,0.001986,0.000754,0.001056,0.000283,0.988436,0.000385,0.000711,0.003019
6192,6,6,1,0.004179,0.004379,0.00638,0.00413,0.001904,0.002625,0.960862,0.002274,0.002755,0.010513
6193,6,6,1,0.006725,0.010718,0.009872,0.002786,0.004631,0.005336,0.939432,0.001321,0.004206,0.014974
6194,6,6,1,0.01252,0.011896,0.00263,0.006889,0.004138,0.00315,0.93865,0.001432,0.00198,0.016716
6195,6,6,1,0.014888,0.010753,0.011236,0.005741,0.005946,0.004873,0.92278,0.002552,0.005268,0.015962
6196,6,6,1,0.00378,0.006596,0.003059,0.003241,0.001452,0.002199,0.966348,0.001737,0.000789,0.010801
6197,6,6,1,0.002598,0.010986,0.005865,0.004388,0.006418,0.001539,0.950169,0.003756,0.00339,0.010891
6198,6,6,1,0.004092,0.007479,0.004263,0.006783,0.009771,0.003977,0.936405,0.00635,0.003615,0.017265
6199,6,6,1,0.007118,0.006719,0.005516,0.003321,0.002385,0.00175,0.959509,0.003229,0.000576,0.009877
6200,6,6,1,0.003202,0.002159,0.005414,0.004226,0.005458,0.003116,0.957737,0.002741,0.00116,0.014787
6201,6,6,1,0.002871,0.001142,0.000621,0.000393,0.001388,0.001021,0.987995,0.000405,0.000313,0.003851
6202,6,6,1,0.001978,0.001429,0.000406,0.001253,0.000734,0.000455,0.990289,0.00044,0.000234,0.002782
6203,6,6,1,0.003746,0.004109,0.003199,0.005473,0.001586,0.003916,0.958532,0.001046,0.002242,0.016151
6204,6,6,1,0.002168,0.003357,0.003831,0.003242,0.000816,0.00207,0.976886,0.000455,0.001578,0.005597
6205,6,6,1,0.005665,0.018654,0.014108,0.010721,0.010324,0.006435,0.907784,0.004697,0.004383,0.017228
6206,6,6,1,0.000111,0.000201,0.000128,0.000148,0.000215,0.000262,0.998116,0.000124,8.2e-05,0.000615
6207,6,6,1,0.00574,0.004754,0.002186,0.005811,0.003976,0.000887,0.963044,0.000981,0.00167,0.010951
6208,6,6,1,0.00735,0.001927,0.006604,0.004178,0.004794,0.001325,0.959805,0.003164,0.000746,0.010106
6209,6,6,1,0.01218,0.009974,0.011221,0.00844,0.006356,0.003739,0.92956,0.004086,0.00311,0.011333
6210,6,6,1,0.011052,0.010015,0.004108,0.002972,0.005255,0.003988,0.94558,0.004143,0.002715,0.010173
6211,6,6,1,0.007603,0.001963,0.002832,0.002445,0.005643,0.002286,0.961617,0.002777,0.002627,0.010208
6212,6,6,1,0.00635,0.00404,0.002052,0.003471,0.002225,0.006245,0.95568,0.002854,0.003407,0.013676
6213,6,6,1,0.002137,0.002185,0.002105,0.002787,0.002547,0.000636,0.979381,0.000952,0.000873,0.006397
6214,6,6,1,0.006737,0.002248,0.010364,0.003541,0.001736,0.003648,0.948889,0.003395,0.002636,0.016806
6215,6,6,1,0.002474,0.008615,0.008185,0.00365,0.003443,0.003374,0.955417,0.002591,0.002703,0.009548
6216,6,6,1,0.004158,0.001863,0.002479,0.003552,0.002252,0.000748,0.97633,0.001462,0.001403,0.005751
6217,6,6,1,0.011078,0.011287,0.008286,0.002502,0.001821,0.003909,0.941688,0.003358,0.002812,0.013259
6218,6,6,1,0.004944,0.003707,0.002961,0.000787,0.001115,0.00114,0.97732,0.00103,0.001128,0.005869
6219,6,6,1,0.013656,0.007192,0.003922,0.007172,0.003622,0.002539,0.941175,0.002293,0.001756,0.016672
6220,6,6,1,0.018502,0.006615,0.012162,0.005539,0.008865,0.003621,0.91833,0.00315,0.004581,0.018636
6221,6,6,1,0.012384,0.009089,0.004827,0.004726,0.001559,0.004089,0.944269,0.003686,0.002546,0.012825
6222,6,6,1,0.00517,0.004141,0.013809,0.002986,0.007502,0.002568,0.932164,0.006584,0.002391,0.022686
6223,6,6,1,0.004858,0.007927,0.01124,0.003264,0.00728,0.003158,0.940923,0.003765,0.003058,0.014527
6224,6,6,1,0.008235,0.005459,0.002803,0.00266,0.002703,0.001499,0.966307,0.001722,0.001134,0.007478
6225,6,6,1,0.018458,0.008434,0.007492,0.008803,0.005829,0.003765,0.925279,0.005356,0.001712,0.014872
6226,6,6,1,0.00928,0.009985,0.005769,0.005617,0.004757,0.001243,0.94749,0.003341,0.001417,0.0111
6227,6,6,1,0.01128,0.007651,0.00299,0.002652,0.002968,0.001564,0.953025,0.001018,0.001184,0.015667
6228,6,6,1,0.006849,0.012508,0.010413,0.006615,0.006248,0.007464,0.920843,0.004097,0.006191,0.018771
6229,6,6,1,0.000858,0.000795,0.000281,0.000221,0.000504,0.000235,0.99547,0.00015,0.000221,0.001265
6230,6,6,1,0.001777,0.001088,0.00117,0.001133,0.000413,0.000452,0.988412,0.000329,0.000711,0.004515
6231,6,6,1,0.004463,0.004017,0.001566,0.002499,0.003756,0.002764,0.972323,0.001438,0.001275,0.005899
6232,6,6,1,0.011053,0.002219,0.005584,0.006357,0.001864,0.003394,0.954589,0.002501,0.002535,0.009905
6233,6,6,1,0.013719,0.006467,0.011988,0.005198,0.004575,0.004625,0.926698,0.001911,0.00145,0.02337
6234,6,6,1,0.010554,0.016632,0.00876,0.010642,0.002127,0.0034,0.917971,0.003736,0.004947,0.02123
6235,6,6,1,0.003145,0.002284,0.003401,0.001392,0.000907,0.00077,0.979287,0.000663,0.001613,0.006539
6236,6,6,1,2.4e-05,9e-06,1.3e-05,1.3e-05,8e-06,4e-06,0.9999,2e-06,3e-06,2.6e-05
6237,6,6,1,0.004164,0.001283,0.003267,0.000743,0.00327,0.002559,0.976566,0.000409,0.000973,0.006764
6238,6,6,1,0.009645,0.0029,0.00737,0.001332,0.004919,0.002412,0.956078,0.002378,0.001874,0.011093
6239,6,6,1,0.016176,0.014873,0.009826,0.008401,0.00459,0.004998,0.922321,0.003238,0.00122,0.014356
6240,6,6,1,0.000862,0.001083,0.001038,0.00171,0.00111,0.001529,0.987983,0.000607,0.000502,0.003578
6241,6,6,1,0.004208,0.001023,0.003824,0.002723,0.00088,0.002177,0.975514,0.001174,0.001808,0.00667
6242,6,6,1,0.004787,0.003437,0.001218,0.003239,0.002454,0.001708,0.977173,0.000345,0.000706,0.004933
6243,6,6,1,0.001704,0.001417,0.00169,0.004967,0.003347,0.001731,0.972771,0.00278,0.002257,0.007335
6244,6,6,1,0.002071,0.002918,0.003499,0.001841,0.000641,0.000963,0.979704,0.000429,0.001463,0.006471
6245,6,6,1,0.015181,0.004783,0.01054,0.004985,0.009969,0.004339,0.924344,0.004864,0.00232,0.018676
6246,6,6,1,0.006956,0.004828,0.003068,0.002269,0.002181,0.001764,0.966821,0.002619,0.001615,0.007879
6247,6,6,1,0.001306,0.001293,0.003067,0.000906,0.001996,0.001118,0.985014,0.000276,0.001173,0.003853
6248,6,6,1,0.000412,0.000102,0.00029,8.8e-05,7.4e-05,0.000115,0.998056,0.000182,0.00013,0.000551
6249,6,6,1,0.012732,0.005576,0.004238,0.004281,0.001431,0.00449,0.947972,0.003504,0.00309,0.012685
6250,6,6,1,0.012913,0.016358,0.003303,0.002667,0.00556,0.006302,0.91777,0.004529,0.007004,0.023594
6251,6,6,1,0.017327,0.010608,0.003439,0.01151,0.001911,0.002643,0.920346,0.007959,0.001638,0.022621
6252,6,6,1,0.015717,0.005018,0.005362,0.003335,0.007594,0.008991,0.923095,0.003713,0.003593,0.023581
6253,6,6,1,0.012893,0.003667,0.002746,0.005426,0.0071,0.004524,0.945027,0.003535,0.003652,0.01143
6254,6,6,1,0.003834,0.00956,0.005075,0.008351,0.007093,0.003777,0.944587,0.001548,0.001395,0.01478
6255,6,6,1,0.006947,0.006516,0.002932,0.005247,0.002049,0.003461,0.958416,0.001876,0.002954,0.009602
6256,6,6,1,1.6e-05,7e-06,6e-06,4e-06,1.1e-05,1.2e-05,0.9999,8e-06,4e-06,3.1e-05
6257,6,6,1,0.011524,0.003877,0.005038,0.012465,0.003344,0.007724,0.927098,0.003399,0.004279,0.021251
6258,6,6,1,0.002931,0.003078,0.005739,0.003539,0.003751,0.001624,0.954826,0.002913,0.003291,0.01831
6259,6,6,1,0.001346,0.003676,0.00273,0.001039,0.003192,0.002391,0.977967,0.000386,0.001083,0.006189
6260,6,6,1,0.00461,0.002793,0.00161,0.000894,0.002249,0.000557,0.98097,0.000391,0.001352,0.004574
6261,6,6,1,0.005574,0.002409,0.002881,0.001575,0.001637,0.001043,0.977566,0.000639,0.000972,0.005704
6262,6,6,1,0.013454,0.010008,0.00711,0.002337,0.001328,0.002563,0.940725,0.003059,0.003208,0.016208
6263,6,6,1,0.00778,0.004935,0.005982,0.00472,0.003595,0.002751,0.960909,0.000596,0.001201,0.007532
6264,6,6,1,0.000261,0.000149,0.000442,0.000366,0.000191,9e-05,0.997272,0.000286,0.000137,0.000807
6265,6,6,1,0.0133,0.002974,0.003636,0.0046,0.002176,0.002961,0.937695,0.002691,0.001598,0.02837
6266,6,6,1,0.006456,0.001253,0.004566,0.004093,0.000902,0.002398,0.970233,0.001792,0.001806,0.006501
6267,6,6,1,0.000343,0.000671,0.000575,0.000422,0.000311,0.000251,0.996483,9.4e-05,5.8e-05,0.000792
6268,6,6,1,1.7e-05,8e-06,1.1e-05,6e-06,6e-06,7e-06,0.9999,7e-06,6e-06,3.2e-05
6269,6,6,1,0.003019,0.001735,0.002218,0.000464,0.001565,0.001261,0.985845,0.000226,0.000287,0.00338
6270,6,6,1,0.00471,0.007239,0.004825,0.001002,0.003668,0.002178,0.963723,0.002339,0.001463,0.008854
6271,6,6,1,0.000873,0.000454,0.000728,0.000621,0.000215,0.000807,0.99355,0.000429,0.000287,0.002035
6272,6,6,1,0.016349,0.011093,0.003335,0.011535,0.004347,0.003753,0.919731,0.0019,0.002083,0.025874
6273,6,6,1,1.9e-05,1.4e-05,7e-06,9e-06,9e-06,9e-06,0.9999,2e-06,5e-06,2.5e-05
6274,6,6,1,0.007599,0.003063,0.003092,0.002338,0.004869,0.003662,0.95875,0.004003,0.002633,0.00999
6275,6,6,1,2.3e-05,4e-06,1.1e-05,5e-06,1.2e-05,6e-06,0.9999,1e-05,7e-06,2.2e-05
6276,6,6,1,0.006014,0.003056,0.007362,0.006317,0.00612,0.004678,0.947716,0.002561,0.00299,0.013186
6277,6,6,1,0.00784,0.002755,0.009954,0.007452,0.007003,0.003013,0.939406,0.003384,0.002863,0.016329
6278,6,6,1,0.009445,0.013014,0.002914,0.00513,0.004317,0.002582,0.937979,0.002166,0.002359,0.020093
6279,6,6,1,0.006159,0.007113,0.005124,0.001119,0.004745,0.003682,0.960218,0.00247,0.000752,0.008619
6280,6,6,1,0.00092,0.000465,0.000561,0.000231,0.00032,0.000398,0.995893,8.2e-05,0.000183,0.000946
6281,6,6,1,0.003104,0.010407,0.007322,0.004723,0.003757,0.001066,0.9542,0.001658,0.001004,0.012759
6282,6,6,1,0.011701,0.012602,0.004967,0.006292,0.003854,0.005819,0.933689,0.004731,0.001598,0.014747
6283,6,6,1,0.003468,0.011261,0.006533,0.009198,0.007791,0.001309,0.936932,0.003426,0.002095,0.017986
6284,6,6,1,0.029695,0.007383,0.009326,0.007518,0.008562,0.013152,0.881129,0.006174,0.006296,0.030764
6285,6,6,1,0.003045,0.00882,0.009007,0.005862,0.004735,0.00255,0.951245,0.001323,0.002227,0.011187
6286,6,6,1,0.003153,0.005087,0.004458,0.00208,0.004068,0.004072,0.964379,0.001472,0.001915,0.009316
6287,6,6,1,0.016992,0.012258,0.00547,0.009319,0.007322,0.002198,0.926008,0.001947,0.004264,0.014221
6288,6,6,1,1.2e-05,9e-06,6e-06,6e-06,9e-06,5e-06,0.9999,6e-06,6e-06,4e-05
6289,6,6,1,0.008986,0.007852,0.003861,0.009314,0.006415,0.003441,0.939792,0.004257,0.003249,0.012832
6290,6,6,1,0.016033,0.010674,0.005651,0.0051,0.002806,0.003436,0.935719,0.001487,0.00239,0.016704
6291,6,6,1,1.7e-05,9e-06,8e-06,8e-06,1.1e-05,1e-05,0.9999,8e-06,2e-06,2.6e-05
6292,6,6,1,0.010545,0.004952,0.006793,0.002848,0.003768,0.002877,0.955854,0.002918,0.001051,0.008394
6293,6,6,1,1.3e-05,1.3e-05,1.2e-05,1.2e-05,4e-06,4e-06,0.9999,6e-06,4e-06,3e-05
6294,6,6,1,0.007975,0.001417,0.001662,0.00408,0.002868,0.001297,0.966738,0.002516,0.001872,0.009576
6295,6,6,1,2e-05,1.6e-05,1.5e-05,3e-06,3e-06,5e-06,0.9999,5e-06,6e-06,2.8e-05
6296,6,6,1,0.017045,0.011967,0.011751,0.006885,0.002705,0.006794,0.90692,0.004884,0.005164,0.025886
6297,6,6,1,0.004945,0.001665,0.003275,0.002331,0.002102,0.001802,0.9782,0.001246,0.000822,0.003611
6298,6,6,1,1.7e-05,2e-05,4e-06,1.5e-05,9e-06,2e-06,0.9999,7e-06,2e-06,2.5e-05
6299,6,6,1,0.008384,0.008919,0.002907,0.001525,0.005319,0.003025,0.953115,0.002618,0.002376,0.011813
6300,6,6,1,0.003284,0.002604,0.004468,0.002939,0.004731,0.003863,0.96534,0.002737,0.000964,0.00907
6301,6,6,1,0.006512,0.009446,0.006131,0.006604,0.004691,0.001526,0.95049,0.001159,0.00309,0.010352
6302,6,6,1,0.005232,0.002036,0.005583,0.001391,0.002831,0.003547,0.968243,0.001835,0.000926,0.008375
6303,6,6,1,0.015777,0.006694,0.002798,0.006888,0.007241,0.004192,0.925767,0.005461,0.0017,0.023483
6304,6,6,1,0.016229,0.015077,0.012852,0.006798,0.004677,0.009852,0.901628,0.001876,0.003136,0.027875
6305,6,6,1,0.00412,0.004837,0.003883,0.00158,0.001607,0.001043,0.975084,0.00081,0.000719,0.006318
6306,6,6,1,0.015833,0.006619,0.004133,0.005377,0.005412,0.003285,0.926597,0.007305,0.003698,0.021742
6307,6,6,1,0.008178,0.017542,0.003288,0.010383,0.004458,0.002668,0.917939,0.006523,0.006165,0.022855
6308,6,6,1,0.00465,0.002602,0.003685,0.003208,0.002864,0.002031,0.974229,0.001189,0.001172,0.00437
6309,6,6,1,0.004215,0.002661,0.000688,0.000632,0.000802,0.001843,0.979998,0.000704,0.001248,0.007208
6310,6,6,1,0.006317,0.006541,0.002054,0.003498,0.003195,0.002776,0.957605,0.001752,0.000958,0.015303
6311,6,6,1,0.003086,0.005172,0.008549,0.006572,0.004398,0.005268,0.946284,0.002919,0.002192,0.015561
6312,6,6,1,0.004009,0.00422,0.006493,0.003557,0.001884,0.001673,0.959046,0.003003,0.003091,0.013024
6313,6,6,1,0.001557,0.002216,0.00092,0.000386,0.000872,0.001041,0.989008,0.000922,0.000509,0.00257
6314,6,6,1,0.006765,0.007465,0.006076,0.00751,0.011479,0.007404,0.900874,0.005741,0.007414,0.03927
6315,6,6,1,0.015742,0.009531,0.010543,0.00212,0.003639,0.004376,0.929617,0.00418,0.002639,0.017612
6316,6,6,1,0.009533,0.008088,0.010537,0.007918,0.004375,0.004322,0.925131,0.005725,0.003978,0.020394
6317,6,6,1,0.003561,0.003032,0.002257,0.003723,0.002486,0.000803,0.975159,0.000973,0.000473,0.007533
6318,6,6,1,8e-06,1.6e-05,1.7e-05,3e-06,4e-06,3e-06,0.9999,7e-06,7e-06,3.5e-05
6319,6,6,1,0.003639,0.001138,0.000862,0.002294,0.001308,0.001627,0.98284,0.000368,0.000652,0.005272
6320,6,6,1,0.00625,0.002669,0.007722,0.005999,0.003334,0.002349,0.9593,0.001508,0.001533,0.009334
6321,6,6,1,0.003153,0.001616,0.001147,0.002851,0.002884,0.000721,0.979316,0.000481,0.001492,0.006338
6322,6,6,1,0.006164,0.003657,0.001587,0.003239,0.002024,0.002698,0.965276,0.003562,0.001987,0.009806
6323,6,6,1,0.000499,0.001102,0.000715,0.000722,0.000198,0.000344,0.994567,0.000414,0.000305,0.001134
6324,6,6,1,0.010154,0.003827,0.004983,0.010465,0.003233,0.006892,0.938124,0.002406,0.003177,0.016739
6325,6,6,1,8e-06,1e-05,4e-06,1.2e-05,7e-06,1.2e-05,0.9999,9e-06,5e-06,3.3e-05
6326,6,6,1,0.009836,0.003457,0.00226,0.00512,0.004673,0.000953,0.958755,0.003338,0.001467,0.010142
6327,6,6,1,0.002207,0.004693,0.002102,0.002348,0.002539,0.000777,0.975039,0.002484,0.001886,0.005925
6328,6,6,1,0.005603,0.005877,0.004599,0.00294,0.002664,0.003446,0.958681,0.003714,0.002272,0.010205
6329,6,6,1,0.003468,0.008563,0.003605,0.002406,0.001314,0.004664,0.959755,0.001636,0.001928,0.012659
6330,6,6,1,0.008139,0.010189,0.004184,0.002736,0.002864,0.002734,0.949309,0.004263,0.001518,0.014064
6331,6,6,1,0.004482,0.001999,0.004767,0.003543,0.004487,0.003869,0.959841,0.001274,0.001655,0.014082
6332,6,6,1,0.000536,0.00165,0.001047,0.000661,0.000956,0.000556,0.990088,0.000365,0.000292,0.00385
6333,6,6,1,0.003703,0.007472,0.011072,0.006797,0.006561,0.006677,0.933593,0.004964,0.002061,0.0171
6334,6,6,1,0.002792,0.001641,0.000707,0.001206,0.000756,0.000682,0.987931,0.001006,0.000367,0.00291
6335,6,6,1,0.002646,0.004093,0.001738,0.005332,0.0032,0.004449,0.964659,0.003054,0.001787,0.009043
6336,6,6,1,0.00457,0.00497,0.00282,0.002786,0.001767,0.006176,0.958133,0.004653,0.001304,0.012821
6337,6,6,1,0.002445,0.001956,0.001645,0.001103,0.000422,0.001293,0.987106,0.000234,0.000602,0.003194
6338,6,6,1,0.026239,0.019015,0.003455,0.003353,0.007763,0.007194,0.892183,0.009847,0.00527,0.025682
6339,6,6,1,0.005923,0.001494,0.003321,0.002206,0.003011,0.001641,0.972369,0.000524,0.002235,0.007276
6340,6,6,1,1.5e-05,1.3e-05,1.7e-05,1.2e-05,1e-05,5e-06,0.9999,2e-06,4e-06,2.3e-05
6341,6,6,1,0.008974,0.013373,0.013175,0.008723,0.010424,0.00681,0.905568,0.001942,0.00679,0.024222
6342,6,6,1,0.003904,0.006691,0.003479,0.007128,0.003412,0.002906,0.956547,0.002321,0.001348,0.012264
6343,6,6,1,0.002673,0.000916,0.000938,0.000683,0.000982,0.001397,0.988128,0.000832,0.000181,0.003269
6344,6,6,1,0.002755,0.006123,0.003037,0.002734,0.001121,0.000685,0.971435,0.001101,0.0024,0.00861
6345,6,6,1,0.003688,0.00318,0.013435,0.00761,0.004624,0.005045,0.935363,0.00625,0.002699,0.018104
6346,6,6,1,0.003086,0.001982,0.00188,0.001621,0.001406,0.001821,0.979631,0.000586,0.001524,0.006463
6347,6,6,1,0.015813,0.011645,0.009722,0.007504,0.00165,0.001841,0.931175,0.004301,0.001271,0.01508
6348,6,6,1,0.007361,0.00827,0.007533,0.004825,0.004291,0.001234,0.949405,0.002567,0.000881,0.013634
6349,6,6,1,0.002493,0.001514,0.000894,0.000637,0.000383,0.001186,0.989039,0.000698,0.000458,0.002696
6350,6,6,1,1.7e-05,2e-05,7e-06,7e-06,7e-06,8e-06,0.9999,2e-06,5e-06,2.7e-05
6351,6,6,1,0.020954,0.006701,0.012002,0.008265,0.006601,0.008644,0.874405,0.007417,0.005215,0.049796
6352,6,6,1,0.003536,0.006877,0.003893,0.003524,0.002953,0.000774,0.965152,0.002874,0.002089,0.008327
6353,6,6,1,0.004874,0.001329,0.001243,0.003097,0.000658,0.000731,0.979246,0.001257,0.001576,0.005989
6354,6,6,1,0.014282,0.006095,0.007123,0.008751,0.003882,0.003329,0.936824,0.002162,0.001219,0.016334
6355,6,6,1,0.004047,0.001857,0.001579,0.000902,0.00299,0.000786,0.97939,0.001756,0.000674,0.006019
6356,6,6,1,0.000372,0.001017,0.000433,0.0007,0.000716,0.0006,0.99433,0.000265,0.000305,0.001263
6357,6,6,1,0.014257,0.009324,0.003735,0.005479,0.004402,0.00487,0.935151,0.003531,0.002097,0.017154
6358,6,6,1,0.015746,0.017001,0.00966,0.003072,0.003555,0.009115,0.910382,0.005916,0.004793,0.02076
6359,6,6,1,0.005329,0.014771,0.005652,0.005002,0.007153,0.006817,0.929302,0.001315,0.003529,0.02113
6360,6,6,1,0.005832,0.003363,0.002521,0.000819,0.002873,0.001547,0.974465,0.001638,0.001515,0.005427
6361,6,6,1,0.012705,0.006698,0.007064,0.00422,0.002608,0.002985,0.945257,0.00338,0.001592,0.013491
6362,6,6,1,1.3e-05,8e-06,1.4e-05,8e-06,8e-06,8e-06,0.9999,9e-06,5e-06,2.6e-05
6363,6,6,1,0.007866,0.004722,0.004239,0.01273,0.003711,0.003779,0.921242,0.002703,0.00869,0.030317
6364,6,6,1,0.013549,0.006517,0.007479,0.002567,0.003319,0.007112,0.932631,0.005248,0.003352,0.018226
6365,6,6,1,0.005762,0.006015,0.005402,0.00239,0.002059,0.005658,0.954576,0.001274,0.001674,0.015191
6366,6,6,1,0.006809,0.014307,0.009811,0.010378,0.0048,0.001855,0.919453,0.002151,0.00397,0.026468
6367,6,6,1,0.011674,0.003214,0.010684,0.002601,0.007251,0.002675,0.935792,0.002132,0.003452,0.020525
6368,6,6,1,0.004364,0.002637,0.002285,0.004646,0.00203,0.001749,0.971333,0.001152,0.001163,0.00864
6369,6,6,1,0.005836,0.010781,0.004878,0.006158,0.007005,0.00291,0.944301,0.004341,0.002779,0.011011
6370,6,6,1,0.004254,0.007868,0.005239,0.002649,0.001995,0.002205,0.96387,0.002881,0.001124,0.007915
6371,6,6,1,0.0048,0.003314,0.005055,0.00398,0.002548,0.001149,0.970498,0.001598,0.000484,0.006575
6372,6,6,1,0.011285,0.006249,0.014472,0.007743,0.011142,0.005506,0.911409,0.002209,0.007126,0.022859
6373,6,6,1,0.004702,0.001275,0.003477,0.0023,0.000638,0.001905,0.979752,0.001244,0.000988,0.003719
6374,6,6,1,0.012246,0.012039,0.005778,0.005727,0.008218,0.007042,0.924798,0.001683,0.004097,0.018371
6375,6,6,1,2.1e-05,8e-06,4e-06,1e-05,1.1e-05,7e-06,0.9999,8e-06,2e-06,2.9e-05
6376,6,6,1,0.004295,0.00993,0.008605,0.005988,0.003061,0.001468,0.947555,0.003297,0.000908,0.014892
6377,6,6,1,0.010638,0.007108,0.006769,0.006054,0.003465,0.00437,0.939517,0.001456,0.001446,0.019176
6378,6,6,1,0.017941,0.010085,0.006978,0.005868,0.002107,0.004208,0.926861,0.002652,0.003889,0.019411
6379,6,6,1,0.009715,0.005707,0.005408,0.004221,0.003094,0.003469,0.947836,0.003804,0.002599,0.014147
6380,6,6,1,0.015472,0.008815,0.003486,0.005923,0.003245,0.00313,0.92838,0.00509,0.006251,0.020207
6381,6,6,1,0.003108,0.00399,0.002225,0.00273,0.002774,0.000653,0.974839,0.002151,0.001804,0.005725
6382,6,6,1,0.009372,0.00994,0.00413,0.005732,0.003546,0.00125,0.94887,0.002722,0.002573,0.011865
6383,6,6,1,7e-06,1.7e-05,1.5e-05,9e-06,1.1e-05,6e-06,0.9999,4e-06,8e-06,2.3e-05
6384,6,6,1,0.012234,0.009048,0.005657,0.004974,0.004076,0.005191,0.935454,0.00442,0.00239,0.016556
6385,6,6,1,0.005623,0.002414,0.003677,0.009386,0.006982,0.004356,0.950371,0.001847,0.001333,0.014012
6386,6,6,1,0.009923,0.008281,0.006145,0.003627,0.001857,0.002354,0.945122,0.005206,0.003092,0.014393
6387,6,6,1,0.005747,0.003018,0.00107,0.002292,0.003626,0.00133,0.973121,0.001716,0.000676,0.007404
6388,6,6,1,0.002842,0.004024,0.007815,0.006534,0.003825,0.003801,0.954458,0.001467,0.00138,0.013855
6389,6,6,1,7e-06,1e-05,1.2e-05,1.7e-05,3e-06,3e-06,0.9999,6e-06,8e-06,3.4e-05
6390,6,6,1,0.001044,0.001984,0.000838,0.001124,0.001979,0.001297,0.98676,0.000956,0.000364,0.003654
6391,6,6,1,1.4e-05,6e-06,4e-06,1.2e-05,1.4e-05,4e-06,0.9999,9e-06,3e-06,3.4e-05
6392,6,6,1,0.001324,0.002781,0.002315,0.001719,0.002442,0.000648,0.977182,0.002754,0.001321,0.007513
6393,6,6,1,0.022026,0.006744,0.007114,0.005398,0.010149,0.004914,0.909226,0.00715,0.005123,0.022156
6394,6,6,1,0.001317,0.000507,0.000984,0.000665,0.000267,0.000323,0.993093,0.000212,0.000364,0.002267
6395,6,6,1,0.006074,0.002181,0.00306,0.002063,0.001064,0.001346,0.973285,0.001521,0.001637,0.007769
6396,6,6,1,0.000365,0.001235,0.000919,0.000294,0.000545,0.000362,0.994302,0.000471,8.6e-05,0.001422
6397,6,6,1,0.004003,0.002219,0.000689,0.002451,0.001647,0.001402,0.980089,0.001441,0.001502,0.004558
6398,6,6,1,0.016504,0.008489,0.009969,0.009302,0.004106,0.001482,0.926,0.001541,0.004149,0.018459
6399,6,6,1,0.013314,0.004941,0.00338,0.003787,0.003271,0.001739,0.941779,0.006697,0.003673,0.017419
6400,6,6,1,0.001988,0.003216,0.004105,0.004927,0.002298,0.001144,0.963414,0.003172,0.003931,0.011806
6401,6,6,1,0.002801,0.00429,0.003269,0.00106,0.000673,0.00195,0.976293,0.000899,0.001651,0.007115
6402,6,6,1,0.008785,0.004526,0.004432,0.002095,0.005005,0.003354,0.94476,0.004279,0.003645,0.019117
6403,6,6,1,0.003864,0.002189,0.004098,0.007742,0.002793,0.004298,0.958648,0.003407,0.00099,0.011971
6404,6,6,1,0.015533,0.008375,0.008508,0.005504,0.007573,0.001577,0.93177,0.00512,0.001701,0.014339
6405,6,6,1,0.006244,0.006221,0.002907,0.004269,0.001963,0.00392,0.961052,0.00113,0.001035,0.011259
6406,6,6,1,0.011839,0.022532,0.004293,0.010363,0.016558,0.003565,0.882541,0.009145,0.008564,0.0306
6407,6,6,1,0.011113,0.006964,0.00314,0.004558,0.006984,0.004086,0.941537,0.004545,0.003977,0.013097
6408,6,6,1,0.002077,0.00183,0.000628,0.000298,0.000328,0.00088,0.990051,0.000829,0.000251,0.002829
6409,6,6,1,0.008192,0.007249,0.007634,0.005011,0.001286,0.003164,0.953811,0.000827,0.00166,0.011166
6410,6,6,1,0.009597,0.004003,0.00482,0.004266,0.002334,0.001326,0.9596,0.001761,0.001281,0.011011
6411,6,6,1,0.004001,0.00228,0.002388,0.003362,0.007117,0.001735,0.953544,0.001456,0.004059,0.020057
6412,6,6,1,0.00736,0.007319,0.007306,0.001123,0.00249,0.002532,0.955936,0.002489,0.001723,0.011723
6413,6,6,1,0.001557,0.002964,0.001937,0.000979,0.002849,0.000784,0.980439,0.000895,0.001898,0.005698
6414,6,6,1,0.019072,0.013212,0.003706,0.012116,0.006947,0.002035,0.909505,0.00778,0.002864,0.022763
6415,6,6,1,0.003368,0.001228,0.003013,0.004424,0.002808,0.001668,0.973662,0.001625,0.000535,0.007668
6416,6,6,1,0.007597,0.005085,0.010308,0.004888,0.010478,0.002312,0.928544,0.001692,0.005273,0.023823
6417,6,6,1,0.005465,0.004729,0.004013,0.002283,0.002188,0.00136,0.973298,0.001434,0.000272,0.004958
6418,6,6,1,0.000575,0.000899,0.000391,0.000309,0.000782,0.000614,0.993902,0.000199,0.000344,0.001985
6419,6,6,1,0.003628,0.005428,0.003329,0.002432,0.000939,0.000867,0.972763,0.002006,0.001804,0.006802
6420,6,6,1,0.008633,0.001764,0.001541,0.005752,0.004713,0.002997,0.961922,0.001547,0.00092,0.010213
6421,6,6,1,0.005237,0.006239,0.006353,0.011578,0.007989,0.0064,0.928688,0.003736,0.003131,0.020649
6422,6,6,1,0.004757,0.010121,0.012499,0.00349,0.00967,0.004023,0.927822,0.002712,0.005898,0.019009
6423,6,6,1,0.002218,0.00225,0.0018,0.001256,0.000772,0.000948,0.985095,0.001296,0.00062,0.003744
6424,6,6,1,0.008807,0.007113,0.01176,0.00798,0.007251,0.004361,0.934479,0.001714,0.00315,0.013384
6425,6,6,1,0.001813,0.005568,0.003711,0.003017,0.002787,0.002035,0.974329,0.000623,0.000675,0.005442
6426,6,6,1,0.007678,0.002346,0.002514,0.003489,0.003331,0.001229,0.969131,0.002566,0.001452,0.006263
6427,6,6,1,0.0022,0.002948,0.001626,0.001168,0.003414,0.001532,0.971297,0.003778,0.000705,0.011332
6428,6,6,1,7e-06,1.6e-05,1.2e-05,9e-06,4e-06,6e-06,0.9999,8e-06,4e-06,3.4e-05
6429,6,6,1,0.003886,0.002727,0.001392,0.00175,0.001041,0.001473,0.978788,0.001791,0.000409,0.00674
6430,6,6,1,0.015455,0.004138,0.008959,0.007111,0.002311,0.00878,0.923913,0.003414,0.004706,0.021213
6431,6,6,1,0.007356,0.005769,0.00181,0.003762,0.000852,0.002531,0.96955,0.002054,0.000363,0.005953
6432,6,6,1,0.005083,0.010058,0.002492,0.006134,0.004134,0.002992,0.953651,0.002583,0.00065,0.012223
6433,6,6,1,0.007107,0.01529,0.004592,0.010788,0.009291,0.004083,0.919459,0.006821,0.002739,0.01983
6434,6,6,1,0.011127,0.016168,0.014578,0.003079,0.008503,0.002638,0.910033,0.004346,0.003382,0.026147
6435,6,6,1,0.017587,0.008308,0.003418,0.008644,0.00328,0.006106,0.916384,0.001816,0.002618,0.03184
6436,6,6,1,0.003431,0.00133,0.001207,0.000783,0.001227,0.002499,0.981825,0.001456,0.001089,0.005153
6437,6,6,1,0.004862,0.002348,0.001703,0.003323,0.001392,0.004369,0.966227,0.003903,0.00088,0.010993
6438,6,6,1,2.2e-05,1.8e-05,8e-06,8e-06,4e-06,3e-06,0.9999,6e-06,5e-06,2.7e-05
6439,6,6,1,0.001422,0.001923,0.002141,0.002296,0.000916,0.000473,0.983192,0.000694,0.0008,0.006144
6440,6,6,1,0.009401,0.003831,0.009662,0.00347,0.003597,0.008031,0.933924,0.005776,0.005444,0.016863
6441,6,6,1,0.012671,0.003698,0.003479,0.006778,0.003608,0.004731,0.94479,0.001531,0.003199,0.015514
6442,6,6,1,2.1e-05,1.9e-05,4e-06,5e-06,5e-06,1e-05,0.9999,2e-06,4e-06,2.9e-05
6443,6,6,1,0.003717,0.012721,0.005408,0.00254,0.002475,0.003558,0.943151,0.006531,0.00209,0.01781
6444,6,6,1,0.008653,0.00498,0.004322,0.010115,0.001866,0.003465,0.938351,0.002028,0.002371,0.023849
6445,6,6,1,0.009023,0.004859,0.003169,0.005888,0.006083,0.004453,0.951759,0.001551,0.002963,0.010251
6446,6,6,1,0.011237,0.006927,0.005119,0.004637,0.00258,0.007332,0.93917,0.00235,0.00408,0.016569
6447,6,6,1,0.001722,0.001563,0.001977,0.001417,0.000997,0.000251,0.988616,0.00031,0.000786,0.002361
6448,6,6,1,0.010245,0.011569,0.001922,0.007613,0.001648,0.005251,0.940421,0.00133,0.004463,0.015538
6449,6,6,1,0.001518,0.001878,0.001091,0.000543,0.00105,0.000321,0.990696,0.000393,0.000347,0.002163
6450,6,6,1,2e-05,1.6e-05,1.3e-05,1e-05,5e-06,3e-06,0.9999,5e-06,3e-06,2.4e-05
6451,6,6,1,0.000129,5.5e-05,4.5e-05,4.3e-05,5.4e-05,0.000105,0.999129,7.6e-05,7.7e-05,0.000289
6452,6,6,1,0.00408,0.00171,0.002653,0.001381,0.003241,0.002415,0.975125,0.002181,0.001129,0.006085
6453,6,6,1,0.000187,0.000212,0.000188,7.9e-05,9.8e-05,9.8e-05,0.998774,1.9e-05,2.1e-05,0.000325
6454,6,6,1,0.007941,0.009091,0.002928,0.005473,0.00303,0.004219,0.928465,0.005825,0.008096,0.024932
6455,6,6,1,0.0042,0.010355,0.007695,0.003022,0.005207,0.004939,0.948588,0.001541,0.001662,0.01279
6456,6,6,1,0.000421,0.000669,0.000264,0.000501,0.000346,0.000329,0.996258,0.000254,0.000123,0.000836
6457,6,6,1,0.003802,0.002039,0.003196,0.003262,0.001377,0.002773,0.970389,0.002236,0.001825,0.0091
6458,6,6,1,0.012885,0.0132,0.006296,0.01108,0.008896,0.004457,0.914365,0.00536,0.004953,0.018508
6459,6,6,1,0.006964,0.00446,0.003587,0.003563,0.002028,0.001625,0.968629,0.001967,0.000876,0.006301
6460,6,6,1,0.003974,0.002184,0.002651,0.003134,0.000982,0.001876,0.976544,0.000943,0.001883,0.005828
6461,6,6,1,0.000328,0.000594,0.00049,0.000235,0.000106,0.000258,0.996934,0.000126,6.1e-05,0.000867
6462,6,6,1,0.011375,0.004079,0.010217,0.005487,0.004119,0.004541,0.932075,0.002309,0.001788,0.02401
6463,6,6,1,0.011299,0.014969,0.010022,0.002054,0.006745,0.00549,0.928702,0.002889,0.003377,0.014453
6464,6,6,1,0.007691,0.017853,0.011063,0.011138,0.005191,0.00927,0.886236,0.008208,0.008086,0.035263
6465,6,6,1,0.010327,0.010701,0.010804,0.002991,0.004509,0.002061,0.932607,0.005494,0.004495,0.01601
6466,6,6,1,0.010061,0.007943,0.00575,0.004176,0.002491,0.001497,0.957554,0.000866,0.001712,0.00795
6467,6,6,1,0.002489,0.001597,0.001043,0.001939,0.001486,0.001042,0.986534,0.000913,0.000714,0.002242
6468,6,6,1,0.005113,0.002599,0.004845,0.005642,0.003115,0.00205,0.960149,0.000964,0.001285,0.014238
6469,6,6,1,0.01993,0.014104,0.01005,0.003752,0.002272,0.008163,0.910499,0.002718,0.005604,0.022908
6470,6,6,1,9e-06,2e-05,9e-06,5e-06,6e-06,1.1e-05,0.9999,7e-06,6e-06,2.8e-05
6471,6,6,1,2.5e-05,1.3e-05,7e-06,1e-05,1e-05,8e-06,0.9999,7e-06,4e-06,1.7e-05
6472,6,6,1,0.005003,0.005372,0.005784,0.004646,0.002685,0.0051,0.951396,0.003384,0.003459,0.013171
6473,6,6,1,0.011088,0.010387,0.00706,0.006019,0.003747,0.006955,0.93225,0.001829,0.001734,0.018931
6474,6,6,1,0.004565,0.001508,0.002808,0.002741,0.001109,0.001505,0.977983,0.000887,0.000778,0.006116
6475,6,6,1,0.001415,0.000963,0.000625,0.001113,0.002237,0.001341,0.986771,0.000777,0.000407,0.00435
6476,6,6,1,0.002053,0.004492,0.003976,0.004057,0.002259,0.001623,0.971535,0.000997,0.00111,0.007898
6477,6,6,1,0.020582,0.006965,0.003607,0.010781,0.010032,0.003194,0.907722,0.002236,0.006114,0.028768
6478,6,6,1,0.017361,0.007352,0.013284,0.009056,0.004534,0.003625,0.921763,0.001762,0.004822,0.016441
6479,6,6,1,0.004492,0.001514,0.004189,0.001113,0.003078,0.001994,0.975018,0.001523,0.00154,0.005539
6480,6,6,1,0.005612,0.005852,0.007109,0.001578,0.0044,0.001872,0.955211,0.002363,0.003859,0.012144
6481,6,6,1,0.000305,0.00031,8.4e-05,0.000164,0.000172,0.000206,0.998009,0.00014,7.1e-05,0.000539
6482,6,6,1,0.005694,0.00951,0.01833,0.011248,0.009736,0.005935,0.894495,0.005188,0.003479,0.036385
6483,6,6,1,0.00628,0.005006,0.005864,0.003333,0.002935,0.004017,0.958912,0.000841,0.001271,0.011542
6484,6,6,1,0.005,0.00569,0.006149,0.001965,0.003312,0.000999,0.959915,0.001648,0.001038,0.014284
6485,6,6,1,0.002671,0.006208,0.005681,0.004739,0.002835,0.002068,0.960298,0.003394,0.002998,0.009106
6486,6,6,1,0.004927,0.007778,0.003546,0.006598,0.004667,0.003658,0.952386,0.001058,0.001303,0.01408
6487,6,6,1,0.005226,0.008523,0.007813,0.001729,0.00259,0.004372,0.954183,0.002727,0.00111,0.011728
6488,6,6,1,0.001918,0.001747,0.000899,0.000864,0.000329,0.000251,0.990788,0.000514,0.000196,0.002494
6489,6,6,1,0.016202,0.012071,0.009965,0.007033,0.004003,0.001735,0.931031,0.001166,0.002296,0.014498
6490,6,6,1,0.015461,0.004146,0.010827,0.003218,0.007507,0.006659,0.929022,0.002376,0.004332,0.016452
6491,6,6,1,0.004223,0.013852,0.008343,0.002393,0.008479,0.004672,0.930722,0.001775,0.005066,0.020475
6492,6,6,1,0.005645,0.002799,0.00277,0.003,0.002194,0.000707,0.972252,0.002153,0.00115,0.007329
6493,6,6,1,2.4e-05,1.5e-05,4e-06,8e-06,3e-06,3e-06,0.9999,7e-06,3e-06,3.4e-05
6494,6,6,1,0.007732,0.002296,0.003347,0.002909,0.003452,0.001138,0.959208,0.001801,0.002776,0.015341
6495,6,6,1,0.007545,0.007783,0.002735,0.002681,0.003598,0.004338,0.953722,0.003922,0.001869,0.011808
6496,6,6,1,0.0054,0.006597,0.010448,0.002787,0.00974,0.002071,0.933552,0.006637,0.004889,0.01788
6497,6,6,1,0.000286,0.000498,0.000519,0.000209,0.00054,0.000246,0.995967,0.000328,0.000163,0.001244
6498,6,6,1,0.009795,0.011534,0.007988,0.007906,0.003303,0.003261,0.937754,0.002119,0.000905,0.015436
6499,6,6,1,0.015421,0.012229,0.009428,0.002954,0.005135,0.003104,0.934431,0.003798,0.00186,0.011639
6500,6,6,1,2.3e-05,1.3e-05,9e-06,1e-05,6e-06,6e-06,0.9999,3e-06,5e-06,2.4e-05
6501,6,6,1,0.009169,0.004539,0.004114,0.00769,0.005171,0.005792,0.945706,0.0018,0.001498,0.014522
6502,6,6,1,0.009499,0.010635,0.014015,0.005207,0.007719,0.007348,0.915028,0.006019,0.002054,0.022476
6503,6,6,1,0.005866,0.001446,0.004695,0.002508,0.003342,0.002372,0.970679,0.001647,0.0016,0.005846
6504,6,6,1,0.008323,0.005902,0.003079,0.000843,0.000987,0.000926,0.966679,0.001326,0.001572,0.010364
6505,6,6,1,0.007559,0.00229,0.00514,0.00593,0.005203,0.003369,0.956364,0.002234,0.002251,0.009659
6506,6,6,1,0.002366,0.002628,0.003615,0.001528,0.005183,0.002429,0.961218,0.003988,0.001715,0.015331
6507,6,6,1,0.008367,0.014778,0.010406,0.008826,0.002424,0.003821,0.926077,0.001943,0.005715,0.017645
6508,6,6,1,0.005722,0.002913,0.005344,0.001129,0.00256,0.001602,0.969249,0.00215,0.001934,0.007398
6509,6,6,1,0.005977,0.009155,0.004761,0.006153,0.00127,0.002191,0.954161,0.001106,0.003214,0.012011
6510,6,6,1,0.000587,0.000533,0.001587,0.001303,0.001446,0.001046,0.98875,0.00111,0.000649,0.002989
6511,6,6,1,1.1e-05,1.8e-05,8e-06,9e-06,7e-06,4e-06,0.9999,6e-06,4e-06,3.2e-05
6512,6,6,1,2.4e-05,1.4e-05,4e-06,1.2e-05,7e-06,5e-06,0.9999,5e-06,2e-06,2.7e-05
6513,6,6,1,0.003297,0.01243,0.003623,0.005216,0.006968,0.00581,0.944092,0.004088,0.002434,0.01204
6514,6,6,1,1e-05,2.2e-05,1e-05,4e-06,3e-06,4e-06,0.9999,1e-05,7e-06,3e-05
6515,6,6,1,0.004055,0.005875,0.006513,0.006493,0.003788,0.001744,0.954256,0.004109,0.001484,0.011682
6516,6,6,1,0.003145,0.005052,0.004323,0.006752,0.004495,0.006022,0.950558,0.002679,0.003736,0.013238
6517,6,6,1,0.005076,0.010212,0.010379,0.008578,0.007542,0.003742,0.933965,0.005015,0.001097,0.014393
6518,6,6,1,0.004745,0.003759,0.000895,0.001779,0.002534,0.001837,0.976428,0.000921,0.001746,0.005354
6519,6,6,1,0.007171,0.004434,0.003602,0.005104,0.004309,0.002665,0.956694,0.003269,0.00128,0.011472
6520,6,6,1,0.016508,0.007182,0.009184,0.005035,0.006431,0.002048,0.928778,0.003095,0.002266,0.019472
6521,6,6,1,0.000788,0.0003,0.001079,0.000584,0.000174,0.000512,0.993863,0.000388,0.000556,0.001755
6522,6,6,1,0.002184,0.001202,0.002878,0.004293,0.000967,0.002701,0.976224,0.001891,0.001633,0.006026
6523,6,6,1,0.020253,0.006427,0.00867,0.013684,0.007102,0.007916,0.904993,0.00267,0.002709,0.025575
6524,6,6,1,0.001309,0.004208,0.001317,0.002275,0.002389,0.00105,0.978806,0.001114,0.000381,0.007152
6525,6,6,1,0.001129,0.000987,0.000752,0.000842,0.000394,0.000249,0.993758,0.000286,0.000274,0.001329
6526,6,6,1,0.002799,0.005693,0.004955,0.004663,0.001657,0.003073,0.964614,0.002939,0.001052,0.008556
6527,6,6,1,0.004257,0.009823,0.011863,0.003931,0.00599,0.005317,0.938301,0.002734,0.003984,0.013801
6528,6,6,1,0.005357,0.003551,0.006946,0.002734,0.004411,0.004129,0.959703,0.001425,0.002698,0.009045
6529,6,6,1,0.008443,0.00522,0.006858,0.008002,0.006977,0.00369,0.93552,0.005077,0.00442,0.015793
6530,6,6,1,0.004696,0.006241,0.002071,0.009044,0.006304,0.00222,0.950119,0.001448,0.001367,0.016489
6531,6,6,1,0.009089,0.004067,0.005849,0.002602,0.002197,0.002843,0.960814,0.001882,0.002011,0.008645
6532,6,6,1,0.011133,0.002814,0.003974,0.00778,0.006701,0.005894,0.934008,0.001674,0.005883,0.020141
6533,6,6,1,0.0069,0.00537,0.002626,0.00248,0.001778,0.003097,0.954129,0.001265,0.004494,0.017862
6534,6,6,1,0.001383,0.000669,0.001661,0.000808,0.00129,0.0005,0.990289,0.000472,0.00031,0.002617
6535,6,6,1,0.005864,0.010225,0.006776,0.006017,0.005631,0.001179,0.948112,0.001862,0.000819,0.013515
6536,6,6,1,0.010536,0.008489,0.004633,0.007398,0.007787,0.003376,0.907998,0.011416,0.007963,0.030404
6537,6,6,1,0.008288,0.010004,0.002465,0.001822,0.004618,0.004952,0.950344,0.001372,0.001106,0.015029
6538,6,6,1,0.001089,0.002751,0.002072,0.002582,0.001747,0.001538,0.982437,0.000451,0.000295,0.005036
6539,6,6,1,0.001158,0.002346,0.002331,0.002793,0.002287,0.001043,0.981768,0.000623,0.000434,0.005217
6540,6,6,1,0.007691,0.005049,0.003356,0.006779,0.002217,0.004583,0.953946,0.001814,0.003549,0.011017
6541,6,6,1,0.002786,0.003238,0.001756,0.002556,0.00421,0.002252,0.971674,0.002117,0.000933,0.008478
6542,6,6,1,0.009076,0.003103,0.003394,0.00523,0.001319,0.002942,0.959236,0.002961,0.001058,0.011682
6543,6,6,1,0.009405,0.008382,0.009578,0.004177,0.012381,0.002533,0.91163,0.010218,0.007362,0.024334
6544,6,6,1,0.010207,0.009117,0.006687,0.001733,0.004077,0.003778,0.948621,0.002601,0.002088,0.011094
6545,6,6,1,0.008892,0.017099,0.012766,0.007917,0.003377,0.001464,0.922571,0.001694,0.001558,0.022662
6546,6,6,1,0.00419,0.006115,0.008275,0.009959,0.003597,0.006475,0.931738,0.002531,0.001712,0.025408
6547,6,6,1,0.003025,0.00607,0.005872,0.002725,0.001297,0.004144,0.963646,0.002051,0.001906,0.009264
6548,6,6,1,0.001993,0.002941,0.00078,0.000763,0.001944,0.001545,0.982752,0.000714,0.001386,0.005182
6549,6,6,1,0.004392,0.002118,0.001243,0.002523,0.003621,0.002462,0.972422,0.002393,0.001852,0.006973
6550,6,6,1,0.018086,0.006864,0.007043,0.0061,0.008872,0.003397,0.925529,0.005786,0.003642,0.014681
6551,6,6,1,0.014584,0.010992,0.006453,0.001611,0.004714,0.002604,0.938311,0.001608,0.002787,0.016335
6552,6,6,1,0.003302,0.00199,0.00071,0.000928,0.001065,0.001004,0.98669,0.000382,0.000382,0.003546
6553,6,6,1,0.00248,0.007232,0.007947,0.006787,0.004108,0.002054,0.954636,0.002845,0.000917,0.010993
6554,6,6,1,0.012836,0.008546,0.007654,0.002387,0.003084,0.005138,0.942488,0.001147,0.001141,0.015579
6555,6,6,1,0.00217,0.002594,0.001594,0.001925,0.001593,0.00256,0.977627,0.002199,0.000751,0.006986
6556,6,6,1,0.004327,0.005063,0.002607,0.007949,0.006153,0.001473,0.953324,0.001428,0.003204,0.014472
6557,6,6,1,0.010717,0.007616,0.00823,0.020229,0.013327,0.006953,0.891556,0.007763,0.002044,0.031565
6558,6,6,1,0.002095,0.001322,0.000664,0.000826,0.000764,0.000249,0.991234,0.000605,0.000146,0.002094
6559,6,6,1,1.5e-05,5e-06,1.3e-05,6e-06,1.2e-05,7e-06,0.9999,7e-06,3e-06,3.1e-05
6560,6,6,1,0.006896,0.001961,0.004497,0.004468,0.001355,0.003405,0.961799,0.002537,0.00325,0.009832
6561,6,6,1,0.004157,0.006303,0.001683,0.004157,0.003131,0.001743,0.969103,0.001579,0.00107,0.007073
6562,6,6,1,1.8e-05,1.3e-05,7e-06,6e-06,6e-06,1.2e-05,0.9999,8e-06,7e-06,2.3e-05
6563,6,6,1,0.008529,0.013568,0.004124,0.00889,0.004288,0.003908,0.936508,0.002472,0.002808,0.014904
6564,6,6,1,0.0013,0.001253,0.000631,0.000227,0.000492,0.000484,0.992847,0.000167,0.000275,0.002324
6565,6,6,1,0.005598,0.003795,0.007649,0.004497,0.004815,0.002417,0.958142,0.003232,0.001915,0.007938
6566,6,6,1,0.00814,0.008408,0.004456,0.00417,0.002613,0.003502,0.956728,0.001982,0.002115,0.007886
6567,6,6,1,0.003761,0.001263,0.000887,0.00223,0.000654,0.00171,0.983749,0.00059,0.000859,0.004297
6568,6,6,1,0.001947,0.002205,0.002283,0.001885,0.001497,0.000481,0.984715,0.000921,0.000817,0.003249
6569,6,6,1,0.004002,0.005263,0.003022,0.003321,0.002472,0.002491,0.965847,0.003253,0.001081,0.009248
6570,6,6,1,0.004614,0.002474,0.002617,0.002061,0.001719,0.002222,0.970749,0.00289,0.002328,0.008325
6571,6,6,1,0.017302,0.006641,0.009595,0.005837,0.006724,0.006924,0.904084,0.006492,0.002332,0.034069
6572,6,6,1,0.003262,0.001991,0.001292,0.000574,0.001516,0.000715,0.984932,0.000771,0.000617,0.004331
6573,6,6,1,0.009801,0.010331,0.002055,0.005894,0.005325,0.003851,0.946587,0.002329,0.000827,0.013003
6574,6,6,1,0.002598,0.001217,0.001858,0.003626,0.003514,0.00151,0.974374,0.002461,0.001484,0.007357
6575,6,6,1,0.001883,0.007994,0.004028,0.004878,0.001458,0.003587,0.964006,0.002038,0.002133,0.007998
6576,6,6,1,0.00729,0.005469,0.002869,0.009955,0.006364,0.007266,0.933838,0.002898,0.004367,0.019685
6577,6,6,1,0.001784,0.000964,0.001318,0.000813,0.000653,0.000427,0.99074,0.000659,0.000365,0.002276
6578,6,6,1,0.010035,0.009544,0.006123,0.005568,0.004319,0.004662,0.944337,0.002561,0.001867,0.010983
6579,6,6,1,0.010076,0.00312,0.006034,0.002173,0.00253,0.003182,0.957694,0.003374,0.000674,0.011144
6580,6,6,1,0.01502,0.005595,0.004475,0.010835,0.005709,0.005452,0.929119,0.001445,0.002628,0.019721
6581,6,6,1,0.007024,0.001928,0.006082,0.00402,0.001345,0.002853,0.966214,0.002516,0.000868,0.007151
6582,6,6,1,0.0016,0.004469,0.003415,0.003454,0.001568,0.000978,0.976421,0.001929,0.001166,0.005
6583,6,6,1,0.00374,0.012347,0.00459,0.006621,0.001441,0.001993,0.94605,0.005314,0.003854,0.014051
6584,6,6,1,0.002206,0.00138,0.002403,0.001051,0.001677,0.000513,0.985688,0.000339,0.000659,0.004085
6585,6,6,1,0.007701,0.003728,0.003916,0.003864,0.001827,0.001661,0.968095,0.001469,0.001035,0.006702
6586,6,6,1,0.001267,0.000561,0.001873,0.000546,0.001,0.001456,0.988281,0.000424,0.000381,0.00421
6587,6,6,1,0.004394,0.004613,0.002443,0.005258,0.002008,0.004461,0.953924,0.004857,0.002489,0.015552
6588,6,6,1,0.002691,0.005839,0.007351,0.003648,0.003933,0.004335,0.958541,0.002845,0.002454,0.008362
6589,6,6,1,0.000437,0.000339,0.000228,0.000175,0.000189,0.000124,0.997869,5e-05,7.8e-05,0.000512
6590,6,6,1,0.006093,0.004081,0.003209,0.004451,0.002842,0.002889,0.963996,0.001937,0.001863,0.00864
6591,6,6,1,0.003995,0.001793,0.001485,0.003044,0.002062,0.000794,0.980203,0.000942,0.000638,0.005044
6592,6,6,1,0.00512,0.005524,0.008909,0.005542,0.007919,0.001931,0.941159,0.004483,0.00415,0.015262
6593,6,6,1,0.014177,0.01046,0.004922,0.005297,0.007608,0.003338,0.910267,0.003471,0.002893,0.037567
6594,6,6,1,0.016841,0.014325,0.007158,0.007517,0.006274,0.004353,0.916886,0.005071,0.001166,0.02041
6595,6,6,1,1.9e-05,8e-06,1.4e-05,1.4e-05,7e-06,9e-06,0.9999,2e-06,4e-06,2.4e-05
6596,6,6,1,0.005265,0.006134,0.005108,0.002056,0.001042,0.001928,0.967638,0.00152,0.001876,0.007433
6597,6,6,1,0.004514,0.002795,0.001745,0.000568,0.000494,0.000705,0.981073,0.001711,0.001569,0.004826
6598,6,6,1,0.004676,0.005123,0.003372,0.002635,0.003062,0.000822,0.968246,0.001981,0.001949,0.008133
6599,6,6,1,0.018526,0.014922,0.008648,0.006166,0.006721,0.004017,0.920409,0.001801,0.00441,0.014379
6600,6,6,1,0.008734,0.002281,0.007844,0.006679,0.003515,0.003093,0.950835,0.000992,0.003526,0.0125
6601,6,6,1,0.008472,0.009117,0.006252,0.005714,0.002418,0.001359,0.942515,0.00439,0.003869,0.015893
6602,6,6,1,0.015165,0.004609,0.002697,0.002074,0.008624,0.002522,0.938125,0.005914,0.002151,0.01812
6603,6,6,1,0.006298,0.003112,0.005532,0.005544,0.001688,0.004725,0.958409,0.001847,0.002634,0.01021
6604,6,6,1,0.023703,0.01019,0.015181,0.010104,0.009062,0.002566,0.899239,0.005358,0.004846,0.019751
6605,6,6,1,0.001799,0.003466,0.003508,0.004784,0.004338,0.003266,0.966979,0.001276,0.002376,0.008206
6606,6,6,1,0.00186,0.001699,0.000948,0.000489,0.00046,0.000197,0.990718,0.000274,0.000835,0.00252
6607,6,6,1,0.017106,0.006611,0.013218,0.004694,0.006346,0.009509,0.913221,0.00714,0.004938,0.017216
6608,6,6,1,0.00472,0.003776,0.001053,0.001188,0.003421,0.00161,0.974521,0.00227,0.001354,0.006086
6609,6,6,1,0.010252,0.00778,0.009322,0.006983,0.005253,0.004215,0.940222,0.002086,0.002833,0.011053
6610,6,6,1,0.009118,0.004638,0.006122,0.00325,0.006072,0.001656,0.951353,0.001427,0.002405,0.013959
6611,6,6,1,0.001379,0.004233,0.003123,0.002193,0.001696,0.000471,0.979471,0.000943,0.000555,0.005937
6612,6,6,1,0.005486,0.002398,0.004014,0.004617,0.000929,0.002676,0.969585,0.002016,0.00073,0.007549
6613,6,6,1,0.002866,0.003505,0.000737,0.001757,0.000489,0.001671,0.981733,0.000764,0.001618,0.00486
6614,6,6,1,0.014345,0.005531,0.004887,0.004789,0.005016,0.002123,0.940474,0.005702,0.003462,0.013671
6615,6,6,1,0.002853,0.008942,0.00589,0.005786,0.005482,0.002264,0.950457,0.003414,0.002889,0.012024
6616,6,6,1,0.004287,0.002074,0.004185,0.002644,0.004373,0.000992,0.966167,0.001134,0.00124,0.012903
6617,6,6,1,0.003444,0.006503,0.00547,0.001961,0.001167,0.003396,0.965877,0.002968,0.000689,0.008525
6618,6,6,1,0.002032,0.004784,0.004743,0.003274,0.00218,0.000686,0.971988,0.000568,0.000964,0.008781
6619,6,6,1,0.002325,0.004713,0.003711,0.00309,0.000913,0.001866,0.973857,0.001691,0.000604,0.00723
6620,6,6,1,0.010328,0.005314,0.002205,0.006787,0.003096,0.002005,0.954587,0.001323,0.001004,0.01335
6621,6,6,1,0.006797,0.013933,0.007771,0.004756,0.002213,0.00565,0.934487,0.001631,0.004884,0.017876
6622,6,6,1,0.004598,0.003696,0.005828,0.006497,0.006783,0.007814,0.941341,0.004878,0.003947,0.014617
6623,6,6,1,0.011142,0.007155,0.002173,0.003249,0.004813,0.00217,0.94963,0.002257,0.001291,0.016121
6624,6,6,1,0.012171,0.003925,0.010817,0.005457,0.005571,0.004245,0.935102,0.001529,0.002782,0.018401
6625,6,6,1,0.004099,0.005083,0.014119,0.010405,0.00909,0.002303,0.924534,0.003631,0.005624,0.021112
6626,6,6,1,0.004965,0.004353,0.001625,0.004643,0.001486,0.004502,0.96376,0.003488,0.00271,0.008469
6627,6,6,1,0.004756,0.004832,0.002614,0.001047,0.000692,0.001208,0.974271,0.001265,0.00224,0.007074
6628,6,6,1,0.002449,0.00669,0.006222,0.005553,0.00207,0.004358,0.955583,0.001349,0.002955,0.01277
6629,6,6,1,0.007463,0.003494,0.00493,0.00374,0.004665,0.004117,0.954106,0.001054,0.004103,0.012327
6630,6,6,1,0.00959,0.005936,0.006886,0.006494,0.003004,0.0046,0.948861,0.000941,0.003368,0.010319
6631,6,6,1,0.002061,0.002618,0.002225,0.000845,0.000697,0.000322,0.985563,0.000542,0.000613,0.004513
6632,6,6,1,0.011332,0.004258,0.007675,0.003447,0.004816,0.003177,0.945928,0.001137,0.003346,0.014885
6633,6,6,1,0.002522,0.007226,0.008395,0.004435,0.006013,0.004087,0.952659,0.00316,0.001896,0.009606
6634,6,6,1,1.9e-05,1.9e-05,5e-06,1.1e-05,7e-06,5e-06,0.9999,2e-06,2e-06,3e-05
6635,6,6,1,0.00784,0.003571,0.010826,0.007822,0.00461,0.002562,0.94,0.004262,0.001297,0.01721
6636,6,6,1,0.001945,0.002802,0.003296,0.002697,0.002593,0.000657,0.97441,0.000611,0.00128,0.009711
6637,6,6,1,0.015699,0.012385,0.005198,0.0075,0.002957,0.010118,0.912285,0.008302,0.003023,0.022534
6638,6,6,1,0.008457,0.006076,0.005836,0.00165,0.001436,0.00231,0.95878,0.002359,0.001476,0.01162
6639,6,6,1,0.006456,0.006134,0.013176,0.003764,0.005694,0.006439,0.934635,0.001284,0.003976,0.018441
6640,6,6,1,0.010434,0.005208,0.003901,0.012094,0.003156,0.006899,0.931345,0.001618,0.002995,0.02235
6641,6,6,1,0.001905,0.003883,0.002323,0.001828,0.002122,0.002857,0.976345,0.000888,0.000474,0.007375
6642,6,6,1,0.008186,0.010272,0.006027,0.007172,0.005165,0.00311,0.932513,0.002721,0.00425,0.020584
6643,6,6,1,0.005543,0.002334,0.009574,0.003179,0.004961,0.003846,0.953472,0.003125,0.00312,0.010847
6644,6,6,1,0.010429,0.008914,0.006785,0.001443,0.003176,0.002549,0.946899,0.002061,0.003026,0.014718
6645,6,6,1,0.007324,0.012006,0.004212,0.004252,0.007991,0.009254,0.915346,0.008742,0.00728,0.023592
6646,6,6,1,0.02229,0.006406,0.010301,0.004464,0.00933,0.005072,0.903862,0.005748,0.004613,0.027914
6647,6,6,1,0.016302,0.004561,0.012413,0.009093,0.006887,0.005016,0.92743,0.002417,0.001491,0.01439
6648,6,6,1,0.001733,0.002412,0.000603,0.002536,0.001769,0.001498,0.98482,0.000723,0.000722,0.003184
6649,6,6,1,0.014058,0.003752,0.007581,0.007615,0.008698,0.004765,0.926793,0.006246,0.001079,0.019411
6650,6,6,1,0.009759,0.007093,0.003354,0.002046,0.001677,0.004866,0.955094,0.00271,0.003017,0.010384
6651,6,6,1,0.008422,0.005767,0.003733,0.003255,0.01119,0.004301,0.933277,0.006484,0.00513,0.01844
6652,6,6,1,0.011994,0.007251,0.004145,0.01215,0.011384,0.00888,0.911287,0.002978,0.004974,0.024956
6653,6,6,1,2.2e-05,5e-06,9e-06,7e-06,8e-06,1.1e-05,0.9999,5e-06,8e-06,2.5e-05
6654,6,6,1,0.005851,0.003333,0.010735,0.008503,0.00607,0.005019,0.945394,0.001782,0.003209,0.010105
6655,6,6,1,0.001047,0.00184,0.002012,0.001808,0.000827,0.000455,0.986761,0.001055,0.00094,0.003255
6656,6,6,1,0.005279,0.007564,0.006414,0.005101,0.002049,0.002745,0.95895,0.002382,0.002192,0.007322
6657,6,6,1,0.003412,0.0012,0.001994,0.002475,0.002017,0.001934,0.973837,0.001832,0.000755,0.010544
6658,6,6,1,0.012684,0.009819,0.006359,0.013741,0.004057,0.009753,0.910623,0.005885,0.006386,0.020693
6659,6,6,1,0.001318,0.001335,0.001504,0.002258,0.001117,0.000712,0.986172,0.000664,0.000429,0.004491
6660,6,6,1,0.025455,0.013312,0.015513,0.010332,0.012804,0.006762,0.85,0.012499,0.007089,0.046234
6661,6,6,1,0.014065,0.003292,0.010055,0.007588,0.005741,0.002667,0.940939,0.003201,0.000735,0.011717
6662,6,6,1,0.0034,0.002336,0.005511,0.003884,0.002871,0.000774,0.970928,0.001899,0.001775,0.00662
6663,6,6,1,1.8e-05,1.9e-05,1.1e-05,1.2e-05,7e-06,6e-06,0.9999,5e-06,3e-06,2e-05
6664,6,6,1,0.007265,0.012171,0.006909,0.002025,0.005797,0.007653,0.934133,0.005318,0.004314,0.014415
6665,6,6,1,0.004651,0.007802,0.00162,0.006118,0.004876,0.001518,0.958168,0.001278,0.00149,0.012481
6666,6,6,1,0.006085,0.009727,0.012863,0.010307,0.002508,0.00417,0.929013,0.003344,0.004387,0.017597
6667,6,6,1,0.005562,0.005735,0.005107,0.007751,0.001423,0.005078,0.95259,0.003438,0.000784,0.012532
6668,6,6,1,0.01072,0.009448,0.008811,0.005244,0.003102,0.003902,0.942405,0.002168,0.003387,0.010814
6669,6,6,1,0.005497,0.004537,0.003459,0.00531,0.004943,0.002157,0.961265,0.000945,0.001201,0.010687
6670,6,6,1,0.001866,0.004633,0.003848,0.001174,0.001283,0.002913,0.974087,0.001697,0.000859,0.00764
6671,6,6,1,0.011896,0.007547,0.002637,0.005342,0.003902,0.001295,0.94948,0.002436,0.002437,0.013027
6672,6,6,1,0.001502,0.001879,0.000662,0.001587,0.001846,0.000725,0.986379,0.000971,0.000679,0.003771
6673,6,6,1,0.003667,0.00868,0.004062,0.007228,0.001787,0.007891,0.942882,0.002243,0.002109,0.019451
6674,6,6,1,0.00235,0.002236,0.001536,0.002466,0.001617,0.001604,0.982405,0.000336,0.001124,0.004327
6675,6,6,1,0.001349,0.002935,0.002497,0.001684,0.001497,0.001314,0.979971,0.000758,0.00199,0.006006
6676,6,6,1,0.010544,0.011266,0.003591,0.011727,0.00221,0.006298,0.920926,0.007759,0.003548,0.022131
6677,6,6,1,0.006331,0.005802,0.006425,0.006064,0.001525,0.002632,0.947975,0.004914,0.003739,0.014593
6678,6,6,1,0.002024,0.002417,0.002775,0.000588,0.001651,0.000804,0.984332,0.000625,0.000742,0.00404
6679,6,6,1,0.002029,0.00494,0.001075,0.003138,0.00241,0.002194,0.97714,0.000765,0.000965,0.005344
6680,6,6,1,9e-05,0.000365,0.00019,0.000114,0.000223,0.000129,0.998244,0.000124,7.7e-05,0.000445
6681,6,6,1,0.005491,0.007396,0.004606,0.003895,0.001158,0.002565,0.964797,0.000997,0.001291,0.007804
6682,6,6,1,0.003849,0.001478,0.00284,0.001394,0.002413,0.002156,0.977315,0.001846,0.001256,0.005453
6683,6,6,1,0.00857,0.015044,0.011423,0.008581,0.005106,0.002879,0.926956,0.004222,0.003984,0.013235
6684,6,6,1,0.00276,0.006789,0.003122,0.003119,0.004275,0.003184,0.963177,0.002832,0.001493,0.009247
6685,6,6,1,0.004564,0.005436,0.002438,0.003078,0.001918,0.001684,0.97027,0.00063,0.00072,0.009263
6686,6,6,1,0.004675,0.006577,0.006888,0.003287,0.002107,0.004114,0.947519,0.002219,0.005319,0.017295
6687,6,6,1,0.010281,0.005029,0.003133,0.003666,0.001921,0.002841,0.958672,0.002557,0.00166,0.01024
6688,6,6,1,0.002783,0.003069,0.007235,0.006942,0.002448,0.002036,0.955112,0.005074,0.002076,0.013225
6689,6,6,1,0.014125,0.006141,0.00708,0.004762,0.011046,0.003995,0.917821,0.003113,0.003955,0.027962
6690,6,6,1,0.007522,0.018549,0.007197,0.006233,0.003743,0.002912,0.911091,0.007609,0.004743,0.030401
6691,6,6,1,0.002901,0.001759,0.003164,0.00309,0.002514,0.001754,0.976976,0.001097,0.000529,0.006217
6692,6,6,1,0.008479,0.00369,0.00573,0.005142,0.003221,0.000851,0.959563,0.001728,0.001936,0.009662
6693,6,6,1,0.000588,0.000505,0.001731,0.001254,0.000704,0.000772,0.990388,0.000557,0.000389,0.003113
6694,6,6,1,0.007614,0.003886,0.001842,0.00215,0.002781,0.001869,0.969147,0.000688,0.001906,0.008117
6695,6,6,1,7e-06,2.1e-05,1.6e-05,1e-05,6e-06,4e-06,0.9999,2e-06,6e-06,2.8e-05
6696,6,6,1,1.8e-05,1.8e-05,1.2e-05,5e-06,4e-06,2e-06,0.9999,9e-06,5e-06,2.7e-05
6697,6,6,1,0.002116,0.00144,0.001155,0.002695,0.001302,0.000914,0.98438,0.001474,0.000405,0.004119
6698,6,6,1,1e-05,7e-06,1.1e-05,1.1e-05,1.1e-05,1e-05,0.9999,8e-06,3e-06,2.9e-05
6699,6,6,1,0.0034,0.006681,0.00247,0.004603,0.000995,0.000864,0.968625,0.001683,0.002071,0.008608
6700,6,6,1,0.002832,0.002585,0.004322,0.003385,0.003854,0.0043,0.956163,0.003511,0.001843,0.017206
6701,6,6,1,0.019464,0.011944,0.011812,0.004631,0.007532,0.005912,0.920413,0.002482,0.003117,0.012694
6702,6,6,1,0.004914,0.004189,0.010573,0.008811,0.005118,0.007113,0.919291,0.005622,0.005115,0.029253
6703,6,6,1,0.010538,0.008239,0.003034,0.003971,0.002632,0.003039,0.951977,0.003653,0.001607,0.01131
6704,6,6,1,0.014554,0.009811,0.008025,0.003113,0.004491,0.002876,0.936707,0.003112,0.004155,0.013155
6705,6,6,1,0.005727,0.002267,0.001461,0.00239,0.004594,0.000952,0.967413,0.003119,0.002261,0.009817
6706,6,6,1,0.016499,0.007741,0.010281,0.008718,0.002492,0.003409,0.908201,0.008623,0.004599,0.029437
6707,6,6,1,0.0015,0.003699,0.004053,0.002269,0.002813,0.002547,0.974963,0.002039,0.000587,0.005531
6708,6,6,1,0.011571,0.008142,0.004476,0.005556,0.002947,0.00098,0.948379,0.001001,0.003414,0.013533
6709,6,6,1,0.007867,0.010275,0.010112,0.004905,0.011116,0.006813,0.921665,0.003191,0.004747,0.019309
6710,6,6,1,0.000361,0.000424,0.000243,0.000211,8.6e-05,0.00017,0.997838,0.00012,2.8e-05,0.00052
6711,6,6,1,0.017357,0.006642,0.014797,0.00478,0.006226,0.009006,0.911548,0.001954,0.006913,0.020777
6712,6,6,1,0.006796,0.012805,0.011204,0.005015,0.005695,0.006268,0.933068,0.001194,0.003161,0.014794
6713,6,6,1,0.003563,0.001497,0.001419,0.000796,0.000814,0.001351,0.983074,0.001788,0.000946,0.004751
6714,6,6,1,0.005697,0.004046,0.002627,0.005122,0.003837,0.001354,0.959201,0.003486,0.001746,0.012884
6715,6,6,1,0.008342,0.003614,0.003802,0.004414,0.003223,0.002786,0.963374,0.000659,0.002316,0.00747
6716,6,6,1,0.004582,0.00117,0.001242,0.002443,0.002223,0.001636,0.976697,0.001125,0.002115,0.006767
6717,6,6,1,0.011853,0.003869,0.005613,0.005692,0.008437,0.003824,0.935631,0.002148,0.002415,0.020517
6718,6,6,1,0.002276,0.004921,0.004457,0.002913,0.002111,0.001452,0.97355,0.001642,0.000784,0.005894
6719,6,6,1,1e-05,1.3e-05,1e-05,9e-06,1.4e-05,6e-06,0.9999,8e-06,3e-06,2.8e-05
6720,6,6,1,0.005638,0.005046,0.00222,0.003057,0.001047,0.003327,0.968268,0.00167,0.001611,0.008117
6721,6,6,1,0.004439,0.005657,0.004416,0.002781,0.000845,0.002075,0.970687,0.000576,0.00144,0.007085
6722,6,6,1,0.012542,0.009802,0.004964,0.012624,0.010301,0.005571,0.914198,0.005288,0.003761,0.020949
6723,6,6,1,0.010181,0.004921,0.001586,0.004543,0.001172,0.001762,0.956339,0.001855,0.003024,0.014616
6724,6,6,1,0.001909,0.000464,0.000786,0.001093,0.000259,0.000279,0.992325,0.000669,0.000328,0.001889
6725,6,6,1,0.004056,0.005026,0.005157,0.001504,0.002719,0.002066,0.964149,0.001963,0.002658,0.010703
6726,6,6,1,0.001261,0.000491,0.000903,0.000473,0.001091,0.001202,0.990942,0.000503,0.00068,0.002454
6727,6,6,1,0.0113,0.005702,0.008164,0.015625,0.00748,0.006898,0.910863,0.004426,0.005322,0.02422
6728,6,6,1,0.001367,0.001904,0.000504,0.001362,0.000345,0.000425,0.989397,0.000451,0.000819,0.003426
6729,6,6,1,0.012401,0.011483,0.006864,0.001713,0.002143,0.004637,0.93938,0.004579,0.003085,0.013714
6730,6,6,1,0.004335,0.004462,0.002373,0.002059,0.001122,0.001678,0.976224,0.000968,0.000753,0.006026
6731,6,6,1,0.011885,0.009924,0.004881,0.003082,0.005718,0.001996,0.946039,0.003615,0.001413,0.011447
6732,6,6,1,0.008683,0.00243,0.003858,0.00518,0.003098,0.001879,0.963005,0.001343,0.002105,0.008419
6733,6,6,1,0.010828,0.011556,0.003897,0.013617,0.010547,0.00293,0.917887,0.004838,0.001817,0.022084
6734,6,6,1,0.009887,0.007233,0.00543,0.001985,0.001809,0.003817,0.955534,0.003473,0.001969,0.008865
6735,6,6,1,0.006099,0.003374,0.003151,0.001688,0.001468,0.002004,0.972006,0.000633,0.002327,0.007249
6736,6,6,1,0.003163,0.001156,0.001857,0.000642,0.001999,0.000432,0.984884,0.000852,0.000921,0.004093
6737,6,6,1,0.004914,0.007366,0.004574,0.003727,0.003372,0.001015,0.963765,0.002693,0.000565,0.00801
6738,6,6,1,0.001556,0.002269,0.00152,0.00047,0.000593,0.000441,0.98618,0.000569,0.000686,0.005716
6739,6,6,1,2.5e-05,9e-06,1.5e-05,3e-06,9e-06,3e-06,0.9999,3e-06,4e-06,2.9e-05
6740,6,6,1,0.005361,0.00282,0.005525,0.002162,0.00607,0.001059,0.959679,0.002317,0.001802,0.013205
6741,6,6,1,0.002334,0.002204,0.002567,0.002096,0.002006,0.000468,0.981085,0.000637,0.001613,0.00499
6742,6,6,1,0.003034,0.010948,0.008922,0.006438,0.005143,0.003593,0.949607,0.001807,0.002566,0.007941
6743,6,6,1,0.00347,0.00491,0.004281,0.004533,0.004608,0.002885,0.964127,0.001573,0.000971,0.008643
6744,6,6,1,0.002567,0.006065,0.001785,0.004808,0.00476,0.002643,0.963629,0.003034,0.002027,0.008683
6745,6,6,1,0.003561,0.001691,0.001375,0.003998,0.003631,0.00207,0.97275,0.001641,0.00137,0.007913
6746,6,6,1,0.013251,0.00637,0.007706,0.002823,0.006228,0.003959,0.934486,0.002446,0.00207,0.020661
6747,6,6,1,1.5e-05,5e-06,1.4e-05,4e-06,7e-06,4e-06,0.9999,1.1e-05,1e-05,2.9e-05
6748,6,6,1,0.00018,0.000196,0.000166,0.000674,0.00043,0.000116,0.996539,0.000279,0.000154,0.001267
6749,6,6,1,0.010303,0.007519,0.007854,0.005847,0.007368,0.007717,0.924708,0.002545,0.003629,0.022509
6750,6,6,1,0.000337,0.00052,0.000105,0.000386,0.000159,9.3e-05,0.997475,6.2e-05,6.8e-05,0.000797
6751,6,6,1,0.008668,0.005364,0.002116,0.003298,0.004757,0.001317,0.960974,0.003337,0.00137,0.008799
6752,6,6,1,0.006297,0.002297,0.000995,0.001274,0.00137,0.002982,0.971826,0.002585,0.002351,0.008022
6753,6,6,1,0.011179,0.007092,0.007433,0.005676,0.001293,0.002011,0.951559,0.001135,0.001221,0.011401
6754,6,6,1,2.5e-05,7e-06,5e-06,4e-06,1.1e-05,1e-05,0.9999,5e-06,2e-06,3e-05
6755,6,6,1,1.9e-05,1.2e-05,1.7e-05,1.3e-05,3e-06,6e-06,0.9999,3e-06,5e-06,2.3e-05
6756,6,6,1,0.004806,0.008323,0.003643,0.004503,0.004992,0.005188,0.945648,0.002288,0.004775,0.015834
6757,6,6,1,0.014698,0.008361,0.01207,0.008799,0.004798,0.002034,0.925294,0.002784,0.003681,0.017481
6758,6,6,1,0.002226,0.002332,0.000894,0.000648,0.001202,0.000618,0.985798,0.000478,0.000892,0.004912
6759,6,6,1,0.002562,0.001119,0.000923,0.001849,0.001116,0.000753,0.985657,0.001236,0.001083,0.003701
6760,6,6,1,0.007796,0.012823,0.002653,0.010647,0.0065,0.004138,0.931478,0.002885,0.001825,0.019255
6761,6,6,1,0.008606,0.006177,0.002711,0.003791,0.000796,0.001875,0.96502,0.002308,0.000712,0.008005
6762,6,6,1,0.015621,0.005223,0.003146,0.007736,0.00745,0.003748,0.934864,0.003558,0.002851,0.015802
6763,6,6,1,0.009492,0.012265,0.0097,0.007378,0.007441,0.001227,0.929237,0.005041,0.004379,0.01384
6764,6,6,1,0.005964,0.003606,0.004521,0.003194,0.003233,0.002726,0.960138,0.001383,0.00197,0.013264
6765,6,6,1,0.015193,0.008311,0.005004,0.005191,0.00322,0.002999,0.934469,0.006144,0.003791,0.015679
6766,6,6,1,1.3e-05,1.5e-05,1.7e-05,6e-06,1.1e-05,9e-06,0.9999,4e-06,2e-06,2.3e-05
6767,6,6,1,2.3e-05,5e-06,5e-06,5e-06,7e-06,1.2e-05,0.9999,5e-06,8e-06,2.9e-05
6768,6,6,1,0.00687,0.007773,0.003895,0.003601,0.001769,0.004092,0.959662,0.00236,0.001441,0.008537
6769,6,6,1,0.011821,0.006923,0.001766,0.002659,0.005902,0.002145,0.950289,0.003051,0.003346,0.012099
6770,6,6,1,0.011921,0.009918,0.004161,0.002172,0.003456,0.00119,0.945147,0.004275,0.002918,0.014841
6771,6,6,1,0.007738,0.003731,0.005421,0.001564,0.004967,0.00454,0.95447,0.003019,0.003598,0.010952
6772,6,6,1,0.016129,0.005663,0.003062,0.006726,0.005734,0.003664,0.93489,0.001499,0.00536,0.017271
6773,6,6,1,1.3e-05,1.8e-05,6e-06,1.5e-05,1.1e-05,2e-06,0.9999,6e-06,2e-06,2.6e-05
6774,6,6,1,1.5e-05,6e-06,1.9e-05,1.1e-05,5e-06,4e-06,0.9999,9e-06,5e-06,2.7e-05
6775,6,6,1,0.010688,0.003299,0.004673,0.003917,0.002283,0.002986,0.957097,0.001848,0.001221,0.011989
6776,6,6,1,0.003673,0.005833,0.002344,0.004486,0.000857,0.001404,0.970016,0.002267,0.001714,0.007405
6777,6,6,1,0.014565,0.005493,0.010466,0.00715,0.010208,0.005535,0.91324,0.001678,0.005339,0.026325
6778,6,6,1,0.008572,0.005048,0.004259,0.001728,0.003303,0.003933,0.959809,0.003315,0.001487,0.008547
6779,6,6,1,0.003117,0.005359,0.002913,0.003616,0.001731,0.00196,0.974132,0.001268,0.001105,0.004799
6780,6,6,1,0.001782,0.000915,0.000976,0.000922,0.001044,0.000262,0.990558,0.000401,0.000505,0.002635
6781,6,6,1,0.002077,0.005789,0.00473,0.000979,0.003526,0.00114,0.970352,0.000938,0.000569,0.0099
6782,6,6,1,0.006021,0.005278,0.002839,0.00753,0.002282,0.004323,0.955067,0.002806,0.001538,0.012315
6783,6,6,1,0.001455,0.004537,0.001372,0.002187,0.002262,0.002364,0.978119,0.001305,0.000578,0.005823
6784,6,6,1,0.00339,0.004085,0.00546,0.004848,0.001772,0.004552,0.960269,0.002529,0.00126,0.011836
6785,6,6,1,0.010228,0.013263,0.005119,0.01135,0.005176,0.008389,0.914266,0.002159,0.006212,0.023838
6786,6,6,1,0.014061,0.005602,0.008455,0.004508,0.004444,0.005516,0.921479,0.002566,0.003154,0.030215
6787,6,6,1,0.003546,0.002564,0.005395,0.0015,0.001064,0.001067,0.969186,0.001062,0.002598,0.012019
6788,6,6,1,1e-05,5e-06,8e-06,1.2e-05,1.4e-05,8e-06,0.9999,3e-06,9e-06,3.2e-05
6789,6,6,1,0.01464,0.005712,0.004856,0.010158,0.009535,0.007723,0.916785,0.006373,0.003223,0.020996
6790,6,6,1,7e-06,6e-06,1.2e-05,1.3e-05,7e-06,1.3e-05,0.9999,2e-06,5e-06,3.5e-05
6791,6,6,1,0.003927,0.010281,0.008429,0.002696,0.007004,0.004675,0.93481,0.003221,0.001388,0.023569
6792,6,6,1,0.001739,0.004596,0.004295,0.003408,0.002718,0.00051,0.973912,0.001677,0.000511,0.006636
6793,6,6,1,0.017181,0.012219,0.005985,0.009679,0.002527,0.002685,0.920184,0.004453,0.005155,0.019933
6794,6,6,1,0.004686,0.003315,0.004708,0.001573,0.000982,0.002221,0.969626,0.002082,0.001489,0.009319
6795,6,6,1,0.00744,0.003941,0.007935,0.003715,0.004869,0.001174,0.95568,0.001047,0.001493,0.012707
6796,6,6,1,0.003567,0.00389,0.004339,0.00122,0.002269,0.002597,0.971754,0.000651,0.001585,0.008128
6797,6,6,1,0.004861,0.005284,0.002186,0.003471,0.001694,0.002145,0.969828,0.002246,0.001189,0.007096
6798,6,6,1,2e-05,9e-06,1.6e-05,1e-05,8e-06,2e-06,0.9999,3e-06,3e-06,2.9e-05
6799,6,6,1,0.008294,0.01676,0.013319,0.008029,0.002489,0.009159,0.906367,0.00757,0.006166,0.021846
6800,6,6,1,0.001237,0.001205,0.001814,0.000746,0.001135,0.000889,0.989796,0.000785,0.000567,0.001825
6801,6,6,1,0.011677,0.008058,0.005082,0.006209,0.002275,0.003751,0.936502,0.003703,0.001523,0.021219
6802,6,6,1,0.001092,0.000967,0.001428,0.000587,0.000283,0.000795,0.992218,0.000169,0.000542,0.00192
6803,6,6,1,0.00839,0.002497,0.001863,0.002617,0.005733,0.002261,0.956288,0.002942,0.004077,0.013332
6804,6,6,1,0.005408,0.0029,0.00509,0.003296,0.005511,0.002869,0.957782,0.00093,0.003149,0.013064
6805,6,6,1,0.014596,0.008513,0.006277,0.007389,0.00585,0.002603,0.938206,0.000831,0.003372,0.012364
6806,6,6,1,0.007108,0.0048,0.007514,0.003306,0.004166,0.00231,0.950391,0.004801,0.00152,0.014085
6807,6,6,1,0.003154,0.001656,0.002777,0.000934,0.001329,0.001183,0.98124,0.000721,0.001603,0.005403
6808,6,6,1,1.5e-05,1.6e-05,7e-06,1.4e-05,5e-06,5e-06,0.9999,7e-06,5e-06,2.6e-05
6809,6,6,1,1.1e-05,6e-06,1.9e-05,1.5e-05,8e-06,9e-06,0.9999,6e-06,4e-06,2.3e-05
6810,6,6,1,0.005724,0.00975,0.011961,0.013834,0.007742,0.002601,0.915584,0.006952,0.001413,0.02444
6811,6,6,1,0.002105,0.002106,0.002719,0.006062,0.004373,0.002668,0.968187,0.00175,0.001394,0.008637
6812,6,6,1,0.005132,0.004787,0.003358,0.002319,0.002777,0.000821,0.971751,0.001999,0.000435,0.00662
6813,6,6,1,0.004646,0.014591,0.013533,0.003343,0.004492,0.003835,0.924456,0.006629,0.001477,0.022997
6814,6,6,1,0.018464,0.010396,0.002674,0.011417,0.003586,0.005876,0.922692,0.004564,0.001032,0.019299
6815,6,6,1,0.019457,0.014803,0.00687,0.007302,0.008868,0.006547,0.914188,0.004676,0.003427,0.013862
6816,6,6,1,0.007083,0.007775,0.004383,0.003791,0.003705,0.001058,0.954061,0.003298,0.001523,0.013322
6817,6,6,1,0.007255,0.0051,0.02175,0.013995,0.006771,0.008269,0.900628,0.008681,0.00411,0.023442
6818,6,6,1,0.003065,0.003075,0.0029,0.000645,0.002365,0.000975,0.979523,0.000707,0.001471,0.005273
6819,6,6,1,0.008112,0.002345,0.004994,0.002864,0.004795,0.002648,0.959847,0.001951,0.001737,0.010707
6820,6,6,1,0.008525,0.001952,0.00282,0.002814,0.003557,0.005092,0.958476,0.003425,0.001451,0.011888
6821,6,6,1,0.001153,0.001464,0.001868,0.001531,0.000614,0.000416,0.988933,0.000582,0.000395,0.003045
6822,6,6,1,0.00237,0.004366,0.005923,0.007484,0.00202,0.00367,0.954546,0.004224,0.001022,0.014374
6823,6,6,1,0.005987,0.019206,0.01663,0.004535,0.006698,0.004105,0.894756,0.01141,0.003106,0.033567
6824,6,6,1,0.022102,0.015979,0.011425,0.011166,0.006957,0.007415,0.892474,0.0023,0.006075,0.024107
6825,6,6,1,0.004522,0.004855,0.005874,0.001394,0.000874,0.000863,0.966913,0.003234,0.001643,0.009829
6826,6,6,1,0.015726,0.018338,0.012286,0.009407,0.007902,0.003118,0.897174,0.00821,0.002564,0.025275
6827,6,6,1,0.001306,0.000437,0.000292,0.001259,0.000724,0.000222,0.992603,0.000469,0.000241,0.002447
6828,6,6,1,0.001865,0.002613,0.000536,0.00153,0.001247,0.000709,0.986839,0.000904,0.000552,0.003206
6829,6,6,1,0.005366,0.005348,0.004539,0.003946,0.003266,0.003815,0.959318,0.001411,0.001859,0.011133
6830,6,6,1,0.002827,0.007938,0.002209,0.007578,0.002832,0.001289,0.955504,0.002778,0.002696,0.014349
6831,6,6,1,0.005874,0.005119,0.005193,0.002837,0.002613,0.003045,0.964346,0.002507,0.000874,0.007593
6832,6,6,1,0.000425,0.001023,0.000346,0.000271,0.000168,0.000574,0.995244,0.000301,0.000309,0.00134
6833,6,6,1,0.00583,0.003484,0.004154,0.000798,0.001726,0.000751,0.97352,0.001098,0.001186,0.007452
6834,6,6,1,0.006384,0.001845,0.003105,0.006302,0.001625,0.00322,0.956853,0.003182,0.001439,0.016044
6835,6,6,1,0.003238,0.014331,0.004067,0.008018,0.004207,0.00649,0.937623,0.002129,0.001008,0.018889
6836,6,6,1,2.1e-05,1.3e-05,1e-05,8e-06,4e-06,4e-06,0.9999,9e-06,4e-06,2.6e-05
6837,6,6,1,2.4e-05,1.6e-05,6e-06,1.2e-05,6e-06,7e-06,0.9999,4e-06,2e-06,2.4e-05
6838,6,6,1,0.000305,0.000222,0.000145,0.000114,0.000271,0.000207,0.998054,0.000137,3.9e-05,0.000506
6839,6,6,1,0.002788,0.001815,0.000827,0.000537,0.000805,0.000922,0.988333,0.000518,0.000352,0.003102
6840,6,6,1,0.012804,0.01785,0.007719,0.005494,0.005273,0.007826,0.906711,0.007854,0.004722,0.023747
6841,6,6,1,0.002159,0.000922,0.001245,0.00129,0.000905,0.000748,0.987932,0.000589,0.000628,0.003583
6842,6,6,1,1.9e-05,9e-06,1.2e-05,1.3e-05,6e-06,9e-06,0.9999,2e-06,4e-06,2.6e-05
6843,6,6,1,0.003248,0.002692,0.001947,0.000553,0.001228,0.0013,0.984948,0.001001,0.000583,0.002499
6844,6,6,1,0.013894,0.00659,0.003531,0.005444,0.005123,0.001299,0.943616,0.004255,0.002443,0.013807
6845,6,6,1,0.009194,0.00634,0.007813,0.002766,0.001571,0.005919,0.944395,0.001471,0.004809,0.015722
6846,6,6,1,6e-06,1.7e-05,7e-06,9e-06,9e-06,1.1e-05,0.9999,4e-06,6e-06,3e-05
6847,6,6,1,0.001078,0.000779,0.000406,0.000587,0.000366,0.000458,0.993692,0.000221,0.000261,0.002153
6848,6,6,1,0.018129,0.010688,0.018059,0.006605,0.011467,0.006205,0.889767,0.003932,0.002863,0.032284
6849,6,6,1,0.002534,0.002008,0.001367,0.002813,0.000781,0.001338,0.982066,0.001033,0.000437,0.005623
6850,6,6,1,1.7e-05,1.8e-05,7e-06,7e-06,9e-06,7e-06,0.9999,6e-06,3e-06,2.7e-05
6851,6,6,1,2.2e-05,8e-06,4e-06,3e-06,5e-06,1.1e-05,0.9999,1.1e-05,9e-06,2.7e-05
6852,6,6,1,1e-05,2.2e-05,1.6e-05,4e-06,3e-06,4e-06,0.9999,1e-05,4e-06,2.7e-05
6853,6,6,1,0.003384,0.003198,0.010677,0.003499,0.002899,0.005936,0.942176,0.004801,0.004164,0.019266
6854,6,6,1,0.007608,0.004461,0.009558,0.007368,0.003564,0.002401,0.933252,0.004644,0.006677,0.020466
6855,6,6,1,0.003148,0.000917,0.002151,0.001338,0.000794,0.002026,0.981636,0.00161,0.000714,0.005666
6856,6,6,1,0.002982,0.005671,0.003812,0.000942,0.002169,0.000597,0.972673,0.001076,0.001047,0.009032
6857,6,6,1,0.001615,0.001883,0.001077,0.001387,0.000944,0.000726,0.988495,0.000399,0.000339,0.003133
6858,6,6,1,1.3e-05,1.3e-05,4e-06,1.3e-05,5e-06,9e-06,0.9999,3e-06,3e-06,3.8e-05
6859,6,6,1,0.002259,0.001988,0.001482,0.001405,0.001334,0.001567,0.982442,0.001841,0.00141,0.004274
6860,6,6,1,0.011297,0.016283,0.010752,0.002457,0.009131,0.001796,0.922202,0.003214,0.001256,0.021613
6861,6,6,1,0.012335,0.005947,0.007694,0.003452,0.003011,0.009851,0.926755,0.00738,0.001291,0.022284
6862,6,6,1,0.001378,0.003069,0.001483,0.001379,0.000521,0.000984,0.985934,0.001146,0.000344,0.003763
6863,6,6,1,0.006082,0.006074,0.006781,0.011489,0.009997,0.002696,0.918763,0.006124,0.004737,0.027256
6864,6,6,1,6e-06,1.4e-05,8e-06,6e-06,6e-06,1.4e-05,0.9999,8e-06,4e-06,3.5e-05
6865,6,6,1,0.017859,0.010196,0.005811,0.009653,0.005346,0.002313,0.926149,0.002843,0.004823,0.015006
6866,6,6,1,0.004747,0.011816,0.003669,0.00309,0.00846,0.00303,0.939985,0.003674,0.003236,0.018293
6867,6,6,1,0.005293,0.004743,0.004789,0.003731,0.006117,0.001678,0.946794,0.006101,0.003886,0.016867
6868,6,6,1,0.006658,0.00348,0.001857,0.004439,0.004745,0.003658,0.963356,0.001836,0.001107,0.008862
6869,6,6,1,0.002519,0.004999,0.003553,0.001224,0.002065,0.00206,0.975879,0.00162,0.00115,0.004931
6870,6,6,1,0.002956,0.008225,0.006364,0.006362,0.002202,0.004229,0.955663,0.002546,0.001214,0.010239
6871,6,6,1,0.016119,0.005025,0.007521,0.004497,0.009056,0.004994,0.924143,0.002354,0.004011,0.02228
6872,6,6,1,0.011526,0.004279,0.0061,0.003593,0.005025,0.005657,0.942984,0.004464,0.002803,0.013568
6873,6,6,1,0.007041,0.004451,0.00405,0.003131,0.001479,0.004932,0.959114,0.001876,0.002841,0.011085
6874,6,6,1,0.01187,0.003791,0.011138,0.007746,0.003683,0.002092,0.939634,0.001591,0.002998,0.015457
6875,6,6,1,0.004439,0.004737,0.0109,0.003384,0.002799,0.00403,0.94633,0.00282,0.005095,0.015465
6876,6,6,1,0.017183,0.005905,0.009032,0.003289,0.01091,0.003017,0.919844,0.007095,0.001694,0.022029
6877,6,6,1,0.006076,0.002576,0.001636,0.001259,0.003426,0.00113,0.973779,0.002404,0.001457,0.006257
6878,6,6,1,0.007749,0.007849,0.005894,0.003062,0.008898,0.002124,0.935639,0.005021,0.001601,0.022164
6879,6,6,1,0.009729,0.012012,0.008281,0.003008,0.003518,0.002087,0.938419,0.004049,0.003957,0.014941
6880,6,6,1,0.005612,0.006783,0.002583,0.006757,0.005017,0.002089,0.952051,0.00195,0.001126,0.016032
6881,6,6,1,0.002598,0.00215,0.004039,0.000991,0.003121,0.002533,0.973108,0.000876,0.000705,0.009879
6882,6,6,1,0.004229,0.003882,0.002567,0.001603,0.001536,0.000345,0.980222,0.001179,0.0007,0.003737
6883,6,6,1,0.008376,0.0088,0.004909,0.005084,0.002715,0.001704,0.95238,0.003206,0.000684,0.012141
6884,6,6,1,0.006646,0.013474,0.00554,0.0035,0.005591,0.004732,0.937754,0.00503,0.001996,0.015736
6885,6,6,1,0.008361,0.012732,0.006685,0.00591,0.005635,0.003664,0.938448,0.004498,0.000946,0.01312
6886,6,6,1,1.6e-05,1.4e-05,6e-06,1.4e-05,6e-06,9e-06,0.9999,3e-06,7e-06,2.4e-05
6887,6,6,1,0.004371,0.002341,0.00554,0.003949,0.004195,0.002964,0.9647,0.001053,0.002041,0.008846
6888,6,6,1,0.000487,0.000675,0.001467,0.000248,0.000576,0.000445,0.992665,0.000307,0.000264,0.002866
6889,6,6,1,0.001211,0.001419,0.001045,0.000838,0.000167,0.00017,0.992881,0.000367,0.00024,0.001663
6890,6,6,1,0.000476,0.000172,0.00032,0.000123,0.000182,0.000136,0.998065,0.000113,9.7e-05,0.000316
6891,6,6,1,0.015489,0.010001,0.003852,0.007782,0.007568,0.006893,0.926031,0.003783,0.003019,0.015584
6892,6,6,1,0.007044,0.001941,0.005126,0.002804,0.002331,0.001513,0.954673,0.001291,0.003623,0.019653
6893,6,6,1,0.007686,0.004674,0.005596,0.003575,0.003736,0.000816,0.962404,0.002174,0.000966,0.008373
6894,6,6,1,0.012384,0.002288,0.004904,0.005678,0.004561,0.004497,0.94547,0.001907,0.003708,0.014603
6895,6,6,1,0.006326,0.001544,0.00637,0.004335,0.001452,0.003651,0.963778,0.002681,0.000963,0.008901
6896,6,6,1,0.013796,0.002938,0.012509,0.00897,0.002375,0.006794,0.931978,0.003339,0.003049,0.014254
6897,6,6,1,0.002266,0.003524,0.001212,0.003903,0.002968,0.000753,0.975194,0.000707,0.001159,0.008313
6898,6,6,1,2.4e-05,1.7e-05,1e-05,1e-05,4e-06,5e-06,0.9999,2e-06,7e-06,2.1e-05
6899,6,6,1,0.000181,0.000159,0.000113,0.000104,0.00011,7.6e-05,0.998984,3.6e-05,5.5e-05,0.000183
6900,6,6,1,0.012376,0.0023,0.00867,0.00319,0.001576,0.004405,0.949351,0.003772,0.002754,0.011608
6901,6,6,1,0.006296,0.004097,0.004571,0.005148,0.008353,0.002578,0.940426,0.00188,0.006069,0.020581
6902,6,6,1,0.015348,0.008407,0.009092,0.00666,0.003732,0.004077,0.914129,0.00291,0.007324,0.02832
6903,6,6,1,0.008045,0.003315,0.003877,0.002034,0.001944,0.003501,0.965328,0.001218,0.001014,0.009723
6904,6,6,1,0.022505,0.015632,0.007479,0.010343,0.011422,0.010053,0.89216,0.001576,0.007147,0.021683
6905,6,6,1,0.004941,0.004553,0.004364,0.005802,0.003814,0.002815,0.961889,0.00112,0.000601,0.010102
6906,6,6,1,0.005902,0.01535,0.005906,0.005756,0.004142,0.00357,0.926589,0.003007,0.002197,0.027582
6907,6,6,1,0.007912,0.002037,0.002482,0.003724,0.003337,0.00122,0.963178,0.001268,0.001696,0.013147
6908,6,6,1,0.006258,0.012482,0.013047,0.004062,0.00941,0.00642,0.926087,0.005203,0.001999,0.015033
6909,6,6,1,0.003666,0.002165,0.005209,0.001248,0.00112,0.002916,0.973021,0.002469,0.000624,0.007562
6910,6,6,1,0.003744,0.008263,0.009233,0.00228,0.006146,0.002541,0.949618,0.003898,0.002953,0.011323
6911,6,6,1,0.006854,0.003826,0.00123,0.004505,0.001267,0.002916,0.965897,0.00164,0.000888,0.010978
6912,6,6,1,0.003094,0.006046,0.003115,0.005036,0.005197,0.004445,0.958709,0.003255,0.002105,0.008998
6913,6,6,1,0.002387,0.001219,0.00077,0.001748,0.000867,0.001038,0.985396,0.001009,0.001131,0.004435
6914,6,6,1,0.00124,0.001087,0.000646,0.000756,0.000363,0.000473,0.993221,0.000156,0.000443,0.001614
6915,6,6,1,1.3e-05,2.1e-05,1.3e-05,7e-06,4e-06,6e-06,0.9999,8e-06,5e-06,2.3e-05
6916,6,6,1,1.2e-05,1.7e-05,1e-05,8e-06,1.1e-05,7e-06,0.9999,8e-06,3e-06,2.4e-05
6917,6,6,1,0.015093,0.011778,0.003162,0.008214,0.003536,0.008642,0.918637,0.004362,0.00291,0.023666
6918,6,6,1,0.019325,0.00928,0.005716,0.004694,0.00436,0.004319,0.922292,0.003268,0.005677,0.021068
6919,6,6,1,0.013411,0.014876,0.002603,0.003027,0.005793,0.004242,0.926958,0.002892,0.006161,0.020036
6920,6,6,1,2e-05,1.2e-05,7e-06,5e-06,6e-06,1.1e-05,0.9999,2e-06,4e-06,3.3e-05
6921,6,6,1,0.020013,0.007663,0.016348,0.004596,0.009357,0.0075,0.899708,0.008568,0.005563,0.020683
6922,6,6,1,0.006822,0.003637,0.003551,0.004236,0.003042,0.000675,0.967367,0.002073,0.000514,0.008083
6923,6,6,1,0.003136,0.004515,0.00279,0.009139,0.004962,0.006497,0.945657,0.004532,0.003329,0.015444
6924,6,6,1,0.003802,0.002434,0.002472,0.00356,0.001179,0.002903,0.968854,0.001742,0.001536,0.011517
6925,6,6,1,0.007203,0.003172,0.00166,0.00138,0.00128,0.002011,0.96945,0.000888,0.002033,0.010923
6926,6,6,1,0.003087,0.006098,0.009509,0.004054,0.005364,0.003099,0.949198,0.003473,0.00337,0.012747
6927,6,6,1,2.4e-05,1.4e-05,1.5e-05,9e-06,4e-06,4e-06,0.9999,2e-06,7e-06,2e-05
6928,6,6,1,0.015239,0.010959,0.00575,0.003502,0.006209,0.001497,0.934549,0.002467,0.002432,0.017395
6929,6,6,1,1e-05,1.3e-05,1.9e-05,1.2e-05,7e-06,2e-06,0.9999,2e-06,6e-06,3e-05
6930,6,6,1,0.004642,0.012633,0.005332,0.006288,0.006806,0.003936,0.924152,0.003309,0.00732,0.025581
6931,6,6,1,7e-06,8e-06,1e-05,8e-06,1.2e-05,5e-06,0.9999,1.2e-05,4e-06,3.4e-05
6932,6,6,1,0.000579,0.001596,0.001211,0.000602,0.001543,0.001018,0.988688,0.000269,0.000446,0.004049
6933,6,6,1,0.003054,0.003652,0.005307,0.001134,0.001239,0.003676,0.968665,0.00237,0.001495,0.009409
6934,6,6,1,0.008179,0.008969,0.008412,0.003138,0.005871,0.008933,0.921139,0.006997,0.00473,0.023631
6935,6,6,1,0.002861,0.005955,0.004485,0.001426,0.002367,0.000633,0.972941,0.001682,0.000513,0.007138
6936,6,6,1,0.008784,0.007817,0.006111,0.002537,0.005257,0.00185,0.945739,0.002516,0.004532,0.014856
6937,6,6,1,0.00737,0.00506,0.008342,0.005605,0.002719,0.002842,0.947012,0.003719,0.003807,0.013524
6938,6,6,1,0.006539,0.013553,0.009002,0.008148,0.004012,0.012926,0.886549,0.011375,0.006042,0.041855
6939,6,6,1,0.01224,0.008745,0.004719,0.001807,0.005281,0.00382,0.950091,0.001325,0.001079,0.010892
6940,6,6,1,0.009981,0.005568,0.004517,0.00373,0.008048,0.00323,0.93635,0.002954,0.0032,0.022421
6941,6,6,1,1.5e-05,1.1e-05,1.2e-05,6e-06,1.3e-05,9e-06,0.9999,8e-06,5e-06,2.1e-05
6942,6,6,1,0.01286,0.006824,0.004006,0.004118,0.00444,0.001083,0.947567,0.002815,0.003508,0.012779
6943,6,6,1,0.003227,0.001997,0.004862,0.005003,0.004184,0.000717,0.967878,0.000646,0.00226,0.009226
6944,6,6,1,0.009422,0.015396,0.006006,0.005064,0.016113,0.010785,0.878954,0.004843,0.004251,0.049166
6945,6,6,1,0.014485,0.007977,0.007566,0.002044,0.004386,0.006411,0.93772,0.002866,0.002841,0.013704
6946,6,6,1,0.007615,0.00157,0.005118,0.001214,0.004665,0.003104,0.96312,0.002705,0.001896,0.008993
6947,6,6,1,0.011007,0.007254,0.003874,0.005226,0.002745,0.003065,0.952892,0.002619,0.001493,0.009825
6948,6,6,1,0.001296,0.000682,0.001101,0.000532,0.000846,0.000922,0.990002,0.00029,0.000949,0.00338
6949,6,6,1,0.002185,0.006741,0.005707,0.002992,0.002974,0.001184,0.965472,0.00295,0.002031,0.007764
6950,6,6,1,0.007102,0.004952,0.004296,0.002564,0.00172,0.001239,0.969605,0.001256,0.000863,0.006403
6951,6,6,1,0.00462,0.007721,0.00773,0.007195,0.007996,0.00423,0.937953,0.004021,0.001915,0.016619
6952,6,6,1,0.016225,0.01707,0.011413,0.008357,0.006047,0.006523,0.913304,0.002949,0.00385,0.014261
6953,6,6,1,1.7e-05,1.2e-05,7e-06,5e-06,4e-06,5e-06,0.9999,3e-06,1.2e-05,3.6e-05
6954,6,6,1,0.016527,0.005916,0.021779,0.015796,0.008774,0.007945,0.890311,0.002757,0.005315,0.024879
6955,6,6,1,0.010119,0.003646,0.007361,0.007094,0.00237,0.001932,0.950286,0.000954,0.002475,0.013762
6956,6,6,1,0.005096,0.00876,0.002231,0.006587,0.003775,0.002686,0.956636,0.001686,0.000963,0.011579
6957,6,6,1,0.013479,0.004113,0.009566,0.003394,0.002337,0.002327,0.9426,0.001461,0.004652,0.01607
6958,6,6,1,0.01009,0.007098,0.008507,0.007509,0.002785,0.004307,0.939365,0.003564,0.002756,0.014019
6959,6,6,1,1.6e-05,1.3e-05,1.3e-05,6e-06,1.1e-05,8e-06,0.9999,3e-06,4e-06,2.7e-05
6960,6,6,1,1.7e-05,1.9e-05,7e-06,1.2e-05,4e-06,6e-06,0.9999,4e-06,6e-06,2.6e-05
6961,6,6,1,0.006498,0.004564,0.003016,0.002193,0.001773,0.001799,0.972449,0.001805,0.000614,0.005289
6962,6,6,1,0.001883,0.000632,0.002168,0.001053,0.00076,0.000527,0.988548,0.000613,0.000194,0.003623
6963,6,6,1,0.001284,0.001983,0.004723,0.0012,0.002577,0.001958,0.974931,0.002569,0.001173,0.007602
6964,6,6,1,0.00232,0.000978,0.001857,0.002011,0.000455,0.00051,0.985393,0.000548,0.000901,0.005028
6965,6,6,1,0.00447,0.016049,0.009827,0.002976,0.011166,0.003756,0.917335,0.002904,0.004845,0.026672
6966,6,6,1,0.003291,0.004189,0.003727,0.00218,0.001064,0.001842,0.973324,0.002243,0.001418,0.006721
6967,6,6,1,0.003798,0.008958,0.013305,0.007978,0.006706,0.004052,0.929273,0.005881,0.001938,0.018111
6968,6,6,1,6e-06,8e-06,1.6e-05,1e-05,8e-06,7e-06,0.9999,9e-06,5e-06,3e-05
6969,6,6,1,0.004899,0.007868,0.006178,0.00368,0.006311,0.004027,0.949391,0.003348,0.002516,0.011782
6970,6,6,1,0.014422,0.012922,0.004616,0.006277,0.010234,0.003615,0.90871,0.008773,0.004607,0.025823
6971,6,6,1,0.002475,0.002041,0.001028,0.002234,0.001624,0.001032,0.985029,0.000476,0.000321,0.003741
6972,6,6,1,0.004289,0.002595,0.001952,0.002047,0.001262,0.001102,0.979525,0.000542,0.001051,0.005637
6973,6,6,1,0.007604,0.009102,0.002514,0.001842,0.005309,0.001669,0.946706,0.005522,0.002862,0.01687
6974,6,6,1,0.014046,0.010087,0.014354,0.013428,0.011496,0.006673,0.897723,0.007953,0.002818,0.021422
6975,6,6,1,0.00139,0.000899,0.001489,0.002341,0.001692,0.001896,0.983261,0.000453,0.000835,0.005744
6976,6,6,1,0.018959,0.015844,0.011962,0.006942,0.003022,0.004139,0.914822,0.00509,0.001616,0.017604
6977,6,6,1,0.008479,0.006403,0.001344,0.005434,0.002062,0.002887,0.960989,0.00092,0.002347,0.009136
6978,6,5,0,-0.012341,-0.00575,-0.012494,-0.007384,-0.009845,0.608806,0.450144,-0.006886,-0.004251,0.0
6979,6,5,0,0.014824,0.005312,0.006045,0.007021,0.008182,0.587197,0.315669,0.006589,0.008857,0.040304
6980,6,5,0,0.003512,0.003069,0.002889,0.001851,0.001477,0.64145,0.335573,0.001437,0.001236,0.007506
6981,6,5,0,0.014535,0.008189,0.007423,0.00618,0.00668,0.567306,0.334886,0.010372,0.006353,0.038077
6982,6,5,0,-0.014583,-0.018925,-0.025868,-0.021301,-0.020943,0.645109,0.508987,-0.027768,-0.024708,0.0
6983,6,5,0,0.050832,0.031241,0.021269,0.029626,0.028322,0.376189,0.328376,0.020991,0.021621,0.091533
6984,6,5,0,0.072109,0.046844,0.0353,0.02631,0.044758,0.35501,0.209647,0.020042,0.01703,0.17295
6985,6,5,0,0.000222,0.000195,0.000142,9.3e-05,8.3e-05,0.607664,0.39021,9.8e-05,0.000144,0.001148
6986,6,5,0,0.059028,0.030358,0.025692,0.011792,0.023481,0.425147,0.265261,0.030953,0.0098,0.118488
6987,6,5,0,0.01121,0.017971,0.011595,0.018743,0.014157,0.532421,0.294201,0.008726,0.01071,0.080267
6988,6,5,0,0.02587,0.025948,0.013978,0.019757,0.008355,0.50444,0.319564,0.011217,0.005369,0.065501
6989,7,7,1,0.017156,0.007862,0.006566,0.010256,0.008905,0.002704,0.005965,0.918475,0.004922,0.017188
6990,7,7,1,0.007874,0.002437,0.006218,0.003769,0.003549,0.002296,0.000736,0.964331,0.001989,0.006802
6991,7,7,1,0.006794,0.002908,0.004225,0.001434,0.00374,0.001691,0.000763,0.965882,0.000748,0.011815
6992,7,7,1,0.002693,0.001003,0.002317,0.001915,0.00142,0.000439,0.001081,0.983613,0.000321,0.0052
6993,7,7,1,0.0108,0.009857,0.011216,0.008071,0.008821,0.004787,0.005767,0.921947,0.001696,0.017037
6994,7,7,1,0.003342,0.002296,0.008216,0.007801,0.00577,0.002911,0.003329,0.951824,0.00124,0.013271
6995,7,7,1,0.001348,0.00069,0.002066,0.001363,0.001181,0.001189,0.000875,0.98766,0.000648,0.002979
6996,7,7,1,0.002856,0.008073,0.002657,0.005301,0.002411,0.00138,0.000688,0.963665,0.002959,0.010009
6997,7,7,1,0.005816,0.015984,0.010138,0.006081,0.005672,0.001912,0.004625,0.926734,0.004283,0.018755
6998,7,7,1,0.000737,0.002639,0.001294,0.001311,0.000732,0.001438,0.000552,0.986739,0.000714,0.003843
6999,7,7,1,0.002198,0.000767,0.001129,0.001198,0.000341,0.000868,0.000406,0.99084,0.000441,0.001812
7000,7,7,1,0.007956,0.003392,0.004725,0.001672,0.002882,0.002141,0.00145,0.964503,0.002354,0.008926
7001,7,7,1,0.006533,0.002414,0.001807,0.001571,0.003632,0.000868,0.002224,0.972005,0.002115,0.006831
7002,7,7,1,0.001076,0.002545,0.002145,0.001284,0.000926,0.000249,0.000447,0.987646,0.000501,0.00318
7003,7,7,1,0.005591,0.004813,0.001896,0.003051,0.001377,0.000939,0.0011,0.974698,0.000703,0.005833
7004,7,7,1,0.006093,0.004499,0.001278,0.002407,0.002463,0.001711,0.002054,0.971589,0.001167,0.006738
7005,7,7,1,0.018494,0.004881,0.017782,0.010814,0.006391,0.00945,0.003306,0.891841,0.005198,0.031844
7006,7,7,1,0.004111,0.002028,0.002212,0.001346,0.001583,0.000588,0.001186,0.982249,0.000313,0.004385
7007,7,7,1,0.005629,0.001652,0.00087,0.000882,0.003024,0.001356,0.000911,0.977474,0.000677,0.007524
7008,7,7,1,0.00461,0.005224,0.002853,0.002526,0.002521,0.001709,0.000901,0.97418,0.000956,0.004521
7009,7,7,1,0.003108,0.002268,0.001774,0.000625,0.00089,0.001302,0.000503,0.986089,0.000721,0.00272
7010,7,7,1,0.004642,0.002026,0.003605,0.005435,0.002331,0.003607,0.001536,0.967196,0.000611,0.009012
7011,7,7,1,0.007301,0.009944,0.004757,0.006694,0.00787,0.007909,0.005491,0.913737,0.006821,0.029477
7012,7,7,1,0.006618,0.009686,0.007757,0.005464,0.004513,0.001052,0.000808,0.952404,0.002285,0.009413
7013,7,7,1,0.003454,0.008654,0.002397,0.005175,0.003406,0.003806,0.000932,0.955788,0.003585,0.012803
7014,7,7,1,0.002805,0.004919,0.002839,0.002863,0.004188,0.001713,0.004293,0.96096,0.001217,0.014203
7015,7,7,1,0.010811,0.00829,0.003705,0.007033,0.009494,0.001758,0.003536,0.926775,0.003424,0.025174
7016,7,7,1,0.001359,0.001713,0.004409,0.002736,0.002208,0.001297,0.000615,0.974579,0.001154,0.009931
7017,7,7,1,0.007259,0.007606,0.005847,0.002976,0.001271,0.0032,0.001681,0.958217,0.002145,0.009797
7018,7,7,1,8e-06,2.2e-05,1.7e-05,8e-06,9e-06,9e-06,2e-06,0.9999,3e-06,2.2e-05
7019,7,7,1,0.007903,0.004125,0.009931,0.005667,0.00161,0.003416,0.003822,0.947728,0.002616,0.01318
7020,7,7,1,0.014423,0.004335,0.005512,0.002855,0.007891,0.006207,0.003361,0.932558,0.00569,0.017169
7021,7,7,1,0.004165,0.001309,0.001493,0.003442,0.002108,0.001395,0.001989,0.97514,0.001078,0.007882
7022,7,7,1,0.015616,0.016271,0.006787,0.007585,0.005119,0.007262,0.001896,0.918054,0.004301,0.017109
7023,7,7,1,0.015619,0.014379,0.003572,0.007243,0.006646,0.003586,0.001239,0.926653,0.002157,0.018906
7024,7,7,1,0.004811,0.003188,0.003191,0.001583,0.00146,0.003055,0.0013,0.973526,0.001499,0.006388
7025,7,7,1,0.00576,0.002531,0.00341,0.001963,0.001562,0.001436,0.001617,0.974951,0.001283,0.005488
7026,7,7,1,0.005326,0.004185,0.009174,0.002725,0.004924,0.002703,0.002324,0.952898,0.003238,0.012503
7027,7,7,1,0.007984,0.005694,0.006064,0.001671,0.002166,0.001279,0.00397,0.959024,0.001469,0.010678
7028,7,7,1,0.004497,0.012688,0.011972,0.002392,0.006899,0.00222,0.004585,0.925575,0.003435,0.025737
7029,7,7,1,0.003096,0.003036,0.002289,0.002405,0.001342,0.001345,0.000902,0.981649,0.000313,0.003623
7030,7,7,1,0.003415,0.003092,0.004609,0.0033,0.001417,0.003372,0.002061,0.970171,0.000445,0.008118
7031,7,7,1,0.001718,0.003131,0.003717,0.002979,0.002225,0.000775,0.000397,0.978959,0.001404,0.004694
7032,7,7,1,0.02413,0.015086,0.018313,0.010803,0.006988,0.00836,0.001809,0.886605,0.0022,0.025706
7033,7,7,1,0.009561,0.005503,0.006808,0.001515,0.002814,0.002392,0.003791,0.952282,0.002032,0.013302
7034,7,7,1,0.004143,0.003368,0.002185,0.001299,0.003072,0.002238,0.001556,0.97326,0.000929,0.00795
7035,7,7,1,0.003152,0.008434,0.006069,0.005958,0.002661,0.004308,0.002041,0.954921,0.001848,0.010608
7036,7,7,1,0.007773,0.005403,0.010031,0.003362,0.003934,0.006613,0.004091,0.93794,0.002338,0.018515
7037,7,7,1,0.00591,0.004057,0.001056,0.001693,0.001265,0.001593,0.002255,0.973088,0.000598,0.008485
7038,7,7,1,2.2e-05,5e-06,1.3e-05,1.2e-05,4e-06,8e-06,9e-06,0.9999,6e-06,2.1e-05
7039,7,7,1,0.005411,0.007852,0.004691,0.002989,0.001485,0.00171,0.001703,0.959736,0.002791,0.011631
7040,7,7,1,0.008606,0.008152,0.001557,0.002556,0.00382,0.000981,0.002718,0.958533,0.00313,0.009947
7041,7,7,1,0.01258,0.017702,0.017121,0.007029,0.005333,0.007465,0.006492,0.896983,0.00713,0.022165
7042,7,7,1,6.1e-05,2e-05,3.6e-05,2.5e-05,2.7e-05,1.6e-05,2.3e-05,0.999724,6e-06,6.3e-05
7043,7,7,1,0.005362,0.008783,0.006669,0.002224,0.004029,0.004043,0.004659,0.936723,0.001766,0.025741
7044,7,7,1,0.003706,0.012686,0.002577,0.002301,0.002286,0.008286,0.002128,0.940912,0.004934,0.020184
7045,7,7,1,0.004767,0.003633,0.001725,0.002562,0.001931,0.000631,0.000725,0.976397,0.00043,0.007199
7046,7,7,1,0.002498,0.003028,0.006105,0.002071,0.004927,0.003141,0.001839,0.962515,0.003329,0.010547
7047,7,7,1,0.002573,0.001933,0.005714,0.001291,0.003604,0.001672,0.002066,0.972301,0.002133,0.006712
7048,7,7,1,0.000348,0.000354,0.000468,0.000374,0.000323,0.000231,4.7e-05,0.996979,7e-05,0.000805
7049,7,7,1,0.004658,0.005127,0.001236,0.003937,0.002746,0.002035,0.000527,0.970819,0.001086,0.007831
7050,7,7,1,0.001603,0.00485,0.002122,0.003134,0.002305,0.001366,0.001931,0.976416,0.000873,0.005399
7051,7,7,1,0.003627,0.002205,0.000636,0.000572,0.002078,0.000527,0.000971,0.98406,0.000768,0.004555
7052,7,7,1,0.011431,0.001984,0.008287,0.004563,0.00416,0.001763,0.00276,0.952022,0.001486,0.011544
7053,7,7,1,0.00115,0.000933,0.001585,0.001329,0.000817,0.000798,0.000542,0.990884,0.000386,0.001577
7054,7,7,1,0.024737,0.012666,0.015625,0.009344,0.00344,0.003753,0.0027,0.889245,0.003943,0.034549
7055,7,7,1,1.6e-05,2e-05,9e-06,8e-06,4e-06,5e-06,4e-06,0.9999,5e-06,2.9e-05
7056,7,7,1,0.007136,0.006014,0.004945,0.004535,0.002061,0.002726,0.002367,0.962592,0.001687,0.005937
7057,7,7,1,0.013942,0.021726,0.011997,0.014847,0.006479,0.003727,0.008379,0.883167,0.003815,0.031921
7058,7,7,1,2.1e-05,1.4e-05,4e-06,1.5e-05,7e-06,8e-06,4e-06,0.9999,5e-06,2.2e-05
7059,7,7,1,0.00946,0.006146,0.006979,0.003311,0.005855,0.004734,0.004416,0.944049,0.002671,0.012379
7060,7,7,1,0.001756,0.000953,0.0029,0.000498,0.001369,0.001371,0.001418,0.984711,0.00094,0.004083
7061,7,7,1,0.001796,0.001777,0.001058,0.002593,0.002902,0.002116,0.001496,0.976,0.000614,0.009648
7062,7,7,1,0.008793,0.005336,0.002261,0.003755,0.006151,0.00264,0.004512,0.95294,0.001194,0.012419
7063,7,7,1,0.013613,0.008853,0.005635,0.0059,0.009717,0.005057,0.004759,0.927106,0.0042,0.015159
7064,7,7,1,0.015902,0.014343,0.015232,0.009026,0.006131,0.002281,0.005574,0.908544,0.00539,0.017577
7065,7,7,1,0.001428,0.002721,0.003728,0.004392,0.001622,0.000627,0.001031,0.974401,0.00076,0.00929
7066,7,7,1,0.001889,0.00057,0.001295,0.001093,0.000272,0.000291,0.000861,0.990685,0.000167,0.002875
7067,7,7,1,0.012708,0.004296,0.006818,0.014203,0.00416,0.006114,0.009442,0.911518,0.004113,0.026629
7068,7,7,1,0.011235,0.011944,0.005435,0.001717,0.007589,0.001652,0.003436,0.937765,0.004744,0.014484
7069,7,7,1,0.010831,0.012269,0.002007,0.006692,0.006938,0.004028,0.002637,0.937954,0.001402,0.015242
7070,7,7,1,0.006954,0.003808,0.010569,0.005267,0.007717,0.002515,0.005505,0.940942,0.003488,0.013235
7071,7,7,1,7e-06,2e-05,5e-06,4e-06,6e-06,1e-05,6e-06,0.9999,6e-06,3.6e-05
7072,7,7,1,0.009255,0.008984,0.009903,0.005546,0.002828,0.003794,0.001987,0.940971,0.002931,0.013801
7073,7,7,1,0.006334,0.006615,0.006295,0.00522,0.005627,0.003426,0.004191,0.940738,0.004783,0.016772
7074,7,7,1,0.006123,0.003736,0.008843,0.005138,0.00544,0.001727,0.003986,0.952825,0.000804,0.011378
7075,7,7,1,0.003624,0.006644,0.005754,0.00433,0.002627,0.004514,0.007187,0.94226,0.003143,0.019916
7076,7,7,1,0.00274,0.006284,0.002342,0.001078,0.003167,0.002146,0.001356,0.9713,0.001008,0.008577
7077,7,7,1,0.00448,0.011677,0.006652,0.004874,0.003491,0.005294,0.005158,0.94268,0.001558,0.014135
7078,7,7,1,0.00762,0.006756,0.007182,0.001967,0.004958,0.001119,0.002351,0.954168,0.001022,0.012857
7079,7,7,1,0.005514,0.003562,0.008737,0.002755,0.004834,0.004258,0.003861,0.954196,0.002544,0.009739
7080,7,7,1,0.005553,0.00454,0.002862,0.002518,0.002535,0.001856,0.001695,0.972673,0.000773,0.004996
7081,7,7,1,0.005012,0.003765,0.003096,0.004105,0.002488,0.00145,0.001,0.969728,0.000512,0.008846
7082,7,7,1,0.005764,0.006279,0.003775,0.004227,0.001467,0.002541,0.000876,0.963454,0.001104,0.010513
7083,7,7,1,1.8e-05,1.2e-05,8e-06,1.2e-05,5e-06,4e-06,9e-06,0.9999,4e-06,2.5e-05
7084,7,7,1,0.004698,0.006568,0.004276,0.008691,0.002141,0.001757,0.00267,0.94209,0.002192,0.024916
7085,7,7,1,0.011149,0.010786,0.003564,0.002205,0.002354,0.005698,0.002088,0.94566,0.003599,0.012897
7086,7,7,1,0.00476,0.001405,0.001869,0.001668,0.001214,0.001706,0.000939,0.975323,0.000859,0.010257
7087,7,7,1,0.002222,0.005605,0.006484,0.001037,0.002094,0.001106,0.00112,0.965703,0.002704,0.011924
7088,7,7,1,0.013019,0.008513,0.010703,0.009512,0.005155,0.00543,0.002115,0.929214,0.002519,0.01382
7089,7,7,1,0.002583,0.002076,0.001614,0.001513,0.000688,0.000918,0.000759,0.987182,0.000505,0.002161
7090,7,7,1,2.1e-05,4e-06,1.2e-05,1e-05,5e-06,6e-06,8e-06,0.9999,2e-06,3.1e-05
7091,7,7,1,0.010992,0.004262,0.007544,0.003606,0.011097,0.00696,0.007244,0.923673,0.006138,0.018484
7092,7,7,1,0.003386,0.000799,0.001363,0.001995,0.000865,0.00053,0.001749,0.983807,0.000453,0.005052
7093,7,7,1,0.003775,0.009016,0.003611,0.007131,0.002088,0.002775,0.00189,0.954334,0.001717,0.013663
7094,7,7,1,0.012928,0.010074,0.003259,0.00518,0.002395,0.003467,0.003658,0.942461,0.004006,0.012572
7095,7,7,1,0.013552,0.005861,0.014191,0.003818,0.004981,0.007586,0.004525,0.918815,0.002912,0.023757
7096,7,7,1,0.004415,0.001094,0.001761,0.001477,0.002653,0.00078,0.001183,0.978118,0.000914,0.007606
7097,7,7,1,0.000203,6.9e-05,4.8e-05,9.2e-05,0.000103,7.2e-05,6.2e-05,0.998901,7.1e-05,0.000379
7098,7,7,1,0.004216,0.012975,0.007683,0.005823,0.006945,0.002152,0.002149,0.939455,0.002639,0.015964
7099,7,7,1,0.001604,0.000542,0.000803,0.000459,0.000752,0.000422,0.000203,0.993219,0.000342,0.001653
7100,7,7,1,0.007618,0.006353,0.001537,0.005059,0.00367,0.002938,0.000852,0.962039,0.002158,0.007776
7101,7,7,1,0.003584,0.004398,0.010166,0.007306,0.002003,0.006197,0.00411,0.946023,0.003926,0.012287
7102,7,7,1,0.001902,0.000941,0.002671,0.001434,0.001903,0.000478,0.000356,0.984322,0.001251,0.004743
7103,7,7,1,0.01089,0.007489,0.0088,0.003046,0.002028,0.00377,0.005595,0.940311,0.001414,0.016657
7104,7,7,1,0.002549,0.005446,0.0071,0.005376,0.003663,0.002814,0.002675,0.958249,0.001769,0.01036
7105,7,7,1,0.009199,0.003735,0.004185,0.001314,0.004458,0.003842,0.00281,0.959993,0.002363,0.008099
7106,7,7,1,1.3e-05,1e-05,1.8e-05,4e-06,1.2e-05,7e-06,8e-06,0.9999,3e-06,2.3e-05
7107,7,7,1,0.001226,0.00321,0.002255,0.002084,0.001644,0.000643,0.000905,0.984518,0.000579,0.002936
7108,7,7,1,0.006125,0.004737,0.008063,0.004236,0.004832,0.0009,0.001771,0.955029,0.002311,0.011997
7109,7,7,1,1.2e-05,1.3e-05,7e-06,8e-06,1e-05,7e-06,8e-06,0.9999,6e-06,2.9e-05
7110,7,7,1,0.001137,0.000889,0.000439,0.000468,0.001146,0.000217,0.000609,0.992178,0.000382,0.002535
7111,7,7,1,0.002217,0.006357,0.00441,0.001768,0.000749,0.000651,0.000911,0.972031,0.000627,0.010279
7112,7,7,1,0.003653,0.005108,0.002524,0.001141,0.001009,0.000885,0.001221,0.974829,0.0011,0.008532
7113,7,7,1,0.010326,0.011145,0.005673,0.007308,0.00379,0.003218,0.003298,0.940453,0.00217,0.012621
7114,7,7,1,0.005361,0.006479,0.006371,0.007041,0.004171,0.006044,0.003712,0.944486,0.003675,0.012659
7115,7,7,1,2.3e-05,1.6e-05,8e-06,1.1e-05,1e-05,7e-06,4e-06,0.9999,1e-06,1.9e-05
7116,7,7,1,0.017648,0.012267,0.010264,0.00519,0.0061,0.005018,0.00201,0.908009,0.002923,0.030572
7117,7,7,1,0.001597,0.000709,0.000326,0.000322,0.000619,0.000298,0.000587,0.993569,0.00039,0.001582
7118,7,7,1,9e-06,5e-06,7e-06,6e-06,9e-06,6e-06,6e-06,0.9999,3e-06,4.7e-05
7119,7,7,1,0.01057,0.008167,0.007143,0.009724,0.003411,0.00459,0.003819,0.933001,0.001454,0.018121
7120,7,7,1,0.013809,0.002794,0.008621,0.00672,0.008994,0.006426,0.004226,0.931468,0.002833,0.014108
7121,7,7,1,0.00413,0.002292,0.00682,0.003572,0.005808,0.004873,0.001205,0.953388,0.003874,0.014039
7122,7,7,1,0.001005,0.001433,0.002072,0.001485,0.000458,0.000587,0.001505,0.986764,0.000564,0.004128
7123,7,7,1,0.003772,0.005111,0.009128,0.00616,0.002156,0.003527,0.003508,0.951468,0.002173,0.012998
7124,7,7,1,0.005606,0.001169,0.001551,0.004056,0.001834,0.002607,0.001992,0.974955,0.000623,0.005607
7125,7,7,1,2.3e-05,6e-06,1.3e-05,1.3e-05,7e-06,4e-06,5e-06,0.9999,2e-06,2.9e-05
7126,7,7,1,0.007813,0.005179,0.007552,0.004183,0.006535,0.001903,0.003196,0.94866,0.000817,0.014163
7127,7,7,1,0.012122,0.011871,0.008694,0.004688,0.003334,0.006339,0.005995,0.919601,0.00647,0.020886
7128,7,7,1,0.005191,0.02279,0.004244,0.011597,0.01107,0.006623,0.009536,0.898779,0.004733,0.025438
7129,7,7,1,0.002316,0.000678,0.002246,0.001843,0.001451,0.000796,0.001291,0.984783,0.000444,0.004153
7130,7,7,1,0.00985,0.013669,0.0098,0.005441,0.002919,0.005234,0.009831,0.906285,0.005903,0.031068
7131,7,7,1,0.009197,0.005703,0.013975,0.004709,0.008349,0.001866,0.006872,0.928043,0.003005,0.018282
7132,7,7,1,0.006319,0.008516,0.003063,0.002021,0.003389,0.004787,0.001931,0.954961,0.002289,0.012723
7133,7,7,1,0.009075,0.006625,0.003482,0.005699,0.003672,0.00191,0.001266,0.947271,0.003674,0.017324
7134,7,7,1,0.007608,0.008431,0.004077,0.006399,0.002221,0.004738,0.002473,0.950712,0.003066,0.010275
7135,7,7,1,1e-05,1.2e-05,7e-06,4e-06,7e-06,5e-06,1.2e-05,0.9999,5e-06,3.9e-05
7136,7,7,1,0.009203,0.007532,0.002489,0.00538,0.003142,0.001527,0.001281,0.949547,0.002179,0.017719
7137,7,7,1,0.004867,0.008213,0.0015,0.001282,0.002832,0.004637,0.002866,0.96057,0.003193,0.010041
7138,7,7,1,0.000822,0.000626,0.000197,0.000375,0.000353,0.000104,0.000116,0.99634,0.000208,0.000858
7139,7,7,1,0.015111,0.00441,0.006566,0.008272,0.00282,0.00393,0.004881,0.936513,0.002308,0.01519
7140,7,7,1,0.004527,0.007558,0.002176,0.005076,0.002863,0.004408,0.002833,0.956921,0.002142,0.011496
7141,7,7,1,1.8e-05,1.8e-05,5e-06,5e-06,1.1e-05,8e-06,8e-06,0.9999,6e-06,2e-05
7142,7,7,1,1.7e-05,1.5e-05,1.2e-05,7e-06,1.1e-05,2e-06,2e-06,0.9999,7e-06,2.5e-05
7143,7,7,1,0.005528,0.00379,0.001872,0.003416,0.002566,0.001638,0.001295,0.975073,0.000294,0.004528
7144,7,7,1,0.010025,0.008852,0.01218,0.003256,0.006703,0.004412,0.00245,0.930067,0.001685,0.02037
7145,7,7,1,0.003376,0.003581,0.00195,0.001838,0.004202,0.003156,0.000939,0.967889,0.001902,0.011168
7146,7,7,1,0.006953,0.009973,0.007349,0.007266,0.003325,0.002403,0.002345,0.945531,0.002044,0.012809
7147,7,7,1,0.002169,0.005093,0.002076,0.003088,0.00204,0.002388,0.0026,0.960058,0.003804,0.016685
7148,7,7,1,0.005144,0.002144,0.001107,0.00305,0.002428,0.002058,0.001257,0.97777,0.000645,0.004398
7149,7,7,1,0.003457,0.003403,0.003851,0.001114,0.003843,0.001691,0.000947,0.967579,0.001065,0.013051
7150,7,7,1,0.005456,0.009445,0.003202,0.003357,0.002205,0.002853,0.002993,0.956373,0.001321,0.012795
7151,7,7,1,0.001816,0.001457,0.001834,0.001461,0.001129,0.000366,0.000365,0.988077,0.000701,0.002794
7152,7,7,1,0.003602,0.001531,0.000526,0.00145,0.001625,0.000542,0.000595,0.985295,0.000383,0.004451
7153,7,7,1,0.015091,0.004107,0.00377,0.005043,0.009959,0.006309,0.007885,0.920006,0.005167,0.022664
7154,7,7,1,0.003822,0.001812,0.001022,0.001985,0.001787,0.001887,0.001487,0.981078,0.000773,0.004347
7155,7,7,1,0.001494,0.000975,0.001236,0.001115,0.002449,0.003078,0.001081,0.979982,0.002049,0.006541
7156,7,7,1,0.008313,0.005679,0.001217,0.001376,0.001245,0.002597,0.002439,0.966714,0.00053,0.009889
7157,7,7,1,0.009834,0.002537,0.008289,0.006177,0.005237,0.002591,0.001827,0.94768,0.002116,0.013712
7158,7,7,1,0.007543,0.003727,0.006287,0.002843,0.003997,0.002428,0.003834,0.95046,0.001757,0.017125
7159,7,7,1,0.015773,0.008992,0.005874,0.005779,0.005948,0.004758,0.003489,0.927587,0.005391,0.016408
7160,7,7,1,0.005341,0.008113,0.006643,0.009022,0.005717,0.003878,0.002891,0.925239,0.003394,0.029761
7161,7,7,1,0.004789,0.004136,0.002024,0.004131,0.003928,0.002103,0.002533,0.962712,0.002355,0.011289
7162,7,7,1,1.9e-05,1.4e-05,5e-06,6e-06,5e-06,9e-06,6e-06,0.9999,2e-06,3.4e-05
7163,7,7,1,0.004208,0.002717,0.001758,0.006505,0.002903,0.001371,0.004074,0.960509,0.00252,0.013435
7164,7,7,1,2.1e-05,1.9e-05,6e-06,5e-06,9e-06,4e-06,5e-06,0.9999,4e-06,2.7e-05
7165,7,7,1,0.002162,0.003883,0.004823,0.003425,0.002064,0.0023,0.001437,0.973784,0.000794,0.005328
7166,7,7,1,0.016521,0.006953,0.014488,0.009431,0.009896,0.008331,0.002108,0.904458,0.004392,0.023423
7167,7,7,1,0.006444,0.003094,0.004878,0.001701,0.002163,0.002739,0.001121,0.968589,0.000617,0.008654
7168,7,7,1,1.9e-05,1e-05,1e-05,6e-06,7e-06,1.2e-05,7e-06,0.9999,7e-06,2.3e-05
7169,7,7,1,0.007025,0.003302,0.002958,0.003334,0.003091,0.001651,0.000669,0.968882,0.001054,0.008034
7170,7,7,1,0.00391,0.008193,0.008738,0.004885,0.001328,0.005227,0.003183,0.951348,0.001629,0.011558
7171,7,7,1,0.009157,0.012162,0.008846,0.002679,0.006878,0.005283,0.003511,0.936901,0.002756,0.011827
7172,7,7,1,0.011247,0.012606,0.002945,0.007566,0.004001,0.003856,0.005857,0.927418,0.005864,0.01864
7173,7,7,1,0.004528,0.001382,0.001045,0.001981,0.001565,0.001936,0.000687,0.979265,0.001576,0.006036
7174,7,7,1,0.004536,0.002657,0.002425,0.003345,0.001623,0.005292,0.002021,0.954846,0.003459,0.019796
7175,7,7,1,6e-06,1.3e-05,1.9e-05,8e-06,3e-06,1.2e-05,7e-06,0.9999,6e-06,2.5e-05
7176,7,7,1,0.007484,0.002485,0.004967,0.003454,0.002096,0.002129,0.001138,0.969006,0.000739,0.006502
7177,7,7,1,0.001443,0.001633,0.001921,0.003764,0.004261,0.001742,0.001728,0.972619,0.001301,0.009587
7178,7,7,1,0.005377,0.006001,0.004515,0.001918,0.002316,0.000771,0.00079,0.969529,0.001937,0.006846
7179,7,7,1,0.003363,0.013861,0.006428,0.004746,0.004174,0.00775,0.001488,0.934764,0.004283,0.019144
7180,7,7,1,1.1e-05,1.6e-05,1.2e-05,1e-05,4e-06,9e-06,9e-06,0.9999,4e-06,2.6e-05
7181,7,7,1,0.007648,0.004364,0.001963,0.002307,0.003045,0.001177,0.001054,0.966864,0.001872,0.009706
7182,7,7,1,0.003056,0.006982,0.004804,0.001335,0.004787,0.001206,0.002339,0.959739,0.002321,0.01343
7183,7,7,1,2.4e-05,1.4e-05,1.5e-05,7e-06,6e-06,6e-06,3e-06,0.9999,2e-06,2.3e-05
7184,7,7,1,0.012299,0.010308,0.00355,0.006442,0.007211,0.003454,0.003685,0.937135,0.001221,0.014694
7185,7,7,1,0.015049,0.004764,0.006857,0.010053,0.011312,0.01007,0.005609,0.906953,0.004575,0.024758
7186,7,7,1,0.006093,0.007072,0.001516,0.001848,0.001365,0.003137,0.001338,0.964713,0.001248,0.01167
7187,7,7,1,0.005513,0.004,0.012327,0.002446,0.005057,0.002577,0.006642,0.937648,0.002639,0.02115
7188,7,7,1,0.002626,0.001803,0.001498,0.001182,0.000869,0.000922,0.000472,0.988159,0.000427,0.002041
7189,7,7,1,0.003429,0.007777,0.002225,0.004081,0.002633,0.0028,0.001194,0.964617,0.002239,0.009007
7190,7,7,1,1.6e-05,1.4e-05,1.5e-05,9e-06,7e-06,7e-06,5e-06,0.9999,4e-06,2.2e-05
7191,7,7,1,0.002074,0.002667,0.000771,0.003331,0.00124,0.001124,0.001089,0.980549,0.00075,0.006405
7192,7,7,1,0.013153,0.00643,0.002339,0.004835,0.004043,0.003918,0.002487,0.941729,0.003261,0.017805
7193,7,7,1,6e-06,2e-05,1.1e-05,1.1e-05,1.2e-05,9e-06,5e-06,0.9999,6e-06,1.9e-05
7194,7,7,1,0.002944,0.004263,0.002768,0.001598,0.002764,0.001812,0.002255,0.972822,0.001443,0.007332
7195,7,7,1,0.002894,0.001434,0.002544,0.003169,0.001135,0.001815,0.000858,0.970439,0.003897,0.011814
7196,7,7,1,0.004581,0.002828,0.008394,0.005573,0.003826,0.002702,0.003339,0.955978,0.001802,0.010976
7197,7,7,1,0.008726,0.005431,0.002234,0.001174,0.001241,0.001634,0.00351,0.961897,0.003476,0.010677
7198,7,7,1,0.005077,0.00409,0.001678,0.001835,0.000649,0.001535,0.000788,0.977243,0.000538,0.006568
7199,7,7,1,0.002946,0.003999,0.007297,0.004732,0.004587,0.005084,0.001069,0.95455,0.002061,0.013675
7200,7,7,1,5e-06,2e-05,5e-06,1.4e-05,6e-06,1.2e-05,3e-06,0.9999,3e-06,3.1e-05
7201,7,7,1,0.020276,0.010671,0.010992,0.01071,0.005978,0.003329,0.005101,0.913646,0.003767,0.01553
7202,7,7,1,0.013243,0.010412,0.011979,0.00444,0.006389,0.002932,0.002858,0.927321,0.002222,0.018204
7203,7,7,1,0.011904,0.00699,0.008176,0.004888,0.004773,0.001644,0.003027,0.945478,0.000829,0.012291
7204,7,7,1,1.7e-05,1.7e-05,6e-06,7e-06,6e-06,1e-05,6e-06,0.9999,2e-06,2.8e-05
7205,7,7,1,0.003603,0.003934,0.002234,0.003299,0.002641,0.002033,0.001599,0.974956,0.00112,0.00458
7206,7,7,1,0.01016,0.007053,0.002282,0.007284,0.005506,0.003558,0.003714,0.948024,0.001815,0.010605
7207,7,7,1,0.005734,0.010056,0.004882,0.004371,0.005654,0.001632,0.001418,0.949462,0.002228,0.014562
7208,7,7,1,2.4e-05,5e-06,1.8e-05,4e-06,8e-06,4e-06,9e-06,0.9999,6e-06,2.2e-05
7209,7,7,1,0.009615,0.005092,0.009928,0.003927,0.010904,0.003398,0.006923,0.918411,0.00363,0.028172
7210,7,7,1,0.004908,0.002083,0.002296,0.001169,0.001247,0.00301,0.001148,0.97253,0.002811,0.008797
7211,7,7,1,0.001953,0.000886,0.001154,0.000709,0.000536,0.000435,0.000208,0.990514,0.000417,0.003188
7212,7,7,1,0.011171,0.005531,0.01205,0.003471,0.005546,0.007772,0.001631,0.93006,0.001197,0.021569
7213,7,7,1,0.008242,0.006751,0.005028,0.002179,0.004377,0.00667,0.001261,0.94247,0.004163,0.018859
7214,7,7,1,0.005582,0.003913,0.003098,0.001886,0.001704,0.002131,0.003712,0.964554,0.002393,0.011025
7215,7,7,1,0.003694,0.009399,0.004573,0.005893,0.002202,0.002982,0.004022,0.954924,0.001345,0.010967
7216,7,7,1,0.001991,0.003738,0.001929,0.002689,0.003283,0.001653,0.002977,0.969405,0.002704,0.009631
7217,7,7,1,0.006392,0.007944,0.005025,0.00404,0.004022,0.001566,0.000762,0.958912,0.001858,0.009478
7218,7,7,1,0.001903,0.002021,0.001329,0.000691,0.002033,0.001996,0.001905,0.981931,0.000343,0.005848
7219,7,7,1,0.000802,0.000835,0.000885,0.000269,0.000321,0.000168,0.000408,0.994574,0.000422,0.001315
7220,7,7,1,0.010204,0.003447,0.012304,0.004204,0.007559,0.005667,0.002862,0.924237,0.00476,0.024756
7221,7,7,1,0.002819,0.003054,0.001458,0.002668,0.003029,0.003532,0.001231,0.966779,0.001859,0.013573
7222,7,7,1,0.00124,0.002305,0.000463,0.001386,0.001584,0.001083,0.000779,0.988248,0.000637,0.002274
7223,7,7,1,0.003171,0.002133,0.001361,0.001907,0.002373,0.001798,0.001371,0.979279,0.000882,0.005726
7224,7,7,1,0.00115,0.003301,0.004101,0.002,0.002571,0.001571,0.000949,0.978627,0.000352,0.005377
7225,7,7,1,0.00437,0.004571,0.007338,0.002671,0.004556,0.001693,0.000807,0.960783,0.002088,0.011123
7226,7,7,1,0.009144,0.013789,0.005036,0.015577,0.005341,0.005944,0.003242,0.897762,0.009169,0.034998
7227,7,7,1,0.006199,0.003735,0.00232,0.005713,0.001191,0.004056,0.002283,0.959745,0.000902,0.013855
7228,7,7,1,0.007288,0.00286,0.001782,0.001478,0.003988,0.001506,0.003469,0.966942,0.002445,0.008244
7229,7,7,1,0.018383,0.012719,0.006404,0.00816,0.002272,0.003202,0.005032,0.925401,0.00279,0.015636
7230,7,7,1,0.005956,0.004367,0.003632,0.007068,0.00551,0.006505,0.004319,0.946546,0.001944,0.014155
7231,7,7,1,0.001917,0.003872,0.001328,0.000705,0.002743,0.001715,0.00074,0.980358,0.000581,0.006042
7232,7,7,1,0.010702,0.006394,0.003095,0.00265,0.001796,0.003232,0.001433,0.953376,0.003541,0.013781
7233,7,7,1,0.003779,0.007946,0.002447,0.002543,0.005449,0.002056,0.003808,0.956635,0.003505,0.011831
7234,7,7,1,0.003247,0.002721,0.000961,0.001717,0.001522,0.001597,0.001378,0.981646,0.000967,0.004244
7235,7,7,1,0.009684,0.005764,0.001314,0.003915,0.001416,0.002261,0.002936,0.961122,0.00065,0.010938
7236,7,7,1,0.006143,0.004464,0.002111,0.002415,0.002194,0.001474,0.001576,0.972791,0.000973,0.005859
7237,7,7,1,0.005355,0.004344,0.00822,0.003816,0.007009,0.004665,0.006507,0.938884,0.00416,0.017041
7238,7,7,1,0.002361,0.00442,0.002963,0.001508,0.001982,0.001065,0.001079,0.979806,0.000259,0.004557
7239,7,7,1,0.00279,0.002203,0.000885,0.001441,0.000967,0.0012,0.001169,0.985663,0.000322,0.003359
7240,7,7,1,0.004936,0.003513,0.002198,0.003133,0.001778,0.000593,0.000505,0.975528,0.001766,0.006051
7241,7,7,1,7e-06,1.3e-05,9e-06,1.3e-05,1.1e-05,9e-06,7e-06,0.9999,4e-06,2.6e-05
7242,7,7,1,0.007873,0.005953,0.001655,0.001613,0.003571,0.002602,0.001642,0.966619,0.000909,0.007564
7243,7,7,1,0.002603,0.00475,0.005506,0.003961,0.004108,0.001844,0.002698,0.960407,0.001364,0.01276
7244,7,7,1,0.011551,0.006651,0.00728,0.004095,0.003079,0.003256,0.00166,0.951916,0.001214,0.009298
7245,7,7,1,0.005463,0.012207,0.01123,0.004378,0.009126,0.002676,0.002177,0.916054,0.002121,0.034568
7246,7,7,1,0.001921,0.000733,0.002678,0.002129,0.00091,0.001114,0.000352,0.98406,0.000574,0.005529
7247,7,7,1,0.004206,0.004142,0.002654,0.002217,0.001335,0.00125,0.002335,0.973887,0.000434,0.007539
7248,7,7,1,0.001951,0.001618,0.002354,0.001612,0.002203,0.001657,0.001002,0.977444,0.001915,0.008242
7249,7,7,1,0.013974,0.007194,0.011304,0.007695,0.001743,0.005984,0.001775,0.930797,0.004551,0.014982
7250,7,7,1,0.001713,0.003336,0.002211,0.002365,0.001578,0.002836,0.001616,0.97699,0.001751,0.005604
7251,7,7,1,0.010568,0.008242,0.009926,0.011394,0.003428,0.003446,0.005594,0.922908,0.003635,0.02086
7252,7,7,1,0.006065,0.004165,0.003488,0.004144,0.001184,0.001204,0.001366,0.969011,0.001907,0.007466
7253,7,7,1,0.003866,0.001977,0.002933,0.001123,0.000985,0.000734,0.000726,0.981142,0.001508,0.005007
7254,7,7,1,1.2e-05,2e-05,1.6e-05,9e-06,2e-06,7e-06,6e-06,0.9999,4e-06,2.4e-05
7255,7,7,1,0.027527,0.015176,0.019699,0.006784,0.010664,0.005545,0.0058,0.877771,0.001698,0.029336
7256,7,7,1,0.012456,0.010612,0.00606,0.002745,0.004844,0.004116,0.001358,0.934214,0.00588,0.017715
7257,7,7,1,0.004429,0.001965,0.004364,0.004045,0.001826,0.001436,0.004668,0.961397,0.002955,0.012916
7258,7,7,1,0.001981,0.004973,0.003741,0.003984,0.003134,0.002565,0.002444,0.962293,0.002299,0.012586
7259,7,7,1,0.009206,0.004365,0.007184,0.005315,0.003262,0.004339,0.00331,0.95107,0.001506,0.010442
7260,7,7,1,0.004777,0.002593,0.003292,0.002025,0.002882,0.001305,0.000719,0.974799,0.001833,0.005775
7261,7,7,1,0.002989,0.002594,0.002009,0.000911,0.001068,0.000607,0.000688,0.986281,0.000696,0.002157
7262,7,7,1,0.004833,0.007509,0.003621,0.005826,0.003317,0.001272,0.003022,0.959628,0.002193,0.008778
7263,7,7,1,0.002922,0.0026,0.000868,0.00128,0.001177,0.000981,0.001523,0.982888,0.001396,0.004366
7264,7,7,1,0.009608,0.003197,0.003472,0.002837,0.006181,0.001408,0.0049,0.9477,0.002829,0.017868
7265,7,7,1,0.007345,0.007503,0.008332,0.004491,0.003893,0.004041,0.000938,0.948964,0.002537,0.011956
7266,7,7,1,0.012558,0.004583,0.011964,0.003594,0.006702,0.002112,0.006371,0.931113,0.00201,0.018992
7267,7,7,1,0.006619,0.001516,0.00473,0.003499,0.002623,0.003142,0.000741,0.966687,0.002231,0.008212
7268,7,7,1,0.000909,0.002728,0.000587,0.001504,0.001268,0.001652,0.000904,0.985662,0.000407,0.004379
7269,7,7,1,1e-05,2.1e-05,1.2e-05,6e-06,1.2e-05,5e-06,2e-06,0.9999,4e-06,2.7e-05
7270,7,7,1,0.008059,0.00522,0.002702,0.006282,0.001125,0.00316,0.00113,0.956072,0.001014,0.015235
7271,7,7,1,0.017463,0.004235,0.005953,0.009515,0.006175,0.007049,0.004267,0.920455,0.003127,0.021761
7272,7,7,1,0.003866,0.006586,0.002138,0.001596,0.002465,0.001921,0.001061,0.969741,0.000628,0.009997
7273,7,7,1,0.011054,0.012164,0.006289,0.006592,0.010904,0.002234,0.00446,0.919775,0.003755,0.022772
7274,7,7,1,0.00891,0.004614,0.004191,0.004034,0.002659,0.006121,0.002884,0.94619,0.00435,0.016048
7275,7,7,1,0.009474,0.007762,0.003456,0.007459,0.001824,0.004791,0.004315,0.942146,0.002182,0.016591
7276,7,7,1,0.001533,0.005036,0.003373,0.004452,0.001907,0.003369,0.001413,0.969464,0.002118,0.007335
7277,7,7,1,0.00286,0.004699,0.004724,0.005487,0.001696,0.006632,0.005121,0.95332,0.003208,0.012252
7278,7,7,1,0.017842,0.00954,0.006888,0.02279,0.005096,0.005684,0.00776,0.874147,0.002866,0.047387
7279,7,7,1,0.002599,0.004284,0.003061,0.003574,0.007354,0.005422,0.001855,0.949801,0.004573,0.017477
7280,7,7,1,0.007135,0.003072,0.005386,0.002758,0.002028,0.002775,0.002552,0.966235,0.001693,0.006366
7281,7,7,1,0.002752,0.009248,0.002264,0.004248,0.004772,0.003756,0.001428,0.959,0.001726,0.010806
7282,7,7,1,0.005558,0.006638,0.003329,0.005485,0.001538,0.00365,0.003183,0.954421,0.002368,0.013829
7283,7,7,1,0.006743,0.006508,0.002624,0.003031,0.001583,0.001713,0.000987,0.964671,0.001256,0.010884
7284,7,7,1,0.011466,0.006154,0.003109,0.004599,0.004056,0.001745,0.002853,0.950308,0.00273,0.012981
7285,7,7,1,0.007744,0.004939,0.005362,0.005796,0.003931,0.004563,0.002184,0.952158,0.001205,0.012118
7286,7,7,1,0.010071,0.006112,0.006499,0.002016,0.008028,0.002933,0.004257,0.941651,0.00335,0.015083
7287,7,7,1,0.011164,0.008823,0.004778,0.007578,0.012032,0.010001,0.00542,0.915173,0.002774,0.022257
7288,7,7,1,0.016414,0.011847,0.022842,0.01787,0.003372,0.003509,0.012884,0.869442,0.007526,0.034293
7289,7,7,1,0.003965,0.004677,0.001368,0.003228,0.001625,0.001261,0.002004,0.973767,0.00066,0.007447
7290,7,7,1,0.005708,0.003509,0.005914,0.002436,0.002734,0.002582,0.000733,0.96362,0.001999,0.010766
7291,7,7,1,0.005839,0.005401,0.003191,0.008454,0.002577,0.005497,0.004191,0.951046,0.001188,0.012615
7292,7,7,1,0.011624,0.013801,0.00339,0.004416,0.012841,0.009112,0.00195,0.915317,0.00507,0.022479
7293,7,7,1,0.001173,0.000834,0.000893,0.000754,0.000161,0.000522,0.00026,0.994013,0.000332,0.001057
7294,7,7,1,0.008334,0.003243,0.006144,0.007063,0.003495,0.002787,0.002297,0.939368,0.002422,0.024846
7295,7,7,1,0.008418,0.011361,0.004819,0.003808,0.002877,0.006149,0.001157,0.94314,0.003659,0.014613
7296,7,7,1,0.000437,0.000372,0.000429,0.001024,0.000286,0.000481,0.000247,0.994087,0.00034,0.002298
7297,7,7,1,0.010084,0.004693,0.004977,0.003875,0.003166,0.003318,0.002932,0.958142,0.001443,0.00737
7298,7,7,1,0.012848,0.009051,0.001597,0.005475,0.003627,0.001914,0.001886,0.948044,0.0026,0.012958
7299,7,7,1,0.005885,0.004128,0.010079,0.00872,0.002341,0.002232,0.004987,0.941103,0.005092,0.015433
7300,7,7,1,0.010735,0.007101,0.004389,0.004856,0.002354,0.001107,0.001701,0.956065,0.001061,0.01063
7301,7,7,1,0.018445,0.018301,0.005742,0.006385,0.016641,0.003167,0.0047,0.877325,0.004658,0.044636
7302,7,7,1,0.017627,0.01192,0.011667,0.002203,0.008102,0.007476,0.004698,0.918196,0.001614,0.016497
7303,7,7,1,0.003502,0.004133,0.002481,0.005026,0.002243,0.001254,0.002355,0.967318,0.001056,0.01063
7304,7,7,1,0.000742,0.000972,0.000833,0.000852,0.000674,0.000262,0.000127,0.993746,0.00037,0.001422
7305,7,7,1,0.004132,0.001156,0.002663,0.001928,0.001366,0.000973,0.000728,0.981695,0.001298,0.004061
7306,7,7,1,0.00687,0.002739,0.002001,0.004495,0.001845,0.003795,0.002668,0.964274,0.00274,0.008573
7307,7,7,1,0.01147,0.013081,0.003163,0.004633,0.004722,0.003475,0.002731,0.930852,0.001345,0.024529
7308,7,7,1,9.8e-05,0.000154,9.1e-05,6.5e-05,0.000152,4.1e-05,3.3e-05,0.998969,7.2e-05,0.000323
7309,7,7,1,0.002128,0.003284,0.000632,0.000966,0.00162,0.001328,0.001347,0.982577,0.000958,0.005159
7310,7,7,1,0.004061,0.006878,0.001491,0.005027,0.00321,0.002868,0.001436,0.965202,0.002317,0.007511
7311,7,7,1,0.00256,0.001353,0.000435,0.001444,0.00045,0.000594,0.000774,0.989246,0.000397,0.002748
7312,7,7,1,0.004004,0.002132,0.00459,0.003014,0.001938,0.001192,0.001874,0.968988,0.001055,0.011213
7313,7,7,1,0.007545,0.003497,0.00781,0.007849,0.008011,0.004986,0.004158,0.931873,0.005467,0.018803
7314,7,7,1,0.000354,0.000239,0.000275,0.000199,7e-05,0.00015,0.0002,0.99778,8e-05,0.000651
7315,7,7,1,0.015046,0.003191,0.009704,0.001725,0.006179,0.004231,0.004592,0.939657,0.001124,0.014551
7316,7,7,1,0.000308,0.000832,0.00059,0.00044,0.000302,0.000312,0.000241,0.996001,9.6e-05,0.000877
7317,7,7,1,0.011461,0.00368,0.007834,0.002034,0.004545,0.004492,0.006147,0.9406,0.001822,0.017386
7318,7,7,1,0.009739,0.007446,0.007431,0.011484,0.006844,0.007728,0.004975,0.924623,0.003761,0.015968
7319,7,7,1,2.4e-05,1e-05,1.2e-05,1.3e-05,9e-06,4e-06,1e-06,0.9999,1e-06,2.6e-05
7320,7,7,1,0.007727,0.001948,0.006704,0.001966,0.006053,0.001345,0.002934,0.956234,0.002632,0.012457
7321,7,7,1,0.000414,0.001357,0.00134,0.001008,0.00034,0.000387,0.000445,0.991827,0.000403,0.002478
7322,7,7,1,0.014443,0.011925,0.005182,0.00368,0.00679,0.005243,0.004831,0.931247,0.003619,0.01304
7323,7,7,1,0.001552,0.004826,0.003387,0.001346,0.001869,0.000927,0.002034,0.976361,0.001914,0.005784
7324,7,7,1,0.004064,0.003529,0.002768,0.001571,0.002808,0.00141,0.000905,0.975756,0.001785,0.005403
7325,7,7,1,0.00126,0.002707,0.001964,0.00271,0.001246,0.002014,0.000479,0.981451,0.000797,0.005373
7326,7,7,1,0.005648,0.004693,0.004112,0.002072,0.002875,0.002539,0.002085,0.96516,0.002612,0.008204
7327,7,7,1,0.006466,0.009818,0.009816,0.002437,0.006077,0.004493,0.002348,0.941533,0.002617,0.014396
7328,7,7,1,5e-06,1.8e-05,6e-06,7e-06,7e-06,1.4e-05,1e-05,0.9999,2e-06,3.1e-05
7329,7,7,1,2.4e-05,9e-06,4e-06,1.1e-05,1.1e-05,7e-06,6e-06,0.9999,4e-06,2.3e-05
7330,7,7,1,0.002991,0.003688,0.000935,0.002169,0.001077,0.001318,0.001056,0.977496,0.001382,0.007889
7331,7,7,1,0.001835,0.005815,0.004019,0.004548,0.004076,0.002941,0.00269,0.963373,0.000686,0.010016
7332,7,7,1,0.002112,0.001796,0.005267,0.002686,0.00281,0.001826,0.001511,0.973694,0.001606,0.006692
7333,7,7,1,0.002276,0.005652,0.003328,0.00536,0.002966,0.00207,0.002451,0.96617,0.000759,0.008969
7334,7,7,1,2.2e-05,1.8e-05,9e-06,1.1e-05,4e-06,9e-06,3e-06,0.9999,2e-06,2.2e-05
7335,7,7,1,0.013445,0.013862,0.006223,0.008213,0.004999,0.007052,0.006058,0.91781,0.004157,0.018181
7336,7,7,1,0.001335,0.004207,0.002032,0.003433,0.002631,0.00077,0.002652,0.97438,0.001089,0.007472
7337,7,7,1,0.005128,0.007471,0.003631,0.009655,0.009894,0.007436,0.005832,0.93101,0.001868,0.018075
7338,7,7,1,0.001476,0.003727,0.001166,0.001886,0.001902,0.000652,0.00228,0.978595,0.000589,0.007728
7339,7,7,1,0.006228,0.009735,0.001835,0.002053,0.004601,0.003632,0.003295,0.948914,0.002486,0.01722
7340,7,7,1,0.006915,0.010648,0.008464,0.005795,0.001209,0.004029,0.001557,0.948469,0.003223,0.009691
7341,7,7,1,0.003946,0.009854,0.012094,0.009655,0.003215,0.002904,0.001678,0.934562,0.004649,0.017442
7342,7,7,1,0.008552,0.012264,0.006554,0.006473,0.005615,0.003299,0.001017,0.94161,0.0032,0.011418
7343,7,7,1,0.009596,0.004192,0.00537,0.004487,0.002823,0.001141,0.00132,0.959697,0.002268,0.009106
7344,7,7,1,0.00556,0.004041,0.004379,0.002301,0.001175,0.003695,0.00108,0.967332,0.002432,0.008004
7345,7,7,1,0.007831,0.009487,0.004282,0.004397,0.008109,0.002707,0.006914,0.934924,0.003409,0.017941
7346,7,7,1,0.001356,0.000917,0.001633,0.001335,0.000714,0.001028,0.000603,0.989524,0.000579,0.002311
7347,7,7,1,0.004337,0.003046,0.001234,0.002342,0.001514,0.001416,0.001125,0.978324,0.000773,0.00589
7348,7,7,1,0.012436,0.002873,0.002856,0.007723,0.00415,0.003622,0.004215,0.943061,0.004595,0.014469
7349,7,7,1,0.004789,0.011765,0.010901,0.005494,0.006012,0.006147,0.003789,0.932344,0.004446,0.014314
7350,7,7,1,0.023213,0.006825,0.009887,0.013183,0.007512,0.008573,0.006685,0.888188,0.008347,0.027587
7351,7,7,1,0.002699,0.001511,0.002118,0.002975,0.001468,0.001196,0.001137,0.976007,0.002183,0.008707
7352,7,7,1,0.00254,0.001277,0.000453,0.000484,0.001705,0.000809,0.00057,0.988095,0.000761,0.003307
7353,7,7,1,0.011694,0.011041,0.007143,0.008778,0.005278,0.006284,0.002136,0.92937,0.00319,0.015086
7354,7,7,1,7e-06,5e-06,1.5e-05,1.6e-05,8e-06,5e-06,1e-05,0.9999,4e-06,3e-05
7355,7,7,1,0.008826,0.002516,0.003725,0.005537,0.002334,0.004101,0.00336,0.959118,0.000808,0.009676
7356,7,7,1,0.006706,0.011459,0.011542,0.008447,0.009261,0.002453,0.007714,0.912887,0.002543,0.026989
7357,7,7,1,0.011144,0.006577,0.011841,0.009908,0.003189,0.005562,0.001717,0.926694,0.003048,0.020321
7358,7,7,1,1e-05,1.5e-05,1.3e-05,1.1e-05,6e-06,4e-06,6e-06,0.9999,9e-06,2.7e-05
7359,7,7,1,0.000194,0.000113,3.2e-05,6.7e-05,5.4e-05,7e-05,2.4e-05,0.999071,8.3e-05,0.000292
7360,7,7,1,1.6e-05,1.2e-05,7e-06,1.3e-05,9e-06,9e-06,5e-06,0.9999,2e-06,2.7e-05
7361,7,7,1,0.014018,0.010201,0.007451,0.003287,0.003945,0.002731,0.004923,0.934274,0.002693,0.016478
7362,7,7,1,0.00142,0.001063,0.002692,0.002411,0.001565,0.000692,0.001496,0.982728,0.00122,0.004714
7363,7,7,1,0.000997,0.000489,0.001405,0.001442,0.00081,0.000416,0.001088,0.989927,0.000377,0.003049
7364,7,7,1,0.008823,0.018681,0.014866,0.00884,0.008014,0.006925,0.004945,0.912187,0.002225,0.014494
7365,7,7,1,0.003192,0.004223,0.001444,0.001009,0.001722,0.00073,0.001245,0.978935,0.000702,0.006799
7366,7,7,1,0.004151,0.007629,0.005552,0.00173,0.002772,0.002765,0.002391,0.961988,0.001135,0.009887
7367,7,7,1,0.013156,0.014368,0.00905,0.005591,0.006852,0.006207,0.002323,0.909667,0.001803,0.030983
7368,7,7,1,0.015958,0.0105,0.011955,0.010261,0.005905,0.002539,0.00336,0.918089,0.002348,0.019086
7369,7,7,1,0.000106,0.000288,0.000244,0.000182,0.000154,0.000186,7.3e-05,0.998224,0.000104,0.00044
7370,7,7,1,1.8e-05,8e-06,1.2e-05,7e-06,7e-06,8e-06,8e-06,0.9999,3e-06,3e-05
7371,7,7,1,0.002358,0.006959,0.001326,0.004565,0.00102,0.003505,0.000606,0.969658,0.000874,0.00913
7372,7,7,1,7e-06,1e-05,8e-06,8e-06,1.3e-05,8e-06,1.2e-05,0.9999,6e-06,2.9e-05
7373,7,7,1,0.012988,0.004909,0.005629,0.007976,0.002965,0.004252,0.005186,0.937708,0.002174,0.016213
7374,7,7,1,0.010448,0.012137,0.008764,0.004391,0.008034,0.008074,0.00546,0.92087,0.004104,0.017719
7375,7,7,1,0.004389,0.010976,0.003248,0.005689,0.007245,0.00623,0.003121,0.938116,0.002229,0.018756
7376,7,7,1,0.012093,0.00424,0.003772,0.004324,0.002989,0.004154,0.005281,0.945457,0.003591,0.014099
7377,7,7,1,0.001532,0.000424,0.000651,0.001001,0.000715,0.000524,0.000296,0.993368,0.000215,0.001273
7378,7,7,1,0.009576,0.005804,0.003942,0.008668,0.003739,0.001829,0.005972,0.938813,0.001252,0.020405
7379,7,7,1,0.002651,0.004278,0.001837,0.001531,0.004333,0.004337,0.003109,0.966006,0.001519,0.0104
7380,7,7,1,0.002585,0.008461,0.005792,0.002682,0.001427,0.001753,0.002605,0.96173,0.002875,0.010091
7381,7,7,1,7e-06,8e-06,7e-06,1.9e-05,1e-05,9e-06,3e-06,0.9999,7e-06,2.9e-05
7382,7,7,1,0.007297,0.005569,0.002844,0.004164,0.001684,0.002583,0.003302,0.95903,0.001539,0.011989
7383,7,7,1,0.001755,0.003605,0.003695,0.003805,0.000731,0.000959,0.000885,0.975183,0.000868,0.008514
7384,7,7,1,0.005284,0.01067,0.009425,0.006061,0.005246,0.003537,0.001887,0.936547,0.005013,0.016329
7385,7,7,1,8e-06,2.2e-05,1.1e-05,1.2e-05,5e-06,4e-06,7e-06,0.9999,5e-06,2.5e-05
7386,7,7,1,0.006791,0.001959,0.003446,0.002123,0.005586,0.002941,0.001143,0.960987,0.002847,0.012176
7387,7,7,1,0.007153,0.008237,0.0039,0.002185,0.002311,0.002476,0.003634,0.95544,0.002897,0.011766
7388,7,7,1,0.004598,0.005331,0.005995,0.002442,0.001109,0.003465,0.004122,0.960174,0.001569,0.011195
7389,7,7,1,0.003167,0.004997,0.004433,0.004634,0.003528,0.001375,0.001334,0.961156,0.00134,0.014037
7390,7,7,1,0.009181,0.005118,0.004722,0.00263,0.001463,0.002911,0.001419,0.955792,0.001836,0.014927
7391,7,7,1,0.003531,0.008409,0.010185,0.007392,0.006607,0.003897,0.004355,0.935885,0.003476,0.016263
7392,7,7,1,0.004186,0.005463,0.001932,0.003281,0.002773,0.001296,0.001053,0.972784,0.001227,0.006004
7393,7,7,1,0.008968,0.003181,0.005404,0.001503,0.006289,0.001558,0.004178,0.954972,0.003239,0.010707
7394,7,7,1,1.8e-05,1e-05,1.4e-05,1.3e-05,9e-06,4e-06,3e-06,0.9999,5e-06,2.3e-05
7395,7,7,1,0.001902,0.000562,0.000429,0.001589,0.001218,0.000567,0.000673,0.990601,0.00052,0.00194
7396,7,7,1,0.001685,0.001098,0.003328,0.002148,0.001016,0.001228,0.000846,0.982779,0.000988,0.004883
7397,7,7,1,0.015069,0.013661,0.002598,0.006265,0.002329,0.006752,0.004818,0.924232,0.002846,0.021432
7398,7,7,1,0.006062,0.003169,0.000998,0.002411,0.002203,0.001515,0.001825,0.971488,0.001573,0.008755
7399,7,7,1,0.012847,0.002059,0.006543,0.003996,0.005036,0.005395,0.003454,0.94776,0.001758,0.011153
7400,7,7,1,0.003827,0.003097,0.002294,0.001954,0.001391,0.000621,0.000621,0.982918,0.000548,0.002728
7401,7,7,1,0.011442,0.003998,0.007172,0.005516,0.003616,0.001838,0.001083,0.953282,0.000951,0.011101
7402,7,7,1,0.014149,0.009628,0.012496,0.007709,0.006622,0.006053,0.002687,0.922017,0.003942,0.014698
7403,7,7,1,0.007062,0.004728,0.002154,0.005158,0.002819,0.003363,0.00218,0.961804,0.00141,0.009321
7404,7,7,1,0.010463,0.013729,0.006188,0.008307,0.002103,0.002279,0.006601,0.928718,0.001305,0.020307
7405,7,7,1,0.011736,0.007388,0.005407,0.002185,0.004561,0.001933,0.004247,0.948251,0.002915,0.011378
7406,7,7,1,0.007024,0.002383,0.003653,0.004756,0.000904,0.004019,0.00083,0.964424,0.002431,0.009577
7407,7,7,1,0.005023,0.005808,0.001363,0.003576,0.002718,0.001548,0.002753,0.965863,0.001525,0.009823
7408,7,7,1,0.006968,0.004063,0.008561,0.007829,0.005898,0.001756,0.00281,0.948848,0.002577,0.010689
7409,7,7,1,0.003282,0.003918,0.007615,0.00161,0.002155,0.003212,0.002948,0.961209,0.001946,0.012106
7410,7,7,1,0.009237,0.001651,0.006959,0.002005,0.004448,0.003282,0.002909,0.959475,0.000576,0.009456
7411,7,7,1,0.002743,0.004909,0.006778,0.003616,0.001507,0.001258,0.004361,0.961129,0.002164,0.011534
7412,7,7,1,0.014474,0.013756,0.002858,0.003633,0.008827,0.003491,0.004299,0.92452,0.001518,0.022624
7413,7,7,1,0.006804,0.005278,0.003759,0.003982,0.004269,0.005406,0.003404,0.945704,0.005342,0.016052
7414,7,7,1,0.005093,0.006435,0.005664,0.002193,0.003098,0.003564,0.00438,0.953976,0.002991,0.012606
7415,7,7,1,0.0183,0.008893,0.00635,0.004974,0.00863,0.005351,0.005716,0.921508,0.002897,0.01738
7416,7,7,1,0.007934,0.001983,0.004109,0.002659,0.002756,0.001942,0.001954,0.967333,0.001181,0.008149
7417,7,7,1,0.004617,0.003101,0.009152,0.005571,0.004099,0.002276,0.003959,0.953466,0.000772,0.012986
7418,7,7,1,0.013625,0.005368,0.017589,0.004725,0.00365,0.012056,0.011278,0.897758,0.004383,0.029568
7419,7,7,1,0.005716,0.004584,0.0041,0.011403,0.004801,0.006945,0.002742,0.938792,0.004405,0.016511
7420,7,7,1,0.005439,0.003331,0.006546,0.005465,0.001922,0.002416,0.004623,0.954164,0.001918,0.014177
7421,7,7,1,0.005658,0.009885,0.008241,0.005399,0.005978,0.005127,0.001699,0.937522,0.001163,0.019328
7422,7,7,1,0.00448,0.011874,0.003336,0.008887,0.004764,0.004952,0.001545,0.943738,0.003046,0.013378
7423,7,7,1,2e-05,1.5e-05,8e-06,8e-06,9e-06,2e-06,5e-06,0.9999,2e-06,3.1e-05
7424,7,7,1,0.00152,0.002708,0.001132,0.000523,0.000843,0.001449,0.000466,0.98705,0.000529,0.00378
7425,7,7,1,0.008655,0.00952,0.005676,0.00184,0.006821,0.003955,0.001052,0.946077,0.002132,0.014272
7426,7,7,1,0.001693,0.001492,0.000859,0.001052,0.000706,0.000286,0.000409,0.990934,0.000149,0.00242
7427,7,7,1,0.007135,0.005314,0.004804,0.00267,0.003321,0.002518,0.001133,0.965848,0.000719,0.006538
7428,7,7,1,0.013303,0.005904,0.016795,0.005273,0.008037,0.009625,0.001605,0.910604,0.005363,0.023492
7429,7,7,1,0.015663,0.009688,0.008542,0.003887,0.009572,0.005445,0.005834,0.919705,0.001941,0.019722
7430,7,7,1,1.7e-05,6e-06,9e-06,9e-06,3e-06,6e-06,7e-06,0.9999,3e-06,3.9e-05
7431,7,7,1,0.003428,0.005014,0.005445,0.001313,0.002102,0.003165,0.003987,0.961837,0.002015,0.011695
7432,7,7,1,0.001334,0.004045,0.003959,0.003025,0.001189,0.001531,0.000499,0.977965,0.001024,0.005429
7433,7,7,1,0.007887,0.004174,0.004862,0.000991,0.001742,0.001173,0.002094,0.966936,0.001042,0.0091
7434,7,7,1,0.006503,0.00657,0.002035,0.00183,0.003204,0.002891,0.001156,0.964418,0.002039,0.009354
7435,7,7,1,0.000817,0.000967,0.001155,0.001945,0.000575,0.001038,0.001018,0.987759,0.000428,0.004298
7436,7,7,1,0.008342,0.003824,0.00275,0.004824,0.003728,0.00398,0.004564,0.952548,0.003311,0.012129
7437,7,7,1,0.011025,0.007138,0.007514,0.003727,0.006965,0.005215,0.000948,0.940323,0.003027,0.014118
7438,7,7,1,0.003098,0.010334,0.009681,0.006229,0.001361,0.004789,0.003184,0.944818,0.002209,0.014298
7439,7,7,1,0.00521,0.005612,0.003593,0.00665,0.001813,0.00327,0.001336,0.958708,0.00136,0.012448
7440,7,7,1,0.005967,0.006852,0.0086,0.00615,0.004083,0.005485,0.001029,0.945477,0.001465,0.014893
7441,7,7,1,0.017259,0.011781,0.003721,0.003442,0.006453,0.003147,0.003246,0.930031,0.002355,0.018565
7442,7,7,1,0.006183,0.001392,0.004444,0.002971,0.001448,0.002052,0.001509,0.973788,0.00127,0.004943
7443,7,7,1,1.6e-05,1.9e-05,7e-06,1.3e-05,8e-06,5e-06,8e-06,0.9999,3e-06,2.1e-05
7444,7,7,1,0.004574,0.000858,0.001601,0.002497,0.002404,0.001855,0.000361,0.979096,0.000933,0.00582
7445,7,7,1,0.005869,0.0128,0.00543,0.006285,0.002281,0.006231,0.001652,0.939652,0.00304,0.016761
7446,7,7,1,0.002331,0.000991,0.002977,0.002188,0.000836,0.002698,0.000461,0.9789,0.000752,0.007865
7447,7,7,1,0.003593,0.005861,0.005226,0.005478,0.002758,0.002906,0.001466,0.963122,0.001281,0.00831
7448,7,7,1,0.003913,0.002261,0.001108,0.001873,0.001299,0.001162,0.000793,0.983262,0.000296,0.004034
7449,7,7,1,0.015239,0.003467,0.011654,0.002306,0.003105,0.005847,0.005965,0.929556,0.002477,0.020382
7450,7,7,1,0.002924,0.003116,0.002324,0.001759,0.004393,0.003865,0.001274,0.968356,0.000689,0.0113
7451,7,7,1,0.00149,0.001348,0.004142,0.001409,0.001805,0.000691,0.000727,0.976074,0.000934,0.011381
7452,7,7,1,0.004639,0.005245,0.005274,0.001342,0.001257,0.003048,0.001503,0.960561,0.000925,0.016206
7453,7,7,1,0.007242,0.003577,0.003536,0.002214,0.003312,0.002516,0.002182,0.961682,0.001132,0.012607
7454,7,7,1,0.001929,0.002606,0.001506,0.001218,0.00252,0.000459,0.000809,0.9813,0.000922,0.006732
7455,7,7,1,0.011836,0.018272,0.007732,0.002671,0.009434,0.009515,0.004279,0.911635,0.004996,0.019629
7456,7,7,1,0.000167,0.000182,0.000109,0.000137,0.000109,0.000183,5.7e-05,0.998548,8.1e-05,0.000426
7457,7,7,1,0.005591,0.00869,0.00459,0.008801,0.002923,0.004113,0.004789,0.941943,0.003214,0.015345
7458,7,7,1,0.005948,0.011674,0.002348,0.00385,0.005583,0.004372,0.004204,0.940305,0.001788,0.019927
7459,7,7,1,1.7e-05,8e-06,1.5e-05,1.1e-05,7e-06,6e-06,6e-06,0.9999,7e-06,2.2e-05
7460,7,7,1,0.004184,0.007324,0.005274,0.003531,0.003904,0.003423,0.001442,0.960674,0.001891,0.008353
7461,7,7,1,0.0116,0.005678,0.009522,0.005898,0.002837,0.008402,0.001986,0.922845,0.003354,0.02788
7462,7,7,1,0.003231,0.003704,0.001604,0.000792,0.002484,0.000996,0.001611,0.97991,0.00058,0.005088
7463,7,7,1,0.006366,0.0045,0.001436,0.003246,0.002765,0.001372,0.000401,0.97275,0.001237,0.005927
7464,7,7,1,0.007464,0.008783,0.004868,0.002716,0.004769,0.003333,0.001818,0.953234,0.001341,0.011674
7465,7,7,1,0.006765,0.017032,0.008474,0.008783,0.002761,0.005945,0.002431,0.912184,0.004221,0.031403
7466,7,7,1,0.018328,0.012597,0.003466,0.007602,0.004513,0.002475,0.003538,0.924958,0.002765,0.019759
7467,7,7,1,0.000806,0.001838,0.001488,0.000508,0.001317,0.000468,0.000804,0.989153,0.000796,0.002821
7468,7,7,1,0.002569,0.004063,0.001922,0.00369,0.002231,0.001397,0.0019,0.975787,0.001068,0.005373
7469,7,7,1,0.004371,0.008569,0.003113,0.001838,0.002323,0.002115,0.001229,0.957593,0.003605,0.015244
7470,7,7,1,0.008996,0.001856,0.006789,0.004152,0.001219,0.004498,0.003401,0.954277,0.001883,0.012928
7471,7,7,1,0.001275,0.0022,0.002877,0.000576,0.001732,0.001661,0.001104,0.984196,0.000313,0.004066
7472,7,7,1,0.003799,0.011941,0.009638,0.002947,0.00417,0.006063,0.003121,0.937316,0.00366,0.017344
7473,7,7,1,0.005112,0.003652,0.001084,0.003949,0.002411,0.002829,0.000705,0.970858,0.001457,0.007942
7474,7,7,1,0.010133,0.016489,0.006122,0.003026,0.002781,0.004317,0.007078,0.920512,0.007172,0.022369
7475,7,7,1,0.008556,0.010392,0.001946,0.005999,0.001564,0.004553,0.001501,0.949582,0.003121,0.012787
7476,7,7,1,0.011746,0.005138,0.003194,0.002444,0.004615,0.004195,0.005733,0.94261,0.001878,0.018447
7477,7,7,1,0.008489,0.004758,0.003502,0.002772,0.00248,0.0029,0.002042,0.962866,0.001905,0.008285
7478,7,7,1,0.00969,0.010811,0.007197,0.003878,0.00478,0.00329,0.001468,0.939965,0.004028,0.014894
7479,7,7,1,0.003137,0.006838,0.00866,0.005447,0.002487,0.003209,0.001285,0.952556,0.003217,0.013164
7480,7,7,1,0.000769,0.001312,0.001338,0.000492,0.0006,0.000712,0.000611,0.991775,0.000331,0.00206
7481,7,7,1,0.003359,0.00716,0.005154,0.001488,0.002563,0.001954,0.002668,0.963626,0.002082,0.009947
7482,7,7,1,0.008954,0.002958,0.006759,0.005078,0.002026,0.004012,0.001436,0.952474,0.003512,0.012791
7483,7,7,1,0.001922,0.003627,0.007197,0.005375,0.001868,0.002509,0.001032,0.965545,0.002391,0.008533
7484,7,7,1,0.004309,0.001758,0.002522,0.00242,0.00193,0.00078,0.001535,0.9791,0.000605,0.005042
7485,7,7,1,0.005231,0.002369,0.001356,0.002295,0.001336,0.003398,0.001217,0.97197,0.002224,0.008604
7486,7,7,1,0.003233,0.003828,0.003459,0.007932,0.003045,0.001382,0.004973,0.955971,0.002046,0.014132
7487,7,7,1,0.015763,0.016022,0.008992,0.010966,0.004034,0.001838,0.002788,0.914568,0.005135,0.019893
7488,7,7,1,0.014057,0.008698,0.006077,0.002121,0.006272,0.001665,0.002879,0.943761,0.001164,0.013305
7489,7,7,1,0.00202,0.00396,0.003507,0.00266,0.001133,0.000943,0.00085,0.979674,0.000942,0.004311
7490,7,7,1,0.011746,0.005494,0.002909,0.004405,0.005129,0.003651,0.004547,0.945735,0.000972,0.015411
7491,7,7,1,0.012241,0.003598,0.003685,0.003799,0.002304,0.004789,0.005237,0.940623,0.003972,0.019751
7492,7,7,1,0.010427,0.008188,0.007941,0.00177,0.001432,0.002671,0.002048,0.948531,0.003771,0.013221
7493,7,7,1,0.011605,0.013692,0.004472,0.012116,0.010628,0.00551,0.007014,0.909818,0.004089,0.021057
7494,7,7,1,0.008414,0.019498,0.013502,0.010246,0.004628,0.00322,0.003697,0.896491,0.002761,0.037545
7495,7,7,1,0.01158,0.009353,0.005996,0.004223,0.003513,0.003216,0.002345,0.94453,0.00132,0.013924
7496,7,7,1,1.9e-05,6e-06,1e-05,9e-06,9e-06,6e-06,1e-05,0.9999,4e-06,2.7e-05
7497,7,7,1,0.016408,0.013154,0.006429,0.006167,0.007845,0.002027,0.007518,0.910286,0.007122,0.023042
7498,7,7,1,0.00319,0.004676,0.003035,0.002755,0.002444,0.001534,0.001203,0.974925,0.001314,0.004923
7499,7,7,1,0.002566,0.003363,0.001519,0.000589,0.001713,0.001433,0.000478,0.983523,0.000922,0.003893
7500,7,7,1,0.003057,0.00232,0.00289,0.001939,0.004618,0.003714,0.002381,0.965353,0.000829,0.012899
7501,7,7,1,1.9e-05,9e-06,8e-06,1.4e-05,8e-06,1e-05,7e-06,0.9999,4e-06,2.1e-05
7502,7,7,1,0.00762,0.01067,0.009207,0.003021,0.004058,0.007346,0.002862,0.927997,0.003945,0.023274
7503,7,7,1,0.01504,0.009489,0.015403,0.005566,0.002113,0.006912,0.00428,0.912487,0.001736,0.026973
7504,7,7,1,0.003177,0.005412,0.002991,0.010133,0.005897,0.004652,0.005749,0.937963,0.001618,0.022407
7505,7,7,1,0.007131,0.002822,0.003856,0.002003,0.000799,0.001368,0.001847,0.97059,0.000891,0.008694
7506,7,7,1,0.00335,0.001862,0.001912,0.000612,0.000888,0.000774,0.001527,0.984297,0.000472,0.004306
7507,7,7,1,0.008444,0.007857,0.005535,0.002251,0.00317,0.002802,0.002392,0.95828,0.001115,0.008154
7508,7,7,1,0.002436,0.003816,0.001266,0.004221,0.003041,0.001781,0.001765,0.97327,0.001282,0.007123
7509,7,7,1,0.001355,0.004762,0.001547,0.00289,0.00289,0.000496,0.000842,0.977025,0.000414,0.00778
7510,7,7,1,5.1e-05,2.3e-05,2.3e-05,1.8e-05,1.2e-05,2e-05,1.4e-05,0.999762,1.2e-05,6.5e-05
7511,7,7,1,0.003979,0.009256,0.007039,0.005054,0.006105,0.005823,0.001671,0.945169,0.00126,0.014645
7512,7,7,1,0.000496,0.001338,0.000465,0.001003,0.000756,0.00032,0.000711,0.991822,0.000497,0.002591
7513,7,7,1,0.003335,0.001881,0.0022,0.0018,0.001207,0.000458,0.000675,0.985249,0.000552,0.002643
7514,7,7,1,0.003683,0.006187,0.004416,0.002508,0.002146,0.001351,0.000632,0.970997,0.001395,0.006684
7515,7,7,1,0.003315,0.012545,0.006496,0.002893,0.006714,0.002075,0.00527,0.941952,0.003009,0.015733
7516,7,7,1,0.005625,0.005588,0.003899,0.004474,0.001967,0.00443,0.002226,0.954932,0.001288,0.015571
7517,7,7,1,0.010364,0.00267,0.002853,0.006743,0.008321,0.005968,0.002979,0.941629,0.001095,0.017378
7518,7,7,1,0.012463,0.010117,0.005742,0.004824,0.005456,0.005109,0.002763,0.938947,0.003007,0.01157
7519,7,7,1,0.00851,0.004438,0.002393,0.007649,0.00768,0.00426,0.004102,0.941027,0.00152,0.018421
7520,7,7,1,0.001908,0.000929,0.001321,0.001512,0.001339,0.000892,0.000859,0.985866,0.000807,0.004566
7521,7,7,1,0.011258,0.008857,0.008549,0.003432,0.005069,0.003177,0.002003,0.944966,0.000801,0.011889
7522,7,7,1,0.012868,0.00218,0.003745,0.002373,0.006581,0.003001,0.001489,0.944913,0.002079,0.02077
7523,7,7,1,0.01413,0.003699,0.008398,0.005561,0.006709,0.011416,0.001952,0.912596,0.004338,0.031199
7524,7,7,1,0.006011,0.011673,0.005775,0.010233,0.003757,0.002675,0.003255,0.931733,0.001587,0.023301
7525,7,7,1,0.010705,0.008188,0.006746,0.002805,0.002694,0.001385,0.00324,0.954077,0.002132,0.008028
7526,7,7,1,0.007794,0.010468,0.002817,0.003583,0.004802,0.003204,0.001311,0.9495,0.00314,0.013381
7527,7,7,1,0.0053,0.004923,0.004236,0.003016,0.001705,0.00124,0.002126,0.968688,0.001771,0.006994
7528,7,7,1,0.011117,0.007237,0.012302,0.00594,0.01075,0.001882,0.006502,0.917965,0.004896,0.021407
7529,7,7,1,0.013042,0.003499,0.012124,0.009187,0.006277,0.004641,0.003097,0.932115,0.002434,0.013585
7530,7,7,1,0.005364,0.008536,0.003778,0.007868,0.005479,0.002272,0.003132,0.950418,0.002832,0.01032
7531,7,7,1,0.00837,0.005725,0.010154,0.008843,0.003374,0.003086,0.00456,0.925527,0.005056,0.025304
7532,7,7,1,0.000764,0.001449,0.001349,0.000798,0.000307,0.000839,0.000355,0.991906,0.000352,0.001882
7533,7,7,1,3.8e-05,2.4e-05,1.2e-05,9e-06,2.9e-05,1.2e-05,1.9e-05,0.999764,6e-06,8.7e-05
7534,7,7,1,0.002107,0.003529,0.000647,0.002273,0.00096,0.001763,0.001299,0.982507,0.000747,0.004168
7535,7,7,1,8e-06,1.9e-05,1.5e-05,3e-06,1.2e-05,7e-06,5e-06,0.9999,5e-06,2.5e-05
7536,7,7,1,2.3e-05,7e-06,1.5e-05,9e-06,5e-06,7e-06,4e-06,0.9999,5e-06,2.4e-05
7537,7,7,1,0.009488,0.005315,0.01163,0.004236,0.010335,0.007801,0.004957,0.921579,0.001773,0.022886
7538,7,7,1,0.007705,0.006108,0.002477,0.004027,0.003278,0.002888,0.001932,0.964342,0.000952,0.006291
7539,7,7,1,0.02537,0.013005,0.006417,0.003785,0.004222,0.008708,0.008068,0.883674,0.007548,0.039203
7540,7,7,1,0.002833,0.002521,0.002434,0.005007,0.001277,0.003929,0.001147,0.968759,0.002823,0.009269
7541,7,7,1,0.019545,0.008633,0.009961,0.008655,0.002254,0.004784,0.002711,0.920347,0.003441,0.019668
7542,7,7,1,0.003589,0.002895,0.008436,0.003229,0.004375,0.001389,0.005079,0.955148,0.001878,0.013981
7543,7,7,1,0.004876,0.005788,0.004867,0.003115,0.003427,0.005049,0.003838,0.95734,0.000637,0.011064
7544,7,7,1,0.00234,0.001034,0.001364,0.001171,0.000452,0.000195,0.000648,0.990304,0.000444,0.002049
7545,7,7,1,9e-06,1.7e-05,1.5e-05,3e-06,1.4e-05,6e-06,9e-06,0.9999,6e-06,2.2e-05
7546,7,7,1,0.006713,0.002997,0.008684,0.008656,0.004874,0.004464,0.001661,0.945077,0.001077,0.015798
7547,7,7,1,0.011707,0.007569,0.012922,0.002713,0.00301,0.008282,0.007046,0.925544,0.004223,0.016985
7548,7,7,1,0.003481,0.00424,0.001612,0.004459,0.003047,0.001148,0.00263,0.969602,0.002199,0.007581
7549,7,7,1,0.00342,0.012501,0.011111,0.00227,0.002821,0.00348,0.001524,0.937164,0.004369,0.021341
7550,7,7,1,0.002286,0.001433,0.000979,0.000273,0.001156,0.000516,0.000587,0.990269,0.000131,0.00237
7551,7,7,1,0.005865,0.001537,0.001854,0.003123,0.00066,0.002507,0.001713,0.976401,0.000739,0.005599
7552,7,7,1,2.1e-05,1.4e-05,4e-06,1e-05,4e-06,1e-05,7e-06,0.9999,3e-06,2.6e-05
7553,7,7,1,0.004207,0.002736,0.002078,0.001408,0.001167,0.001368,0.000992,0.981402,0.000622,0.004022
7554,7,7,1,0.002282,0.002494,0.000634,0.000707,0.001546,0.001149,0.00097,0.986834,0.000336,0.003047
7555,7,7,1,0.001992,0.002009,0.005312,0.002502,0.002901,0.001336,0.003499,0.968939,0.000773,0.010738
7556,7,7,1,0.010421,0.002854,0.008854,0.005217,0.004248,0.001917,0.001062,0.949926,0.002661,0.01284
7557,7,7,1,0.010024,0.006118,0.003155,0.00578,0.010906,0.007316,0.005559,0.924219,0.004151,0.022773
7558,7,7,1,0.002111,0.00758,0.006409,0.003459,0.002888,0.001319,0.001194,0.964146,0.001864,0.00903
7559,7,7,1,0.003179,0.002417,0.000597,0.001565,0.000763,0.00063,0.000525,0.985904,0.000698,0.00372
7560,7,7,1,0.008941,0.0083,0.006175,0.003737,0.002496,0.00448,0.003075,0.951489,0.0007,0.010606
7561,7,7,1,0.002818,0.001976,0.006625,0.003921,0.001697,0.004377,0.002541,0.965384,0.002214,0.008448
7562,7,7,1,0.004066,0.004207,0.00465,0.000924,0.001544,0.003194,0.001805,0.969541,0.001182,0.008887
7563,7,7,1,0.003187,0.002567,0.003297,0.00426,0.002878,0.004813,0.004175,0.961298,0.003018,0.010507
7564,7,7,1,0.000388,0.000567,0.00097,0.000274,0.00022,0.000184,0.000306,0.995091,0.000103,0.001898
7565,7,7,1,0.010843,0.016981,0.012421,0.006835,0.010642,0.002366,0.002084,0.904813,0.005374,0.02764
7566,7,7,1,0.014715,0.009275,0.003846,0.008489,0.008056,0.00263,0.003743,0.931298,0.003639,0.01431
7567,7,7,1,0.003751,0.003603,0.006825,0.007055,0.003166,0.005601,0.003121,0.929637,0.008541,0.028699
7568,7,7,1,0.000838,0.001318,0.000717,0.000434,0.000462,0.000573,0.000437,0.993549,0.000186,0.001487
7569,7,7,1,1.8e-05,1.6e-05,7e-06,6e-06,9e-06,6e-06,4e-06,0.9999,8e-06,2.6e-05
7570,7,7,1,0.016464,0.008743,0.01279,0.008697,0.006262,0.005811,0.002401,0.904158,0.007787,0.026886
7571,7,7,1,0.003526,0.007115,0.008511,0.006758,0.005109,0.002509,0.002713,0.950751,0.002631,0.010375
7572,7,7,1,0.005823,0.006071,0.002567,0.001653,0.00243,0.003143,0.003009,0.956254,0.002723,0.016328
7573,7,7,1,0.009547,0.003792,0.002166,0.00621,0.001895,0.00337,0.00376,0.95701,0.002146,0.010104
7574,7,7,1,0.008765,0.007783,0.001448,0.003356,0.002426,0.002647,0.004009,0.957485,0.001841,0.010238
7575,7,7,1,0.004536,0.006883,0.006693,0.004633,0.00668,0.005136,0.007335,0.934726,0.005575,0.017802
7576,7,7,1,0.01307,0.003502,0.009933,0.004836,0.004095,0.002544,0.001697,0.941258,0.001569,0.017496
7577,7,7,1,0.016566,0.015809,0.009885,0.007565,0.006396,0.001265,0.001628,0.91966,0.002428,0.018797
7578,7,7,1,0.00175,0.003704,0.003531,0.001072,0.002981,0.00102,0.000624,0.977043,0.001388,0.006888
7579,7,7,1,0.009248,0.00445,0.005182,0.002553,0.005932,0.001307,0.002901,0.95226,0.002136,0.014033
7580,7,7,1,0.006413,0.001929,0.002582,0.00134,0.001919,0.004463,0.003582,0.966797,0.001091,0.009883
7581,7,7,1,0.003517,0.004544,0.001796,0.006243,0.004436,0.001511,0.003527,0.960497,0.00259,0.01134
7582,7,7,1,0.007948,0.005787,0.003023,0.0044,0.002038,0.001135,0.001192,0.963458,0.002418,0.0086
7583,7,7,1,0.003533,0.00195,0.002279,0.001174,0.001391,0.002341,0.001071,0.97099,0.000937,0.014335
7584,7,7,1,9e-06,1.2e-05,1.3e-05,1.3e-05,4e-06,4e-06,1e-05,0.9999,2e-06,3.1e-05
7585,7,7,1,0.00346,0.005064,0.002443,0.00114,0.003597,0.002358,0.001842,0.971373,0.000829,0.007894
7586,7,7,1,0.004751,0.001122,0.00345,0.002933,0.000818,0.002046,0.000362,0.977843,0.001628,0.005048
7587,7,7,1,0.010042,0.006083,0.002094,0.004205,0.001394,0.003897,0.003697,0.952574,0.001399,0.014615
7588,7,7,1,0.01726,0.009307,0.006629,0.007452,0.004923,0.006636,0.004252,0.916877,0.003449,0.023215
7589,7,7,1,0.00273,0.002237,0.004432,0.005247,0.004353,0.004378,0.001344,0.9634,0.000851,0.011029
7590,7,7,1,0.00269,0.005366,0.003729,0.00301,0.002353,0.000931,0.001709,0.974907,0.000902,0.004403
7591,7,7,1,0.00556,0.013931,0.002897,0.003299,0.00606,0.007753,0.003719,0.935896,0.001103,0.019781
7592,7,7,1,0.004553,0.002378,0.001817,0.001633,0.001943,0.001053,0.00091,0.975689,0.00103,0.008995
7593,7,7,1,0.00618,0.00166,0.004175,0.001924,0.002706,0.002088,0.000952,0.970636,0.000564,0.009114
7594,7,7,1,0.006587,0.008663,0.016752,0.005306,0.006338,0.004584,0.007426,0.916216,0.001785,0.026345
7595,7,7,1,0.001699,0.001112,0.002653,0.001228,0.001499,0.000941,0.001795,0.980142,0.001252,0.00768
7596,7,7,1,0.011082,0.003845,0.002224,0.006718,0.007175,0.003946,0.001432,0.945719,0.001673,0.016186
7597,7,7,1,0.008777,0.008527,0.006951,0.001518,0.0045,0.003652,0.001066,0.952956,0.002338,0.009716
7598,7,7,1,0.00423,0.004549,0.002097,0.001034,0.003347,0.001754,0.00209,0.973659,0.001365,0.005873
7599,7,7,1,0.009642,0.002544,0.002123,0.003072,0.002188,0.001438,0.003767,0.959134,0.001503,0.014589
7600,7,7,1,0.003312,0.006132,0.011496,0.006811,0.00711,0.004913,0.004487,0.940053,0.001077,0.014608
7601,7,7,1,0.012808,0.005782,0.003916,0.00482,0.005713,0.003647,0.004115,0.940522,0.002878,0.015798
7602,7,7,1,0.003764,0.001652,0.004078,0.003787,0.001473,0.001951,0.001313,0.973666,0.000686,0.007629
7603,7,7,1,0.01031,0.003379,0.006713,0.003008,0.002323,0.003053,0.001972,0.956107,0.001937,0.011196
7604,7,7,1,1.9e-05,1.7e-05,8e-06,9e-06,6e-06,8e-06,3e-06,0.9999,5e-06,2.4e-05
7605,7,7,1,0.013423,0.002956,0.007969,0.002797,0.002603,0.002517,0.001987,0.937817,0.006425,0.021506
7606,7,7,1,0.000792,0.000692,0.00131,0.0007,0.000674,0.000638,0.00023,0.992797,0.000238,0.001929
7607,7,7,1,0.003093,0.003747,0.008746,0.005145,0.00157,0.001741,0.006447,0.948335,0.003452,0.017725
7608,7,7,1,0.019819,0.012391,0.007697,0.005462,0.005121,0.007048,0.013213,0.887192,0.009832,0.032225
7609,7,7,1,0.006961,0.003542,0.001571,0.0026,0.004092,0.00184,0.002596,0.967791,0.002159,0.006848
7610,7,7,1,0.003019,0.00055,0.000888,0.000907,0.001087,0.001062,0.000927,0.987839,0.000576,0.003146
7611,7,7,1,0.005001,0.004701,0.00378,0.001465,0.000984,0.00139,0.002386,0.972318,0.001568,0.006407
7612,7,7,1,0.004412,0.00439,0.004805,0.004391,0.005639,0.001858,0.001088,0.959252,0.001889,0.012276
7613,7,7,1,0.017218,0.008723,0.006648,0.010373,0.004574,0.006928,0.005134,0.924116,0.001932,0.014355
7614,7,7,1,0.000892,0.001741,0.001643,0.000812,0.000688,0.000478,0.000855,0.986956,0.000936,0.004999
7615,7,7,1,7e-06,1.2e-05,1e-05,1.5e-05,7e-06,5e-06,1e-05,0.9999,5e-06,2.7e-05
7616,7,7,1,0.011233,0.013005,0.002672,0.004307,0.006438,0.003661,0.006316,0.933128,0.003844,0.015396
7617,7,7,1,1.6e-05,1.1e-05,1.4e-05,6e-06,1.1e-05,4e-06,5e-06,0.9999,3e-06,3e-05
7618,7,7,1,0.000511,0.000494,0.000677,0.000538,0.000695,0.000593,0.001468,0.990225,0.001059,0.003741
7619,7,7,1,0.008121,0.014858,0.006181,0.006228,0.002434,0.005699,0.001395,0.92969,0.004056,0.021338
7620,7,7,1,1.4e-05,7e-06,6e-06,1.3e-05,7e-06,4e-06,4e-06,0.9999,9e-06,3.6e-05
7621,7,7,1,0.006312,0.003316,0.005097,0.006293,0.002892,0.005092,0.005263,0.949543,0.000889,0.015303
7622,7,7,1,1.9e-05,1.7e-05,9e-06,1e-05,1.1e-05,6e-06,5e-06,0.9999,3e-06,2e-05
7623,7,7,1,0.00066,0.001171,0.000687,0.000307,0.00065,0.00026,0.000533,0.993817,0.000157,0.001757
7624,7,7,1,0.005562,0.006192,0.005937,0.007891,0.002752,0.004922,0.003363,0.944798,0.002384,0.016201
7625,7,7,1,0.001005,0.001029,0.00033,0.00096,0.000663,0.000702,0.000282,0.992822,0.000253,0.001953
7626,7,7,1,1.4e-05,1.6e-05,1.5e-05,6e-06,9e-06,9e-06,2e-06,0.9999,5e-06,2.4e-05
7627,7,7,1,0.000891,0.000763,0.00051,0.001473,0.00047,0.000517,0.000867,0.991756,0.000458,0.002296
7628,7,7,1,0.002783,0.001428,0.004566,0.002368,0.002404,0.000892,0.001974,0.97637,0.001623,0.005593
7629,7,7,1,1.7e-05,1.7e-05,4e-06,1.2e-05,5e-06,6e-06,9e-06,0.9999,4e-06,2.5e-05
7630,7,7,1,0.001312,0.005073,0.002621,0.002108,0.003119,0.001059,0.00214,0.976086,0.001553,0.004928
7631,7,7,1,0.008686,0.007899,0.007022,0.001386,0.003217,0.002899,0.003712,0.953481,0.001137,0.01056
7632,7,7,1,1.5e-05,1.2e-05,9e-06,7e-06,7e-06,1.2e-05,5e-06,0.9999,8e-06,2.6e-05
7633,7,7,1,1.8e-05,1.5e-05,1.6e-05,4e-06,7e-06,6e-06,7e-06,0.9999,6e-06,2.1e-05
7634,7,7,1,0.00944,0.008755,0.003064,0.007241,0.006906,0.004093,0.001351,0.941872,0.00365,0.013629
7635,7,7,1,0.00663,0.010754,0.007576,0.002874,0.002595,0.001679,0.005102,0.946072,0.002417,0.0143
7636,7,7,1,0.005857,0.016635,0.01185,0.009104,0.002123,0.00403,0.005473,0.926333,0.003242,0.015353
7637,7,7,1,0.003361,0.010971,0.009815,0.0073,0.003476,0.003881,0.002865,0.944332,0.001361,0.012638
7638,7,7,1,0.005631,0.005724,0.004023,0.003416,0.003258,0.002439,0.001467,0.967273,0.00156,0.005208
7639,7,7,1,9e-06,9e-06,7e-06,9e-06,1.2e-05,3e-06,6e-06,0.9999,5e-06,3.9e-05
7640,7,7,1,0.005384,0.003479,0.001757,0.005272,0.002587,0.003012,0.001137,0.967673,0.001057,0.008642
7641,7,7,1,0.005376,0.006518,0.003668,0.003729,0.003569,0.000734,0.001244,0.963888,0.0026,0.008675
7642,7,7,1,0.006586,0.005404,0.003292,0.005192,0.005646,0.003847,0.002015,0.955365,0.001519,0.011132
7643,7,7,1,0.004735,0.003327,0.005917,0.004419,0.002147,0.001996,0.002467,0.962536,0.001238,0.011217
7644,7,7,1,0.012232,0.006985,0.008852,0.002383,0.003787,0.002147,0.006623,0.925216,0.00427,0.027505
7645,7,7,1,0.006041,0.003714,0.007172,0.004525,0.00471,0.003943,0.002959,0.952816,0.002303,0.011817
7646,7,7,1,0.001449,0.000647,0.000738,0.000791,0.001162,0.001196,0.000325,0.989987,0.000698,0.003009
7647,7,7,1,0.000732,0.001422,0.000825,0.000551,0.000322,0.000349,0.000335,0.993195,0.000392,0.001878
7648,7,7,1,0.007903,0.013628,0.002748,0.007303,0.002377,0.005442,0.003247,0.934822,0.004651,0.017879
7649,7,7,1,0.002451,0.00174,0.002733,0.004401,0.000958,0.003195,0.001748,0.974506,0.000878,0.00739
7650,7,7,1,0.002244,0.005291,0.0024,0.001528,0.001894,0.001618,0.000955,0.972063,0.001439,0.010568
7651,7,7,1,0.002822,0.003115,0.004387,0.003624,0.003716,0.002239,0.000776,0.969246,0.00156,0.008513
7652,7,7,1,0.005696,0.012658,0.00248,0.008186,0.00742,0.005345,0.004502,0.932495,0.002736,0.018481
7653,7,7,1,0.002724,0.006165,0.005881,0.003034,0.005459,0.001985,0.003948,0.955369,0.000792,0.014642
7654,7,7,1,0.001008,0.000973,0.001479,0.000464,0.000935,0.000497,0.000698,0.9883,0.001157,0.004488
7655,7,7,1,0.002355,0.00247,0.002027,0.003202,0.000719,0.000909,0.000515,0.980024,0.000643,0.007136
7656,7,7,1,0.000995,0.000706,0.000416,0.000607,0.000462,0.000248,0.000363,0.994645,0.000143,0.001414
7657,7,7,1,0.002475,0.00376,0.004358,0.002877,0.004916,0.004661,0.001756,0.960654,0.003591,0.010953
7658,7,7,1,0.00863,0.001918,0.004677,0.00364,0.003819,0.003469,0.001666,0.961407,0.000647,0.010128
7659,7,7,1,0.00052,0.000315,0.000331,0.000104,0.000113,0.000168,0.000148,0.99782,0.000109,0.00037
7660,7,7,1,0.001126,0.001921,0.000899,0.001258,0.001256,0.000977,0.000522,0.987092,0.001058,0.00389
7661,7,7,1,0.00444,0.002157,0.006704,0.003457,0.00281,0.003461,0.002099,0.966311,0.001621,0.006939
7662,7,7,1,0.001064,0.001298,0.000464,0.000686,0.000425,0.001001,0.000393,0.990882,0.000806,0.002982
7663,7,7,1,0.006139,0.003735,0.001882,0.000883,0.001297,0.002225,0.000866,0.973476,0.002151,0.007345
7664,7,7,1,2.1e-05,9e-06,9e-06,1.4e-05,1.1e-05,5e-06,5e-06,0.9999,6e-06,1.9e-05
7665,7,7,1,0.004371,0.007291,0.010549,0.004119,0.00236,0.006942,0.005664,0.93488,0.0047,0.019123
7666,7,7,1,0.013502,0.017781,0.015832,0.011203,0.006009,0.004709,0.005966,0.904535,0.001433,0.01903
7667,7,7,1,0.003454,0.002566,0.003807,0.002226,0.002191,0.001458,0.001593,0.977338,0.000736,0.004632
7668,7,7,1,0.007047,0.004769,0.004285,0.004064,0.001315,0.001051,0.001162,0.96473,0.001312,0.010266
7669,7,7,1,0.001118,0.00154,0.003005,0.000651,0.001891,0.000698,0.000822,0.984941,0.000941,0.004393
7670,7,7,1,0.009051,0.007063,0.004319,0.001698,0.001041,0.00233,0.001143,0.96177,0.002785,0.008801
7671,7,7,1,0.000736,0.000369,0.000174,0.000194,0.000277,0.000249,0.000194,0.997025,0.000134,0.000647
7672,7,7,1,0.005534,0.009355,0.011308,0.005917,0.014455,0.01108,0.007905,0.906013,0.006487,0.021946
7673,7,7,1,0.008821,0.006066,0.002091,0.000967,0.003699,0.003022,0.001474,0.964198,0.002105,0.007558
7674,7,7,1,0.009999,0.005783,0.004955,0.003581,0.001226,0.001076,0.00321,0.95953,0.000575,0.010064
7675,7,7,1,0.008077,0.004077,0.00757,0.004081,0.001517,0.002379,0.002912,0.953209,0.001035,0.015144
7676,7,7,1,8e-06,1.1e-05,1.7e-05,6e-06,6e-06,8e-06,9e-06,0.9999,2e-06,3.2e-05
7677,7,7,1,0.01645,0.011292,0.008544,0.008584,0.001737,0.005286,0.00104,0.928734,0.003163,0.015171
7678,7,7,1,2.3e-05,1e-05,1.4e-05,3e-06,5e-06,4e-06,5e-06,0.9999,8e-06,2.8e-05
7679,7,7,1,0.009754,0.010399,0.003783,0.003219,0.002316,0.005484,0.004005,0.942697,0.003775,0.014567
7680,7,7,1,0.006102,0.00213,0.004452,0.002193,0.003118,0.001993,0.001053,0.972261,0.001313,0.005385
7681,7,7,1,2.2e-05,6e-06,1.2e-05,1.2e-05,8e-06,5e-06,8e-06,0.9999,2e-06,2.5e-05
7682,7,7,1,0.009708,0.012044,0.004346,0.006993,0.007048,0.00555,0.005511,0.929873,0.001831,0.017096
7683,7,7,1,0.010544,0.017549,0.004072,0.014991,0.004239,0.011286,0.007626,0.901795,0.005087,0.022812
7684,7,7,1,2.3e-05,1.5e-05,1.1e-05,9e-06,8e-06,5e-06,4e-06,0.9999,2e-06,2.4e-05
7685,7,7,1,0.002952,0.00682,0.006408,0.002377,0.001758,0.002809,0.003499,0.962727,0.000965,0.009686
7686,7,7,1,0.010473,0.006705,0.006046,0.004745,0.002724,0.009018,0.004535,0.923602,0.001615,0.030538
7687,7,7,1,0.001713,0.000481,0.001218,0.000377,0.000581,0.000225,0.000494,0.99273,0.000207,0.001975
7688,7,7,1,0.01233,0.004766,0.004547,0.001594,0.005753,0.004865,0.000998,0.949201,0.002157,0.013788
7689,7,7,1,0.001396,0.000667,0.002066,0.001692,0.000685,0.001383,0.001094,0.987602,0.000743,0.002672
7690,7,7,1,0.006157,0.005069,0.002651,0.006551,0.002359,0.002598,0.001463,0.950251,0.005657,0.017244
7691,7,7,1,0.001686,0.000831,0.001738,0.001095,0.001002,0.001049,0.000358,0.989133,0.00034,0.002768
7692,7,7,1,0.005026,0.0091,0.012912,0.004992,0.009415,0.006858,0.008518,0.913735,0.001591,0.027852
7693,7,7,1,1.9e-05,2e-05,1.1e-05,5e-06,1.1e-05,2e-06,2e-06,0.9999,7e-06,2.3e-05
7694,7,7,1,0.020664,0.015298,0.015073,0.007008,0.016168,0.00692,0.004444,0.875077,0.009134,0.030215
7695,7,7,1,0.00028,0.000215,0.000425,0.000106,0.000288,0.000197,0.00012,0.997769,0.00013,0.000471
7696,7,7,1,0.01756,0.010284,0.009585,0.011759,0.01058,0.005505,0.006028,0.907097,0.00324,0.018362
7697,7,7,1,0.011358,0.006347,0.00734,0.001996,0.002542,0.001371,0.003564,0.952155,0.002441,0.010886
7698,7,7,1,0.009033,0.006472,0.001622,0.005067,0.003105,0.002018,0.001072,0.955872,0.002226,0.013514
7699,7,7,1,0.010267,0.013832,0.002383,0.007845,0.003506,0.00397,0.001505,0.934189,0.0023,0.020203
7700,7,7,1,0.010243,0.008509,0.003773,0.006979,0.004895,0.001647,0.000971,0.944843,0.003386,0.014754
7701,7,7,1,0.002016,0.005415,0.002482,0.002536,0.000703,0.002623,0.001707,0.975894,0.001467,0.005157
7702,7,7,1,0.00927,0.007742,0.006403,0.004413,0.004235,0.001934,0.000837,0.952417,0.002434,0.010315
7703,7,7,1,0.015218,0.011287,0.005727,0.003946,0.003183,0.002691,0.003087,0.92661,0.002175,0.026075
7704,7,7,1,0.006971,0.002497,0.002675,0.004381,0.002636,0.001711,0.002263,0.969739,0.000595,0.006532
7705,7,7,1,0.011327,0.006452,0.006643,0.0016,0.002367,0.001859,0.002956,0.951334,0.002796,0.012667
7706,7,7,1,0.014284,0.003905,0.008514,0.009587,0.004904,0.006197,0.002071,0.926299,0.003689,0.020548
7707,7,7,1,0.012449,0.003981,0.013188,0.010758,0.00819,0.006188,0.003307,0.914682,0.002951,0.024307
7708,7,7,1,0.005663,0.003706,0.006193,0.005546,0.001365,0.001737,0.001948,0.95603,0.002467,0.015346
7709,7,7,1,0.003738,0.004421,0.003526,0.004084,0.008299,0.005784,0.005316,0.948452,0.002251,0.01413
7710,7,7,1,0.007937,0.004828,0.004262,0.005911,0.002277,0.005929,0.002855,0.945474,0.003623,0.016904
7711,7,7,1,1.8e-05,1.8e-05,1.3e-05,1.2e-05,5e-06,2e-06,7e-06,0.9999,2e-06,2.3e-05
7712,7,7,1,0.026349,0.014734,0.00553,0.010823,0.004019,0.003394,0.006233,0.887805,0.010006,0.031107
7713,7,7,1,0.006898,0.002598,0.006471,0.001625,0.003323,0.005701,0.003288,0.954719,0.001455,0.013923
7714,7,7,1,0.002987,0.002673,0.00219,0.002849,0.00169,0.002059,0.00087,0.975462,0.00188,0.00734
7715,7,7,1,0.008308,0.005081,0.002334,0.002387,0.000789,0.001976,0.002571,0.966301,0.001115,0.009138
7716,7,7,1,0.003063,0.002378,0.001382,0.001497,0.000967,0.000612,0.00084,0.986108,0.000439,0.002714
7717,7,7,1,0.001931,0.001507,0.000293,0.0009,0.000207,0.000252,0.000674,0.991561,0.00051,0.002165
7718,7,7,1,0.003233,0.003566,0.006431,0.002866,0.004953,0.001976,0.003541,0.958101,0.002977,0.012357
7719,7,7,1,0.004285,0.003458,0.004664,0.006501,0.003005,0.004192,0.002042,0.957949,0.002655,0.01125
7720,7,7,1,7e-06,1.2e-05,2e-05,5e-06,6e-06,1.2e-05,9e-06,0.9999,2e-06,2.7e-05
7721,7,7,1,0.019278,0.014039,0.008217,0.002999,0.006607,0.004494,0.002465,0.920329,0.003547,0.018027
7722,7,7,1,0.002858,0.010345,0.004349,0.001836,0.004016,0.002142,0.004951,0.952275,0.000875,0.016353
7723,7,7,1,0.020656,0.007876,0.003225,0.007691,0.00816,0.002375,0.008741,0.914061,0.005866,0.021349
7724,7,7,1,0.010901,0.014489,0.007389,0.010528,0.006975,0.007373,0.001891,0.912137,0.003484,0.024832
7725,7,7,1,0.002511,0.00141,0.000538,0.001178,0.000414,0.000432,0.000508,0.989438,0.000373,0.003199
7726,7,7,1,0.007569,0.010977,0.005297,0.010027,0.006033,0.004695,0.004962,0.934924,0.00094,0.014577
7727,7,7,1,0.015881,0.00604,0.008212,0.00588,0.009307,0.003318,0.004742,0.925252,0.004462,0.016906
7728,7,7,1,0.017908,0.008161,0.013538,0.010296,0.008774,0.006497,0.002648,0.90333,0.004461,0.024386
7729,7,7,1,0.012094,0.00541,0.008489,0.008292,0.00625,0.004784,0.001889,0.927948,0.004772,0.020072
7730,7,7,1,0.006587,0.004125,0.007263,0.007855,0.005145,0.010022,0.002798,0.925598,0.003292,0.027314
7731,7,7,1,0.000682,0.000459,0.000876,0.000985,0.00024,0.000503,0.000246,0.993468,0.000298,0.002243
7732,7,7,1,0.003187,0.005288,0.003947,0.000775,0.002066,0.000815,0.001188,0.975304,0.001272,0.006159
7733,7,7,1,0.006961,0.001763,0.003085,0.003664,0.002552,0.001798,0.000959,0.968713,0.000796,0.009707
7734,7,7,1,0.006011,0.002599,0.00789,0.003478,0.001836,0.006839,0.00109,0.950376,0.00369,0.01619
7735,7,7,1,0.003735,0.006775,0.005167,0.002343,0.002781,0.002153,0.000748,0.96678,0.002222,0.007296
7736,7,7,1,0.009063,0.011073,0.004189,0.010421,0.003501,0.012649,0.003712,0.902873,0.007741,0.034778
7737,7,7,1,0.007605,0.003262,0.002741,0.001992,0.00322,0.001737,0.001382,0.968186,0.001666,0.008208
7738,7,7,1,0.007678,0.006877,0.001974,0.004107,0.001466,0.001824,0.001908,0.959435,0.00313,0.0116
7739,7,7,1,0.002606,0.004679,0.006532,0.003806,0.003129,0.002867,0.001991,0.964952,0.002017,0.007422
7740,7,7,1,0.004055,0.002085,0.00309,0.00377,0.001687,0.003601,0.001321,0.969128,0.002155,0.009109
7741,7,7,1,0.010494,0.008097,0.006011,0.002351,0.001025,0.003271,0.001626,0.95382,0.001195,0.012111
7742,7,7,1,0.004893,0.00731,0.005493,0.001545,0.003225,0.00113,0.002044,0.962771,0.001294,0.010295
7743,7,7,1,2.3e-05,6e-06,5e-06,6e-06,5e-06,8e-06,1e-05,0.9999,8e-06,2.9e-05
7744,7,7,1,0.004195,0.003677,0.01202,0.004799,0.003636,0.005596,0.002845,0.943796,0.004622,0.014815
7745,7,7,1,0.011504,0.00583,0.006744,0.005087,0.001602,0.00316,0.002135,0.95024,0.002609,0.011089
7746,7,7,1,0.001001,0.002557,0.001415,0.002833,0.001737,0.001066,0.000405,0.982141,0.001244,0.005602
7747,7,7,1,0.01631,0.004709,0.005389,0.006314,0.003465,0.006483,0.004139,0.93138,0.00343,0.01838
7748,7,7,1,0.003329,0.00243,0.001632,0.00267,0.002479,0.001889,0.001437,0.976812,0.001748,0.005575
7749,7,7,1,0.006126,0.011205,0.00851,0.002802,0.005928,0.00174,0.001501,0.945798,0.001691,0.014699
7750,7,7,1,0.013838,0.009238,0.003776,0.001557,0.00452,0.003547,0.002085,0.944223,0.001907,0.015308
7751,7,7,1,0.005264,0.007824,0.00233,0.004685,0.003727,0.006466,0.004741,0.943767,0.001806,0.019389
7752,7,7,1,0.007683,0.003693,0.005165,0.003297,0.004281,0.003163,0.002083,0.962901,0.001612,0.006124
7753,7,7,1,0.007604,0.004119,0.004871,0.003094,0.004972,0.001917,0.001571,0.959541,0.000979,0.011332
7754,7,7,1,0.002691,0.005641,0.002781,0.001705,0.006474,0.004779,0.003126,0.96103,0.002638,0.009135
7755,7,7,1,0.009712,0.002102,0.007213,0.007242,0.002688,0.002328,0.002446,0.950173,0.001889,0.014207
7756,7,7,1,0.013311,0.004082,0.004126,0.00966,0.004015,0.006367,0.002223,0.938769,0.002993,0.014454
7757,7,7,1,0.000281,0.000614,0.000458,0.000194,0.000265,0.000295,0.000169,0.996259,8.3e-05,0.001381
7758,7,7,1,0.017224,0.012614,0.007564,0.010251,0.008956,0.00725,0.00544,0.906525,0.001701,0.022476
7759,7,7,1,0.011252,0.010223,0.014987,0.015917,0.008806,0.00625,0.001929,0.898636,0.006299,0.025701
7760,7,7,1,0.007303,0.00877,0.009108,0.004544,0.003302,0.002841,0.002766,0.9398,0.002683,0.018884
7761,7,7,1,0.016439,0.009303,0.010253,0.005137,0.011897,0.005605,0.006886,0.897475,0.003725,0.033279
7762,7,7,1,0.003193,0.002957,0.008888,0.004882,0.001834,0.002482,0.004509,0.946425,0.004591,0.020239
7763,7,7,1,0.00666,0.00593,0.005348,0.006062,0.00409,0.001216,0.003186,0.95148,0.002295,0.013733
7764,7,7,1,0.00472,0.004255,0.006284,0.004235,0.002192,0.00172,0.002997,0.96048,0.002221,0.010897
7765,7,7,1,0.001626,0.001415,0.000603,0.000256,0.000453,0.000641,0.000216,0.992621,0.000186,0.001984
7766,7,7,1,2.4e-05,1.2e-05,5e-06,1.3e-05,8e-06,6e-06,6e-06,0.9999,2e-06,2.3e-05
7767,7,7,1,0.008379,0.006728,0.006652,0.002874,0.004389,0.004224,0.001812,0.953888,0.000843,0.010212
7768,7,7,1,0.003169,0.010093,0.004049,0.006149,0.001954,0.001253,0.001398,0.951657,0.001847,0.01843
7769,7,7,1,0.004515,0.005727,0.002746,0.002315,0.002548,0.001325,0.001769,0.970845,0.000496,0.007714
7770,7,7,1,0.00957,0.00803,0.005279,0.006396,0.006292,0.008012,0.011345,0.903551,0.007832,0.033692
7771,7,7,1,0.013193,0.009576,0.003037,0.007863,0.005634,0.002779,0.007019,0.926444,0.003166,0.021289
7772,7,7,1,0.004306,0.006598,0.003439,0.001292,0.003335,0.001031,0.004274,0.961389,0.002828,0.011509
7773,7,7,1,0.003178,0.007417,0.010548,0.004474,0.00554,0.007165,0.00463,0.936461,0.004797,0.015789
7774,7,7,1,0.003369,0.002187,0.00218,0.001126,0.001051,0.001572,0.000663,0.983063,0.000482,0.004308
7775,7,7,1,0.002556,0.001443,0.002141,0.001474,0.001164,0.000984,0.000846,0.985373,0.000429,0.00359
7776,7,7,1,2.1e-05,1.8e-05,4e-06,9e-06,7e-06,8e-06,5e-06,0.9999,5e-06,2.3e-05
7777,7,7,1,0.001291,0.003822,0.001451,0.000772,0.001835,0.00044,0.001271,0.982511,0.000667,0.005941
7778,7,7,1,0.002036,0.002432,0.001648,0.001384,0.000275,0.000691,0.000979,0.987041,0.000199,0.003315
7779,7,7,1,0.011529,0.005232,0.004407,0.002772,0.00487,0.00209,0.00438,0.950912,0.001304,0.012504
7780,7,7,1,1.4e-05,8e-06,5e-06,6e-06,7e-06,1.1e-05,1e-05,0.9999,1e-05,3e-05
7781,7,7,1,0.004608,0.002444,0.005361,0.002895,0.001523,0.002585,0.001527,0.970738,0.000615,0.007703
7782,7,7,1,0.012216,0.008409,0.003489,0.002238,0.005689,0.001254,0.003984,0.950387,0.002405,0.009928
7783,7,7,1,0.002305,0.009599,0.007594,0.003171,0.004577,0.002177,0.001613,0.956967,0.002405,0.009593
7784,7,7,1,0.013465,0.012494,0.005702,0.010158,0.005103,0.007841,0.002979,0.917878,0.003826,0.020554
7785,7,7,1,0.000498,0.000639,0.000511,0.000362,0.00026,8.2e-05,0.000235,0.996692,0.000149,0.000574
7786,7,7,1,0.007049,0.004414,0.00675,0.011044,0.012936,0.002876,0.002231,0.911734,0.009863,0.031102
7787,7,7,1,0.001205,0.002275,0.000995,0.002721,0.002057,0.001337,0.001255,0.982907,0.000693,0.004556
7788,7,7,1,0.003336,0.002977,0.002459,0.000551,0.000886,0.000361,0.000379,0.983502,0.001115,0.004434
7789,7,7,1,0.000645,0.001565,0.001054,0.000696,0.000196,0.000397,0.000305,0.992951,0.000547,0.001644
7790,7,7,1,0.01102,0.011508,0.007642,0.008132,0.007214,0.005004,0.003813,0.929969,0.002069,0.013628
7791,7,7,1,0.000912,0.004193,0.002795,0.001952,0.00193,0.0013,0.00113,0.981903,0.00092,0.002964
7792,7,7,1,0.00719,0.002259,0.004951,0.003118,0.001569,0.004222,0.001385,0.961316,0.002918,0.011072
7793,7,7,1,0.00383,0.007187,0.003447,0.004231,0.001385,0.001779,0.001384,0.965395,0.001826,0.009537
7794,7,7,1,0.001234,0.001316,0.002328,0.002887,0.001503,0.000375,0.000492,0.983511,0.000535,0.005819
7795,7,7,1,0.005229,0.011507,0.006707,0.001543,0.006518,0.001498,0.003293,0.947223,0.002302,0.014181
7796,7,7,1,0.00522,0.004351,0.002511,0.00447,0.00266,0.001747,0.000563,0.967817,0.001933,0.008728
7797,7,7,1,2.2e-05,1.7e-05,1.4e-05,1.1e-05,5e-06,7e-06,4e-06,0.9999,1e-06,1.9e-05
7798,7,7,1,0.005057,0.008507,0.005492,0.003252,0.001536,0.000984,0.00158,0.959378,0.003288,0.010925
7799,7,7,1,0.005508,0.0041,0.003568,0.003592,0.002272,0.002199,0.001754,0.970071,0.00075,0.006185
7800,7,7,1,0.003259,0.003142,0.001217,0.001309,0.001858,0.000605,0.000906,0.98068,0.001065,0.005959
7801,7,7,1,0.002821,0.000818,0.000697,0.000712,0.00157,0.000341,0.000846,0.98803,0.000666,0.0035
7802,7,7,1,0.015311,0.007006,0.010084,0.016484,0.005101,0.006195,0.002513,0.899785,0.008431,0.029089
7803,7,7,1,9e-06,6e-06,1.3e-05,8e-06,5e-06,8e-06,8e-06,0.9999,4e-06,3.8e-05
7804,7,7,1,0.0199,0.014615,0.011263,0.006463,0.005272,0.002663,0.002441,0.917944,0.004043,0.015395
7805,7,7,1,1.7e-05,9e-06,1.1e-05,7e-06,5e-06,5e-06,3e-06,0.9999,1e-05,3.2e-05
7806,7,7,1,0.005324,0.01496,0.007699,0.002876,0.006969,0.005027,0.005373,0.925317,0.003263,0.023192
7807,7,7,1,0.003015,0.006003,0.002382,0.003215,0.00464,0.006386,0.005441,0.947962,0.0023,0.018657
7808,7,7,1,0.001692,0.001342,0.000313,0.001095,0.000377,0.000291,0.000526,0.992241,0.000452,0.00167
7809,7,7,1,0.002918,0.002112,0.002713,0.002587,0.005283,0.002935,0.002151,0.966938,0.002056,0.010307
7810,7,7,1,0.002095,0.00536,0.003555,0.001097,0.002458,0.003397,0.00269,0.970237,0.00138,0.00773
7811,7,7,1,0.005345,0.002373,0.003853,0.00254,0.0008,0.001928,0.001405,0.973966,0.001442,0.006348
7812,7,7,1,0.001282,0.001925,0.001447,0.000951,0.000712,0.000638,0.000195,0.990999,0.000289,0.001562
7813,7,7,1,1e-05,1.3e-05,1.7e-05,8e-06,7e-06,6e-06,3e-06,0.9999,5e-06,3.2e-05
7814,7,7,1,0.003884,0.007599,0.005856,0.004285,0.009776,0.006785,0.00521,0.938679,0.003609,0.014318
7815,7,7,1,0.000121,0.000393,0.000279,0.000197,0.000313,6.9e-05,0.000223,0.997709,7e-05,0.000627
7816,7,7,1,0.002844,0.005487,0.008028,0.001962,0.005185,0.003758,0.002236,0.947387,0.005517,0.017597
7817,7,7,1,0.012773,0.011754,0.005591,0.003019,0.008814,0.001601,0.003585,0.930754,0.003127,0.018982
7818,7,7,1,0.004554,0.003235,0.003135,0.001588,0.000786,0.001432,0.001018,0.979065,0.000273,0.004913
7819,7,7,1,0.000823,0.001153,0.000722,0.000231,0.00022,0.000545,0.000331,0.993596,0.000275,0.002104
7820,7,7,1,0.003318,0.005104,0.004939,0.001825,0.002394,0.001811,0.002416,0.969596,0.001125,0.007471
7821,7,7,1,0.002953,0.005622,0.004733,0.003942,0.001159,0.001814,0.000631,0.967286,0.002603,0.009255
7822,7,7,1,0.003999,0.006411,0.004968,0.002114,0.006045,0.006692,0.003996,0.947765,0.002344,0.015667
7823,7,7,1,0.007877,0.001392,0.004349,0.001947,0.003173,0.001011,0.001518,0.964838,0.001562,0.012333
7824,7,7,1,0.005931,0.01091,0.00568,0.003421,0.002855,0.004745,0.005665,0.932438,0.001966,0.02639
7825,7,7,1,1.2e-05,1.7e-05,1e-05,1.5e-05,7e-06,3e-06,3e-06,0.9999,7e-06,2.5e-05
7826,7,7,1,0.021337,0.011445,0.018377,0.014963,0.008901,0.010623,0.002006,0.88194,0.006925,0.023484
7827,7,7,1,0.001944,0.00117,0.001286,0.000695,0.000396,0.001211,0.000797,0.988802,0.000889,0.00281
7828,7,7,1,0.003218,0.008828,0.007669,0.006578,0.002814,0.003398,0.003806,0.949353,0.001516,0.01282
7829,7,7,1,0.004267,0.009983,0.002565,0.002653,0.005598,0.005358,0.003679,0.950833,0.002374,0.01269
7830,7,7,1,0.002773,0.004496,0.007457,0.003667,0.003913,0.002046,0.003834,0.959747,0.002807,0.00926
7831,7,7,1,0.005348,0.003631,0.00562,0.008308,0.006385,0.006581,0.001976,0.941785,0.004732,0.015634
7832,7,7,1,0.009441,0.003317,0.002163,0.004697,0.006861,0.00378,0.003721,0.952304,0.001592,0.012124
7833,7,7,1,2.3e-05,1.7e-05,1e-05,9e-06,7e-06,4e-06,6e-06,0.9999,5e-06,2e-05
7834,7,7,1,0.007856,0.005247,0.003126,0.00579,0.002108,0.003441,0.002137,0.955263,0.00297,0.012063
7835,7,7,1,0.003027,0.00453,0.005487,0.004366,0.008456,0.002764,0.002117,0.948477,0.002802,0.017974
7836,7,7,1,0.000591,0.000925,0.001414,0.001427,0.000533,0.000297,0.000422,0.990808,0.000408,0.003174
7837,7,7,1,0.005863,0.008857,0.01035,0.003019,0.005541,0.002235,0.003451,0.934185,0.002528,0.023971
7838,7,7,1,0.003326,0.001973,0.004354,0.007046,0.0018,0.003471,0.002664,0.96212,0.002181,0.011066
7839,7,7,1,0.005297,0.002947,0.007885,0.002496,0.005623,0.001296,0.003402,0.957758,0.001638,0.011659
7840,7,7,1,0.015976,0.011997,0.003524,0.005541,0.004504,0.001461,0.005586,0.933007,0.00352,0.014885
7841,7,7,1,0.010336,0.011211,0.005183,0.003742,0.002462,0.005177,0.004102,0.941995,0.003428,0.012365
7842,7,7,1,0.01112,0.002708,0.003381,0.005244,0.005758,0.00436,0.003342,0.950777,0.002543,0.010766
7843,7,7,1,0.013589,0.008767,0.004447,0.006598,0.003736,0.00411,0.005357,0.935703,0.001419,0.016273
7844,7,7,1,0.001624,0.005625,0.001113,0.000938,0.002375,0.002701,0.001892,0.975675,0.001277,0.00678
7845,7,7,1,0.003668,0.00163,0.003365,0.002769,0.004041,0.003372,0.001427,0.9691,0.002301,0.008327
7846,7,7,1,0.003001,0.010066,0.004588,0.004445,0.007433,0.005721,0.004125,0.945322,0.001966,0.013335
7847,7,7,1,0.012848,0.014429,0.015051,0.008235,0.005335,0.006318,0.001931,0.901538,0.005016,0.029299
7848,7,7,1,0.006689,0.007913,0.01525,0.005059,0.00756,0.005826,0.004264,0.920932,0.006045,0.020462
7849,7,7,1,0.01121,0.007191,0.002976,0.006071,0.004418,0.006897,0.003418,0.931566,0.004243,0.022011
7850,7,7,1,1.2e-05,2.1e-05,8e-06,1.2e-05,6e-06,8e-06,4e-06,0.9999,2e-06,2.7e-05
7851,7,7,1,0.007216,0.005315,0.00326,0.001875,0.001837,0.001762,0.000779,0.970494,0.000786,0.006676
7852,7,7,1,0.012037,0.009374,0.005673,0.003973,0.005145,0.003152,0.000862,0.946881,0.003073,0.00983
7853,7,7,1,0.001962,0.000705,0.000497,0.000653,0.001025,0.001048,0.000365,0.990901,0.000688,0.002157
7854,7,7,1,7e-06,7e-06,2e-05,7e-06,9e-06,9e-06,3e-06,0.9999,3e-06,3.6e-05
7855,7,7,1,0.015106,0.010632,0.0062,0.010223,0.001853,0.004321,0.003658,0.924103,0.00279,0.021114
7856,7,7,1,0.01476,0.004752,0.01379,0.002603,0.005526,0.003477,0.003724,0.925285,0.00336,0.022721
7857,7,7,1,0.01414,0.006827,0.004589,0.005485,0.002185,0.003822,0.003694,0.942144,0.00117,0.015944
7858,7,7,1,0.00968,0.008446,0.002202,0.004514,0.006332,0.004262,0.00108,0.949831,0.001038,0.012615
7859,7,7,1,0.004087,0.009971,0.006351,0.004269,0.00719,0.006447,0.007026,0.929389,0.002946,0.022324
7860,7,7,1,0.007602,0.008449,0.002532,0.003929,0.002957,0.002254,0.003157,0.958585,0.001698,0.008838
7861,7,7,1,0.005521,0.0045,0.003023,0.001917,0.007914,0.003239,0.001699,0.951301,0.001266,0.01962
7862,7,7,1,0.023733,0.00437,0.008313,0.007955,0.005074,0.010259,0.00896,0.903023,0.001924,0.026388
7863,7,7,1,0.007415,0.005637,0.006577,0.0012,0.00319,0.001228,0.00196,0.960584,0.00103,0.011179
7864,7,7,1,0.014134,0.01102,0.007357,0.005291,0.005024,0.002637,0.005201,0.931032,0.002827,0.015477
7865,7,7,1,0.003326,0.007879,0.00447,0.001641,0.003877,0.001418,0.001388,0.95992,0.003318,0.012763
7866,7,7,1,0.003788,0.003374,0.003837,0.002609,0.002112,0.001412,0.000705,0.97399,0.0007,0.007473
7867,7,7,1,0.014605,0.003619,0.011819,0.007004,0.00671,0.003826,0.002713,0.934362,0.003278,0.012065
7868,7,7,1,0.004094,0.007072,0.005746,0.005414,0.003069,0.003858,0.002538,0.951089,0.002363,0.014758
7869,7,7,1,0.003265,0.004055,0.007611,0.00309,0.005265,0.002989,0.002036,0.959636,0.001748,0.010304
7870,7,7,1,0.003037,0.001555,0.002621,0.0023,0.001437,0.001404,0.001817,0.978699,0.00083,0.0063
7871,7,7,1,0.000684,0.000325,0.000657,0.000509,0.000613,0.000292,0.000286,0.994167,0.000611,0.001856
7872,7,7,1,0.008737,0.005278,0.009398,0.011231,0.003773,0.007846,0.006757,0.926625,0.005083,0.015272
7873,7,7,1,0.006242,0.006504,0.007591,0.009943,0.006566,0.003185,0.003582,0.93741,0.004034,0.014944
7874,7,7,1,0.007948,0.003654,0.003343,0.004695,0.004813,0.002287,0.007118,0.941148,0.00338,0.021615
7875,7,7,1,0.010545,0.007292,0.007377,0.008887,0.008943,0.002147,0.006449,0.926391,0.003085,0.018884
7876,7,7,1,0.007935,0.013678,0.002986,0.006716,0.0049,0.004496,0.007579,0.927895,0.002365,0.02145
7877,7,7,1,0.000832,0.000567,0.000315,0.00017,0.000209,0.000228,0.000169,0.996662,0.000181,0.000666
7878,7,7,1,0.003432,0.001724,0.005633,0.003544,0.000859,0.003156,0.000717,0.96913,0.000609,0.011197
7879,7,7,1,0.005614,0.006561,0.004868,0.003147,0.001691,0.001957,0.002978,0.962502,0.001658,0.009024
7880,7,7,1,1.1e-05,1.3e-05,1.1e-05,1.6e-05,4e-06,9e-06,8e-06,0.9999,3e-06,2.4e-05
7881,7,7,1,0.002093,0.003331,0.00108,0.001875,0.000507,0.001815,0.000806,0.983735,0.000659,0.004098
7882,7,7,1,0.011133,0.010734,0.008002,0.002119,0.001852,0.004149,0.005404,0.938735,0.003151,0.014722
7883,7,7,1,0.00491,0.001826,0.003741,0.002132,0.004505,0.001252,0.003071,0.963969,0.00335,0.011244
7884,7,7,1,0.006531,0.002365,0.009891,0.007108,0.005111,0.004437,0.000743,0.949706,0.000799,0.013309
7885,7,7,1,6e-06,5e-06,5e-06,5e-06,1.2e-05,5e-06,1.5e-05,0.9999,9e-06,3.8e-05
7886,7,7,1,0.000781,0.001659,0.00168,0.001383,0.000808,0.00095,0.000649,0.989496,0.000445,0.00215
7887,7,7,1,1.7e-05,1.7e-05,5e-06,5e-06,7e-06,9e-06,5e-06,0.9999,7e-06,2.8e-05
7888,7,7,1,0.003146,0.009085,0.008771,0.006491,0.004639,0.002491,0.001623,0.944957,0.00226,0.016538
7889,7,7,1,0.003233,0.00119,0.00122,0.003245,0.001781,0.001826,0.001358,0.980933,0.000288,0.004926
7890,7,7,1,0.002941,0.002086,0.000856,0.000592,0.000709,0.001191,0.000906,0.987766,0.000449,0.002505
7891,7,7,1,0.021807,0.006919,0.014976,0.003168,0.010638,0.005747,0.007449,0.901683,0.003071,0.024541
7892,7,7,1,0.002949,0.000808,0.000991,0.000949,0.001187,0.000679,0.000983,0.987007,0.000952,0.003495
7893,7,7,1,0.004201,0.004535,0.002224,0.000857,0.002165,0.001792,0.001545,0.97603,0.000893,0.005759
7894,7,7,1,0.00511,0.006355,0.002794,0.006651,0.003087,0.004533,0.001014,0.955327,0.003079,0.01205
7895,7,7,1,0.013729,0.014524,0.005372,0.002296,0.002606,0.003945,0.007248,0.925306,0.001318,0.023656
7896,7,7,1,0.002826,0.0094,0.005142,0.003358,0.003404,0.001155,0.002802,0.958914,0.002021,0.010978
7897,7,7,1,0.004651,0.001967,0.002074,0.005824,0.003086,0.002937,0.001637,0.965337,0.000714,0.011774
7898,7,7,1,0.003491,0.008322,0.007973,0.006251,0.005546,0.002222,0.001517,0.948108,0.003126,0.013443
7899,7,7,1,0.003847,0.002293,0.003339,0.003356,0.00356,0.001383,0.003394,0.966542,0.001568,0.010718
7900,7,7,1,0.015739,0.009492,0.004578,0.004049,0.00552,0.00152,0.004594,0.931611,0.002597,0.020301
7901,7,7,1,0.011632,0.010182,0.007084,0.008331,0.00549,0.005276,0.004411,0.93209,0.002571,0.012934
7902,7,7,1,1.4e-05,2.1e-05,1e-05,9e-06,9e-06,9e-06,2e-06,0.9999,6e-06,2e-05
7903,7,7,1,0.003186,0.006436,0.005137,0.002578,0.006382,0.003378,0.001653,0.95617,0.003218,0.011862
7904,7,7,1,9e-06,1.2e-05,1.4e-05,1.3e-05,6e-06,4e-06,5e-06,0.9999,6e-06,3.2e-05
7905,7,7,1,0.008785,0.002108,0.004489,0.003825,0.003642,0.004095,0.004903,0.951013,0.001391,0.01575
7906,7,7,1,0.008863,0.006331,0.008025,0.007649,0.003834,0.004531,0.002223,0.945651,0.002855,0.010039
7907,7,7,1,0.013611,0.011258,0.002698,0.00471,0.002144,0.002018,0.00273,0.940913,0.004952,0.014967
7908,7,7,1,0.003077,0.001511,0.001455,0.000483,0.001545,0.000414,0.000495,0.986369,0.000518,0.004133
7909,7,7,1,0.00873,0.003566,0.008675,0.002952,0.007001,0.003229,0.00363,0.947564,0.001368,0.013285
7910,7,7,1,0.005853,0.011586,0.008004,0.002902,0.003878,0.005647,0.002563,0.938284,0.003814,0.017468
7911,7,7,1,0.002192,0.000706,0.002182,0.000813,0.000895,0.00077,0.001072,0.986915,0.000422,0.004034
7912,7,7,1,0.011163,0.0033,0.003323,0.007419,0.005061,0.002977,0.003159,0.929858,0.004809,0.028933
7913,7,7,1,0.00299,0.006699,0.00502,0.002102,0.00687,0.00405,0.001007,0.95391,0.001556,0.015796
7914,7,7,1,0.003969,0.003953,0.002014,0.002901,0.001282,0.000651,0.000906,0.978186,0.000465,0.005674
7915,7,7,1,0.009316,0.009211,0.005563,0.006582,0.004281,0.004542,0.003156,0.94673,0.001432,0.009186
7916,7,7,1,0.007311,0.007402,0.004269,0.002279,0.003279,0.001864,0.001607,0.960401,0.001841,0.009747
7917,7,7,1,0.010197,0.002442,0.007142,0.005009,0.003361,0.004888,0.001272,0.951728,0.003088,0.010873
7918,7,7,1,0.000185,0.000356,0.000294,0.00042,9.2e-05,0.000216,0.000178,0.997484,7.7e-05,0.000698
7919,7,7,1,0.001643,0.005305,0.003448,0.003502,0.002824,0.003227,0.002607,0.967409,0.001597,0.008439
7920,7,7,1,0.005076,0.00623,0.015095,0.003717,0.005947,0.003342,0.008832,0.924688,0.004352,0.022723
7921,7,7,1,0.008726,0.004301,0.006798,0.003858,0.008146,0.005444,0.003029,0.938858,0.001923,0.018915
7922,7,7,1,0.008669,0.005352,0.005278,0.003932,0.001227,0.002737,0.000908,0.964396,0.001681,0.005821
7923,7,7,1,0.003327,0.010987,0.002173,0.004134,0.007334,0.005857,0.00256,0.944963,0.003021,0.015645
7924,7,7,1,0.004878,0.002486,0.001633,0.003613,0.00277,0.001282,0.001545,0.974334,0.001692,0.005768
7925,7,7,1,1.8e-05,1.9e-05,1e-05,6e-06,1.1e-05,7e-06,5e-06,0.9999,3e-06,2e-05
7926,7,7,1,0.011497,0.002752,0.00897,0.005247,0.00542,0.001579,0.003163,0.947659,0.001924,0.011788
7927,7,7,1,0.002305,0.002255,0.003108,0.006025,0.001628,0.003831,0.003048,0.962217,0.00131,0.014273
7928,7,7,1,0.005255,0.004429,0.004008,0.001541,0.003169,0.001757,0.000933,0.971777,0.001683,0.005449
7929,7,7,1,0.00545,0.001366,0.002127,0.002573,0.000564,0.002352,0.001156,0.977323,0.001112,0.005977
7930,7,7,1,0.024829,0.010517,0.007537,0.01148,0.010311,0.009453,0.001794,0.894688,0.004345,0.025047
7931,7,7,1,0.000858,0.001443,0.001223,0.000929,0.000865,0.000833,0.000187,0.991087,0.000411,0.002165
7932,7,7,1,0.004243,0.01156,0.009227,0.009188,0.001437,0.002801,0.002175,0.937354,0.001432,0.020583
7933,7,7,1,0.003728,0.004095,0.010529,0.004193,0.004278,0.006391,0.004851,0.946902,0.003431,0.011602
7934,7,7,1,0.006824,0.004967,0.00392,0.001652,0.003996,0.004442,0.003283,0.954152,0.001617,0.015148
7935,7,7,1,0.000768,0.00099,0.000657,0.000881,0.000355,0.001023,0.001089,0.989838,0.001099,0.0033
7936,7,7,1,0.002868,0.001504,0.002464,0.002309,0.001848,0.001484,0.000934,0.982536,0.000546,0.003507
7937,7,7,1,0.006693,0.002613,0.001864,0.001394,0.001669,0.001087,0.000995,0.972268,0.001715,0.009701
7938,7,7,1,0.001502,0.000867,0.002667,0.002441,0.002124,0.002181,0.00074,0.981364,0.000992,0.005124
7939,7,7,1,0.007846,0.004097,0.003359,0.00463,0.003001,0.001949,0.002564,0.963139,0.002219,0.007196
7940,7,7,1,0.002731,0.005813,0.004294,0.005839,0.001364,0.003549,0.002623,0.960968,0.002785,0.010035
7941,7,7,1,0.014154,0.010858,0.002718,0.004631,0.006098,0.002619,0.004148,0.942127,0.002721,0.009925
7942,7,7,1,0.000914,0.002072,0.00114,0.000335,0.001038,0.000623,0.000501,0.990743,0.000563,0.00207
7943,7,7,1,0.016371,0.009445,0.003203,0.005779,0.002373,0.005168,0.004578,0.929294,0.001972,0.021817
7944,7,7,1,0.004335,0.002325,0.003454,0.001428,0.004439,0.003289,0.003757,0.964306,0.001657,0.011009
7945,7,7,1,1.4e-05,5e-06,1.7e-05,1.5e-05,5e-06,8e-06,6e-06,0.9999,3e-06,2.8e-05
7946,7,7,1,0.025586,0.017199,0.01003,0.003705,0.012044,0.003249,0.00612,0.883524,0.008982,0.029559
7947,7,7,1,0.004326,0.006709,0.001591,0.003925,0.001006,0.00294,0.002804,0.967494,0.000953,0.008252
7948,7,7,1,0.010754,0.011755,0.008935,0.005851,0.005733,0.001867,0.00386,0.937289,0.000981,0.012975
7949,7,7,1,0.001266,0.000788,0.002897,0.001622,0.001186,0.002002,0.000646,0.984107,0.000564,0.004923
7950,7,7,1,0.001211,0.001149,0.001669,0.003032,0.002343,0.001376,0.000438,0.983005,0.001056,0.004722
7951,7,7,1,0.005141,0.002183,0.003448,0.001061,0.002881,0.000721,0.001592,0.974011,0.001246,0.007716
7952,7,7,1,0.006122,0.011223,0.010247,0.008067,0.007733,0.006454,0.001861,0.930587,0.003372,0.014332
7953,7,7,1,1.8e-05,1.4e-05,1e-05,1.3e-05,6e-06,3e-06,3e-06,0.9999,4e-06,2.8e-05
7954,7,7,1,0.003642,0.006608,0.003861,0.006713,0.00308,0.003179,0.002937,0.944642,0.004368,0.02097
7955,7,7,1,1.4e-05,1.3e-05,1.4e-05,3e-06,1.2e-05,9e-06,3e-06,0.9999,3e-06,2.9e-05
7956,7,7,1,0.015575,0.01272,0.013563,0.017394,0.009004,0.010221,0.006662,0.885314,0.00158,0.027967
7957,7,7,1,0.008709,0.016382,0.01069,0.002519,0.009932,0.004499,0.005121,0.921664,0.002003,0.018482
7958,7,7,1,0.000801,0.001113,0.000614,0.000817,0.000683,0.00032,0.00018,0.993351,0.000318,0.001804
7959,7,7,1,0.006498,0.015441,0.011078,0.004585,0.003242,0.0038,0.004228,0.926086,0.004034,0.021009
7960,7,7,1,0.003891,0.00901,0.001732,0.00344,0.003557,0.004718,0.001839,0.953914,0.002736,0.015164
7961,7,7,1,0.00831,0.007468,0.007374,0.006168,0.003418,0.001527,0.004659,0.946178,0.002783,0.012114
7962,7,7,1,1.6e-05,6e-06,9e-06,8e-06,1.4e-05,5e-06,8e-06,0.9999,3e-06,3.2e-05
7963,7,7,1,0.008655,0.011506,0.011461,0.010327,0.010465,0.006469,0.005466,0.915649,0.002955,0.017048
7964,7,7,1,0.001304,0.000517,0.001411,0.000681,0.000519,0.000959,0.000514,0.991366,0.000575,0.002154
7965,7,7,1,0.00175,0.000791,0.000416,0.000444,0.000539,0.000716,0.000241,0.99267,0.00046,0.001973
7966,7,7,1,0.007316,0.005968,0.002078,0.002875,0.000884,0.001711,0.001509,0.96746,0.000537,0.009661
7967,7,7,1,0.004165,0.003378,0.002506,0.001265,0.000873,0.003665,0.001782,0.973141,0.002202,0.007022
7968,7,7,1,0.00142,0.00395,0.002861,0.00164,0.001762,0.002205,0.001946,0.974726,0.000813,0.008676
7969,7,7,1,1.1e-05,5e-06,7e-06,1.9e-05,1.1e-05,4e-06,7e-06,0.9999,4e-06,3.2e-05
7970,7,7,1,0.003684,0.003931,0.004397,0.004379,0.001599,0.002549,0.000922,0.969798,0.001215,0.007527
7971,7,7,1,0.009532,0.006732,0.001783,0.003684,0.005308,0.003055,0.001765,0.953291,0.002566,0.012285
7972,7,7,1,0.011631,0.006666,0.003233,0.00308,0.005096,0.004262,0.002934,0.944813,0.002655,0.01563
7973,7,7,1,0.00724,0.002103,0.001257,0.001742,0.003142,0.001853,0.001292,0.969785,0.001325,0.010261
7974,7,7,1,0.016998,0.007992,0.005158,0.003286,0.008107,0.004194,0.005919,0.928646,0.003098,0.016602
7975,7,7,1,0.005612,0.010373,0.003993,0.008278,0.008214,0.005613,0.003453,0.938839,0.002878,0.012746
7976,7,7,1,2.3e-05,5e-06,1.4e-05,6e-06,9e-06,3e-06,1e-05,0.9999,5e-06,2.5e-05
7977,7,7,1,0.00315,0.004117,0.001892,0.004879,0.003864,0.001287,0.002175,0.965686,0.001396,0.011554
7978,7,7,1,0.002427,0.001923,0.005178,0.002205,0.006027,0.003218,0.001278,0.961365,0.001131,0.015249
7979,7,7,1,0.002395,0.003379,0.001817,0.003147,0.003523,0.002805,0.001488,0.972724,0.001555,0.007167
7980,7,7,1,0.002273,0.001926,0.000768,0.000363,0.000627,0.000334,0.000512,0.989961,0.000317,0.002919
7981,7,7,1,0.003304,0.001165,0.00279,0.002313,0.001039,0.00104,0.00118,0.982682,0.000349,0.004138
7982,7,7,1,0.014095,0.007724,0.007816,0.005211,0.003512,0.002948,0.003351,0.9384,0.002803,0.014138
7983,7,7,1,0.007499,0.017861,0.003639,0.004393,0.010295,0.00757,0.007389,0.917289,0.001547,0.022518
7984,7,7,1,0.01025,0.006614,0.01576,0.002902,0.00722,0.002957,0.008009,0.918387,0.006096,0.021806
7985,7,7,1,0.002528,0.00392,0.003313,0.001351,0.000897,0.000921,0.001847,0.975888,0.000518,0.008817
7986,7,7,1,0.027479,0.007214,0.005398,0.011471,0.005603,0.011778,0.005192,0.88797,0.005436,0.032458
7987,7,7,1,0.000832,0.002596,0.002121,0.001953,0.001224,0.000437,0.001082,0.985198,0.000431,0.004126
7988,7,7,1,0.007408,0.010473,0.002854,0.00473,0.005546,0.003245,0.000903,0.94839,0.000907,0.015543
7989,7,7,1,7e-06,1.9e-05,5e-06,1.5e-05,1e-05,1.1e-05,6e-06,0.9999,4e-06,2.4e-05
7990,7,7,1,1.6e-05,1.1e-05,7e-06,1.6e-05,5e-06,7e-06,4e-06,0.9999,7e-06,2.7e-05
7991,7,7,1,8e-06,1.1e-05,1.2e-05,1.6e-05,1.3e-05,1e-05,2e-06,0.9999,2e-06,2.5e-05
7992,7,7,1,0.000968,0.001824,0.002501,0.001216,0.000613,0.000512,0.000768,0.984874,0.000929,0.005794
7993,7,7,1,0.018476,0.011262,0.004404,0.004281,0.008897,0.003688,0.0041,0.92558,0.002057,0.017255
7994,7,9,0,0.00949,0.002374,0.003788,0.002127,0.004094,0.005668,0.001617,0.437502,0.026728,0.506612
7995,7,2,0,0.045194,0.029169,0.45816,0.042667,0.018124,0.022822,0.014822,0.247819,0.010542,0.110682
7996,7,9,0,-0.024022,-0.028745,-0.032544,-0.022771,-0.017534,-0.012937,-0.008673,0.472569,0.0,0.674658
7997,7,1,0,0.045694,0.3883,0.01665,0.029101,0.011861,0.014367,0.023294,0.34688,0.012441,0.111412
7998,7,9,0,0.042813,0.027184,0.027783,0.008431,0.011371,0.009948,0.006104,0.286602,0.10372,0.476044
7999,7,1,0,-0.024126,0.689164,-0.018245,-0.014666,-0.009975,-0.014563,-0.00641,0.406227,-0.007407,0.0
8000,7,2,0,-0.048626,-0.037608,0.653588,-0.042017,-0.012256,-0.035013,-0.023308,0.571677,-0.026436,0.0
8001,7,2,0,0.016604,0.024495,0.458769,0.04158,0.019329,0.026488,0.010036,0.278377,0.008604,0.115717
8002,7,9,0,-0.005193,-0.006802,-0.005303,-0.005058,-0.001707,-0.002451,-0.002971,0.443236,0.0,0.58625
8003,7,2,0,0.004243,0.003283,0.631576,0.005805,0.003999,0.002576,0.001885,0.331805,0.001723,0.013104
8004,7,2,0,0.005891,0.007235,0.592723,0.005692,0.00166,0.002966,0.004044,0.36191,0.002497,0.015382
8005,7,1,0,-0.022373,0.648333,-0.01617,-0.02283,-0.004882,-0.016014,-0.007693,0.453972,-0.012344,0.0
8006,7,9,0,-0.008987,-0.024294,-0.02334,-0.008675,-0.00871,-0.01496,-0.013589,0.50982,0.0,0.592733
8007,7,1,0,0.001746,0.651192,0.001292,0.002672,0.001044,0.000868,0.002786,0.325895,0.00237,0.010134
8008,7,1,0,0.040908,0.35,0.048925,0.03552,0.031469,0.023078,0.012519,0.305626,0.017139,0.134818
8009,7,1,0,0.009855,0.548904,0.003563,0.00727,0.00592,0.001349,0.004234,0.398456,0.001545,0.018905
8010,7,9,0,0.005008,0.002913,0.003468,0.004265,0.002918,0.003571,0.001361,0.319346,0.022705,0.634446
8011,7,9,0,-0.025312,-0.019914,-0.022046,-0.010081,-0.016131,-0.012564,-0.011097,0.503343,0.0,0.613802
8012,7,2,0,0.041154,0.051891,0.399003,0.038493,0.042142,0.034604,0.030518,0.227414,0.007686,0.127093
8013,7,2,0,0.045906,0.04026,0.46904,0.02911,0.024109,0.01932,0.0205,0.269501,0.005746,0.076508
8014,7,9,0,-0.007854,-0.004106,-0.00506,-0.002509,-0.005462,-0.002246,-0.001827,0.3713,0.0,0.657764
8015,7,1,0,0.024356,0.449393,0.03784,0.040788,0.011605,0.037457,0.029897,0.238198,0.013259,0.117208
8016,7,1,0,-0.010417,0.588734,-0.013481,-0.015625,-0.00439,-0.011992,-0.006199,0.480315,-0.006945,0.0
8017,8,8,1,0.00575,0.007362,0.005781,0.003071,0.001897,0.003073,0.002404,0.001623,0.963224,0.005815
8018,8,8,1,0.005238,0.007399,0.004441,0.002497,0.006847,0.001896,0.003112,0.004644,0.949005,0.014923
8019,8,8,1,0.000581,0.000732,0.000953,0.00064,0.001458,0.000949,0.000686,0.000192,0.990972,0.002836
8020,8,8,1,0.010025,0.00984,0.005382,0.004324,0.00241,0.003733,0.001457,0.002685,0.949765,0.01038
8021,8,8,1,0.006187,0.009451,0.002642,0.003336,0.00685,0.002699,0.004883,0.003391,0.941656,0.018903
8022,8,8,1,2e-05,1.6e-05,6e-06,1e-05,8e-06,6e-06,4e-06,5e-06,0.9999,2.4e-05
8023,8,8,1,0.009909,0.007616,0.003964,0.00191,0.00654,0.005585,0.003985,0.00076,0.945798,0.013933
8024,8,8,1,0.001972,0.001755,0.002641,0.00168,0.001062,0.000373,0.000716,0.001015,0.985594,0.003192
8025,8,8,1,2.1e-05,4.5e-05,2e-05,2.7e-05,2.7e-05,1.5e-05,4.9e-05,2.1e-05,0.999578,0.000195
8026,8,8,1,6e-06,5e-06,5e-06,1.4e-05,1.5e-05,4e-06,8e-06,3e-06,0.9999,4e-05
8027,8,8,1,0.025907,0.017529,0.014653,0.003612,0.011174,0.001778,0.007334,0.004118,0.892077,0.021818
8028,8,8,1,0.00069,0.000658,0.000904,0.001068,0.001062,0.000438,0.000604,0.001052,0.990285,0.003239
8029,8,8,1,0.011796,0.009979,0.007961,0.002259,0.002576,0.001688,0.002417,0.003252,0.943766,0.014307
8030,8,8,1,0.012874,0.0043,0.009833,0.009588,0.005456,0.004712,0.009275,0.002435,0.915317,0.026211
8031,8,8,1,1.9e-05,1.8e-05,8e-06,1e-05,1.1e-05,7e-06,3e-06,2e-06,0.9999,2.4e-05
8032,8,8,1,0.00967,0.006337,0.010412,0.005193,0.002972,0.006884,0.006132,0.004329,0.933955,0.014116
8033,8,8,1,0.001785,0.000747,0.001672,0.001647,0.001225,0.000551,0.001439,0.001052,0.986098,0.003784
8034,8,8,1,0.002808,0.004769,0.001276,0.000988,0.001021,0.002681,0.002111,0.002005,0.974091,0.008251
8035,8,8,1,0.007495,0.00432,0.001542,0.004767,0.001035,0.001966,0.004035,0.002957,0.962046,0.009837
8036,8,8,1,0.005121,0.016413,0.00366,0.006802,0.005017,0.005083,0.005871,0.004594,0.908975,0.038463
8037,8,8,1,0.01037,0.018156,0.011504,0.011153,0.002564,0.003084,0.006151,0.005434,0.914443,0.01714
8038,8,8,1,0.004129,0.003529,0.005221,0.008677,0.003478,0.006295,0.004233,0.002466,0.943023,0.018948
8039,8,8,1,0.011331,0.01577,0.010088,0.006981,0.0025,0.003889,0.006587,0.004761,0.920688,0.017404
8040,8,8,1,0.001516,0.001147,0.002005,0.001116,0.000431,0.000429,0.000847,0.000563,0.9881,0.003847
8041,8,8,1,0.000334,0.000112,0.000146,0.000101,0.000156,0.000133,9.8e-05,7.1e-05,0.998422,0.000427
8042,8,8,1,1.9e-05,1.3e-05,1.1e-05,5e-06,6e-06,5e-06,8e-06,6e-06,0.9999,2.6e-05
8043,8,8,1,0.005534,0.004759,0.007615,0.003737,0.004801,0.001404,0.00168,0.000962,0.952708,0.0168
8044,8,8,1,0.000224,0.000328,0.000265,0.000209,5.6e-05,0.000107,7.5e-05,0.000106,0.99825,0.000379
8045,8,8,1,0.013861,0.014789,0.006273,0.011338,0.005282,0.00197,0.00476,0.004082,0.91425,0.023394
8046,8,8,1,0.012381,0.00855,0.013093,0.007035,0.005778,0.003555,0.00282,0.0057,0.920334,0.020755
8047,8,8,1,0.007327,0.008271,0.005275,0.004896,0.002528,0.001645,0.002527,0.000786,0.957828,0.008915
8048,8,8,1,0.002344,0.005851,0.003865,0.002136,0.001984,0.00545,0.001872,0.00234,0.962001,0.012158
8049,8,8,1,0.017563,0.011565,0.01015,0.003663,0.007025,0.005941,0.001402,0.004084,0.921818,0.016788
8050,8,8,1,0.001126,0.001514,0.001843,0.001886,0.002075,0.000416,0.000617,0.001091,0.985174,0.004257
8051,8,8,1,0.00656,0.003571,0.001505,0.003696,0.001596,0.000689,0.001641,0.001137,0.972592,0.007015
8052,8,8,1,0.005333,0.006075,0.005041,0.003972,0.00246,0.006022,0.00358,0.003185,0.951386,0.012945
8053,8,8,1,0.00308,0.004244,0.010021,0.010739,0.006422,0.006432,0.004569,0.001082,0.939156,0.014254
8054,8,8,1,0.015576,0.008451,0.008998,0.009269,0.003725,0.004817,0.003543,0.004424,0.926899,0.014297
8055,8,8,1,0.001677,0.005145,0.003227,0.00306,0.002343,0.000428,0.00108,0.000673,0.977201,0.005166
8056,8,8,1,2e-05,1.3e-05,4e-06,1.4e-05,3e-06,9e-06,5e-06,5e-06,0.9999,2.9e-05
8057,8,8,1,0.000454,0.000781,0.000957,0.001242,0.000241,0.000638,0.000213,0.000559,0.992685,0.002229
8058,8,8,1,1.1e-05,7e-06,2e-05,1.2e-05,3e-06,3e-06,6e-06,5e-06,0.9999,3.3e-05
8059,8,8,1,0.001799,0.002734,0.001187,0.000602,0.001313,0.000805,0.000738,0.000254,0.98679,0.003777
8060,8,8,1,0.012408,0.004908,0.009006,0.005525,0.002886,0.003452,0.001892,0.001627,0.945759,0.012537
8061,8,8,1,0.005149,0.002626,0.002752,0.001186,0.001811,0.000745,0.000937,0.000624,0.979258,0.004912
8062,8,8,1,0.004137,0.005129,0.002787,0.004785,0.003011,0.003042,0.001026,0.001864,0.966978,0.007241
8063,8,8,1,0.007562,0.003754,0.002448,0.005816,0.003859,0.000711,0.001467,0.001404,0.962705,0.010276
8064,8,8,1,0.004437,0.014299,0.005155,0.002623,0.010623,0.004845,0.005287,0.005671,0.924332,0.022727
8065,8,8,1,0.016576,0.011487,0.012526,0.004608,0.002926,0.006812,0.003013,0.004646,0.91144,0.025966
8066,8,8,1,0.017995,0.006129,0.00337,0.010248,0.003181,0.008202,0.005907,0.003289,0.922533,0.019146
8067,8,8,1,0.002345,0.002911,0.002655,0.00224,0.004563,0.004041,0.001519,0.00379,0.961065,0.014871
8068,8,8,1,0.002223,0.007998,0.007259,0.004478,0.00109,0.003316,0.001138,0.001625,0.957981,0.012894
8069,8,8,1,0.007191,0.0059,0.003755,0.00427,0.006452,0.005198,0.001943,0.001828,0.940256,0.023207
8070,8,8,1,0.003047,0.013507,0.003607,0.003854,0.003593,0.002432,0.00635,0.002778,0.942126,0.018704
8071,8,8,1,0.00189,0.000918,0.001058,0.001504,0.000394,0.000351,0.000287,0.000251,0.990043,0.003304
8072,8,8,1,0.009024,0.005245,0.00498,0.002373,0.002127,0.001802,0.002508,0.001259,0.960053,0.01063
8073,8,8,1,0.004764,0.003082,0.002292,0.001671,0.001188,0.000549,0.001147,0.00056,0.979287,0.005461
8074,8,8,1,0.014203,0.006438,0.00718,0.001952,0.001897,0.005714,0.001536,0.003803,0.936004,0.021273
8075,8,8,1,0.003027,0.003151,0.001933,0.00285,0.001363,0.001903,0.000628,0.000506,0.979293,0.005347
8076,8,8,1,0.002786,0.005773,0.001752,0.000883,0.001545,0.000943,0.001091,0.000907,0.973394,0.010926
8077,8,8,1,0.005405,0.002414,0.003511,0.001267,0.003213,0.001051,0.00061,0.001337,0.974373,0.00682
8078,8,8,1,0.00116,0.002869,0.000774,0.001709,0.000737,0.001997,0.001372,0.000921,0.984217,0.004244
8079,8,8,1,0.004792,0.001928,0.001103,0.001172,0.000827,0.001295,0.001351,0.000571,0.980258,0.006705
8080,8,8,1,0.0034,0.002894,0.004248,0.002187,0.00129,0.001138,0.00043,0.00119,0.976612,0.00661
8081,8,8,1,0.005376,0.002205,0.001164,0.004602,0.001813,0.00243,0.001112,0.002525,0.970459,0.008313
8082,8,8,1,0.011816,0.007879,0.005328,0.001371,0.004768,0.002452,0.003482,0.001441,0.951918,0.009547
8083,8,8,1,3.2e-05,3.7e-05,6.5e-05,5.5e-05,5.3e-05,6.2e-05,4.4e-05,9e-06,0.999505,0.000138
8084,8,8,1,0.004689,0.002677,0.004663,0.002549,0.002695,0.001287,0.001426,0.000765,0.973115,0.006133
8085,8,8,1,0.00097,0.001413,0.002288,0.001645,0.000347,0.001123,0.001034,0.000806,0.987642,0.002732
8086,8,8,1,0.003975,0.004373,0.001706,0.003017,0.001452,0.000649,0.002691,0.001407,0.973452,0.007278
8087,8,8,1,0.001613,0.002529,0.003548,0.001363,0.004862,0.003424,0.001374,0.001143,0.970052,0.010093
8088,8,8,1,0.002144,0.002749,0.002741,0.00408,0.003536,0.002045,0.001543,0.001526,0.971742,0.007894
8089,8,8,1,0.015631,0.004357,0.008352,0.013455,0.00859,0.003602,0.005317,0.004124,0.906685,0.029887
8090,8,8,1,0.019408,0.018135,0.014344,0.006439,0.003054,0.004974,0.004006,0.004318,0.904075,0.021246
8091,8,8,1,0.011142,0.012318,0.00744,0.003917,0.001716,0.002502,0.002437,0.004466,0.937181,0.016881
8092,8,8,1,0.008754,0.004263,0.005568,0.002553,0.004116,0.002753,0.002281,0.000994,0.961566,0.007151
8093,8,8,1,0.012952,0.005795,0.001706,0.00188,0.004213,0.002806,0.003345,0.001975,0.947336,0.017993
8094,8,8,1,0.008247,0.004616,0.003222,0.009199,0.010653,0.005911,0.005428,0.006006,0.928477,0.018242
8095,8,8,1,0.008399,0.008686,0.008172,0.005365,0.003692,0.002311,0.001128,0.001691,0.945514,0.015041
8096,8,8,1,0.007284,0.011965,0.007216,0.002909,0.001731,0.004077,0.001289,0.003364,0.943323,0.016841
8097,8,8,1,0.003758,0.001066,0.002938,0.003033,0.002898,0.001744,0.002337,0.001271,0.974968,0.005988
8098,8,8,1,0.000589,0.001299,0.000681,0.001563,0.000813,0.00025,0.00078,0.00023,0.990629,0.003168
8099,8,8,1,0.001964,0.00115,0.000719,0.001215,0.000253,0.000792,0.000871,0.000662,0.990234,0.00214
8100,8,8,1,0.011951,0.00685,0.008291,0.0113,0.00897,0.004517,0.00473,0.00112,0.925179,0.017091
8101,8,8,1,0.002794,0.001827,0.001386,0.001354,0.000712,0.000708,0.000695,0.000874,0.986827,0.002823
8102,8,8,1,0.006267,0.014971,0.00445,0.016222,0.003058,0.005417,0.00911,0.004161,0.90796,0.028384
8103,8,8,1,0.011418,0.004035,0.011169,0.009932,0.004553,0.005763,0.003883,0.001547,0.932012,0.015689
8104,8,8,1,0.009535,0.007255,0.003767,0.003561,0.004023,0.002138,0.004784,0.004207,0.94364,0.01709
8105,8,8,1,0.008782,0.005683,0.004685,0.001222,0.004114,0.001918,0.000812,0.001061,0.958978,0.012745
8106,8,8,1,0.00056,0.000496,0.000342,0.000198,0.000169,8.1e-05,0.000235,0.00018,0.997122,0.000616
8107,8,8,1,0.001992,0.001816,0.000598,0.000477,0.000884,0.000852,0.00061,0.000148,0.990268,0.002355
8108,8,8,1,0.012238,0.011405,0.014247,0.008356,0.004053,0.003429,0.002924,0.001765,0.910432,0.03115
8109,8,8,1,0.006336,0.013372,0.005512,0.007165,0.004976,0.004781,0.005333,0.002384,0.93333,0.01681
8110,8,8,1,0.008049,0.008066,0.004196,0.002169,0.005937,0.001088,0.001222,0.003051,0.952003,0.014219
8111,8,8,1,0.001825,0.002785,0.004443,0.002085,0.000825,0.001194,0.002513,0.000854,0.976689,0.006787
8112,8,8,1,0.002498,0.002372,0.001519,0.00043,0.000939,0.000817,0.001079,0.000601,0.986677,0.003068
8113,8,8,1,0.00464,0.002346,0.00362,0.001648,0.002912,0.000675,0.002411,0.000589,0.97379,0.007368
8114,8,8,1,0.015758,0.006741,0.009803,0.014366,0.009877,0.008748,0.006355,0.002254,0.90479,0.021307
8115,8,8,1,0.00917,0.008933,0.00347,0.002411,0.003271,0.00244,0.002098,0.002713,0.954409,0.011086
8116,8,8,1,0.004427,0.002982,0.003001,0.002767,0.001357,0.000738,0.001187,0.001414,0.977666,0.004461
8117,8,8,1,0.004355,0.004018,0.002925,0.003654,0.001332,0.003433,0.003153,0.002021,0.963501,0.011607
8118,8,8,1,0.018354,0.012166,0.010191,0.002985,0.006278,0.002681,0.004678,0.003633,0.919366,0.019668
8119,8,8,1,0.004222,0.006899,0.00536,0.002557,0.002106,0.000892,0.002575,0.00183,0.966289,0.00727
8120,8,8,1,0.012293,0.005039,0.004441,0.006998,0.005023,0.001628,0.003611,0.004682,0.942109,0.014177
8121,8,8,1,0.005222,0.002907,0.005035,0.001862,0.004096,0.002514,0.002254,0.000771,0.968527,0.006812
8122,8,8,1,0.002483,0.001006,0.001324,0.001102,0.000729,0.001795,0.001049,0.001017,0.985423,0.004072
8123,8,8,1,0.005373,0.001351,0.002962,0.001191,0.001194,0.004579,0.001964,0.001819,0.969465,0.010101
8124,8,8,1,1.6e-05,1.6e-05,1.1e-05,8e-06,1e-05,9e-06,6e-06,2e-06,0.9999,2.2e-05
8125,8,8,1,0.006006,0.011098,0.009437,0.009145,0.00852,0.006506,0.005349,0.005796,0.920686,0.017456
8126,8,8,1,2.4e-05,1.8e-05,9e-06,8e-06,5e-06,8e-06,2e-06,4e-06,0.9999,2.1e-05
8127,8,8,1,1.7e-05,1.3e-05,5e-06,1.2e-05,3e-06,5e-06,9e-06,7e-06,0.9999,2.9e-05
8128,8,8,1,0.000506,0.000277,0.000444,0.000756,0.000547,0.000147,0.000201,0.000305,0.995122,0.001695
8129,8,8,1,0.018126,0.013391,0.004563,0.008378,0.006931,0.006203,0.005289,0.001272,0.915221,0.020626
8130,8,8,1,0.01088,0.011041,0.003,0.007654,0.001603,0.004652,0.003181,0.004474,0.937053,0.016461
8131,8,8,1,0.007798,0.005231,0.00344,0.002911,0.003438,0.002873,0.001528,0.000532,0.965352,0.006896
8132,8,8,1,0.001492,0.001772,0.001064,0.001482,0.000848,0.00039,0.001349,0.000352,0.986427,0.004823
8133,8,8,1,0.003392,0.001336,0.00259,0.002004,0.001342,0.000474,0.001131,0.000629,0.984088,0.003015
8134,8,8,1,0.004682,0.01588,0.003169,0.005822,0.002444,0.005883,0.002881,0.005131,0.924648,0.029461
8135,8,8,1,0.005422,0.002649,0.002313,0.001524,0.002261,0.00048,0.00101,0.000842,0.978078,0.005421
8136,8,8,1,0.007476,0.011649,0.012565,0.009872,0.00606,0.003301,0.003353,0.002478,0.925789,0.017458
8137,8,8,1,0.003039,0.002417,0.001534,0.000828,0.001933,0.001352,0.001123,0.000808,0.983042,0.003925
8138,8,8,1,0.009787,0.010926,0.011806,0.008921,0.008569,0.008806,0.001695,0.002597,0.912133,0.02476
8139,8,8,1,0.003564,0.01342,0.005857,0.004676,0.001797,0.00643,0.00524,0.002102,0.940821,0.016093
8140,8,8,1,0.002581,0.002998,0.00397,0.000759,0.001879,0.002187,0.002387,0.001814,0.97566,0.005764
8141,8,8,1,9e-06,6e-06,1.2e-05,1e-05,1.4e-05,1.1e-05,3e-06,7e-06,0.9999,2.9e-05
8142,8,8,1,1.9e-05,1.4e-05,1.6e-05,1.1e-05,7e-06,4e-06,2e-06,2e-06,0.9999,2.6e-05
8143,8,8,1,0.001992,0.0048,0.001627,0.003382,0.000797,0.001023,0.001115,0.000672,0.976036,0.008555
8144,8,8,1,0.000995,0.001702,0.000854,0.002009,0.001681,0.001022,0.000978,0.000522,0.987065,0.003173
8145,8,8,1,0.007496,0.003952,0.005523,0.002209,0.003312,0.002864,0.002551,0.000616,0.963593,0.007884
8146,8,8,1,0.004979,0.002697,0.002922,0.001996,0.000973,0.000881,0.001603,0.000436,0.978399,0.005115
8147,8,8,1,0.002355,0.000397,0.001522,0.000675,0.000646,0.001063,0.000623,0.000257,0.989928,0.002534
8148,8,8,1,0.002804,0.001311,0.001713,0.003061,0.002594,0.000767,0.001409,0.001385,0.978753,0.006202
8149,8,8,1,0.001304,0.000881,0.000781,0.000569,0.000397,0.00013,0.000346,0.000161,0.99454,0.000891
8150,8,8,1,0.014636,0.010663,0.003373,0.010354,0.004052,0.008898,0.007519,0.004946,0.916602,0.018958
8151,8,8,1,0.005174,0.002947,0.002914,0.002189,0.000675,0.001289,0.000655,0.001275,0.975274,0.007607
8152,8,8,1,0.000804,0.000208,0.000154,0.000285,0.000231,0.000165,0.0001,0.000168,0.996768,0.001117
8153,8,8,1,0.009912,0.015843,0.009436,0.003065,0.009629,0.005708,0.002027,0.00546,0.915164,0.023755
8154,8,8,1,0.006577,0.003993,0.004163,0.002893,0.00073,0.000863,0.000717,0.000723,0.970716,0.008625
8155,8,8,1,0.011022,0.013377,0.005067,0.008452,0.006489,0.002471,0.00326,0.002209,0.930191,0.017462
8156,8,8,1,0.003931,0.003781,0.001549,0.002632,0.001977,0.001523,0.001629,0.000577,0.97606,0.006342
8157,8,8,1,0.014404,0.007184,0.003457,0.006114,0.005397,0.004218,0.002897,0.00102,0.94139,0.01392
8158,8,8,1,0.013371,0.003551,0.009612,0.004161,0.004689,0.004556,0.002911,0.004537,0.93676,0.015854
8159,8,8,1,0.002211,0.00344,0.006272,0.002803,0.003276,0.002865,0.001922,0.00092,0.964443,0.011847
8160,8,8,1,0.012969,0.00784,0.008364,0.006812,0.006421,0.001712,0.004704,0.002864,0.933763,0.014552
8161,8,8,1,0.009283,0.0088,0.008593,0.004169,0.012601,0.009508,0.004931,0.004822,0.909988,0.027305
8162,8,8,1,0.005095,0.005233,0.002128,0.003163,0.00251,0.001779,0.000925,0.000623,0.972535,0.006008
8163,8,8,1,0.007735,0.008332,0.006639,0.006604,0.00374,0.001484,0.005953,0.005414,0.937637,0.016462
8164,8,8,1,0.006556,0.006435,0.001998,0.003067,0.005092,0.003352,0.001351,0.002558,0.957402,0.012188
8165,8,8,1,0.004963,0.001921,0.002591,0.001426,0.002191,0.001658,0.002825,0.001441,0.973463,0.007522
8166,8,8,1,0.013944,0.009809,0.006819,0.005669,0.003957,0.006353,0.005441,0.004348,0.927833,0.015826
8167,8,8,1,1.8e-05,5e-06,8e-06,1.4e-05,9e-06,8e-06,9e-06,5e-06,0.9999,2.4e-05
8168,8,8,1,0.010088,0.004395,0.006398,0.002837,0.006094,0.007717,0.003054,0.001285,0.936039,0.022093
8169,8,8,1,0.000996,0.001216,0.002438,0.001383,0.002459,0.001802,0.000496,0.001466,0.982912,0.004832
8170,8,8,1,0.003617,0.00076,0.00278,0.000952,0.001929,0.001631,0.000609,0.00071,0.98217,0.004843
8171,8,8,1,0.008096,0.012578,0.009885,0.007912,0.007378,0.004926,0.004919,0.003896,0.917717,0.022693
8172,8,8,1,0.002505,0.003118,0.002021,0.002026,0.001686,0.001079,0.000346,0.000837,0.983568,0.002816
8173,8,8,1,0.00299,0.002224,0.003526,0.00844,0.005059,0.002968,0.004607,0.00204,0.954954,0.013193
8174,8,8,1,1.3e-05,2e-05,7e-06,1.2e-05,5e-06,9e-06,6e-06,4e-06,0.9999,2.5e-05
8175,8,8,1,0.003949,0.002082,0.003011,0.002655,0.000586,0.001456,0.001566,0.001328,0.977214,0.006155
8176,8,8,1,0.00455,0.001522,0.001894,0.002836,0.001687,0.00177,0.000424,0.001386,0.979576,0.004354
8177,8,8,1,0.006568,0.002242,0.002016,0.007643,0.002921,0.003362,0.004329,0.004203,0.953814,0.0129
8178,8,8,1,0.005437,0.004552,0.001789,0.002357,0.004673,0.003376,0.002092,0.001699,0.967123,0.0069
8179,8,8,1,0.010466,0.012377,0.006173,0.005944,0.005933,0.002299,0.002563,0.002616,0.939579,0.012049
8180,8,8,1,0.010779,0.008248,0.001863,0.002372,0.0033,0.003549,0.003426,0.001581,0.955068,0.009815
8181,8,8,1,0.003701,0.005431,0.002832,0.003423,0.003292,0.002851,0.000731,0.000961,0.969521,0.007256
8182,8,8,1,0.010489,0.00835,0.006157,0.003862,0.003962,0.001811,0.002018,0.000912,0.954833,0.007606
8183,8,8,1,0.006677,0.008852,0.006856,0.001638,0.004853,0.002146,0.002892,0.001635,0.9557,0.00875
8184,8,8,1,0.010282,0.011363,0.008285,0.006428,0.002131,0.002411,0.003106,0.003089,0.941672,0.011233
8185,8,8,1,0.007355,0.008407,0.006205,0.004957,0.004665,0.001137,0.000852,0.002465,0.951672,0.012285
8186,8,8,1,0.010959,0.002409,0.002223,0.003333,0.001848,0.006179,0.0012,0.001502,0.951392,0.018954
8187,8,8,1,0.000121,5.7e-05,0.000147,0.000126,0.000112,4.5e-05,4.5e-05,1.9e-05,0.999054,0.000274
8188,8,8,1,0.011352,0.00781,0.003391,0.005814,0.00155,0.003112,0.002292,0.002382,0.953828,0.00847
8189,8,8,1,0.005264,0.002204,0.004219,0.005928,0.001526,0.00271,0.001669,0.003076,0.963686,0.009717
8190,8,8,1,0.014086,0.003039,0.005457,0.003064,0.006306,0.001944,0.006204,0.004312,0.936966,0.018623
8191,8,8,1,0.014535,0.011428,0.002791,0.006051,0.008458,0.003208,0.004125,0.002458,0.930927,0.016019
8192,8,8,1,0.008951,0.010204,0.002317,0.010013,0.003692,0.006787,0.005346,0.002382,0.935,0.015307
8193,8,8,1,0.00323,0.001632,0.002592,0.000586,0.000988,0.000769,0.001546,0.001186,0.983832,0.003639
8194,8,8,1,0.004731,0.013594,0.010455,0.006531,0.003378,0.005291,0.003501,0.002191,0.93916,0.011168
8195,8,8,1,2.3e-05,1e-05,9e-06,1.2e-05,1e-05,2e-06,5e-06,2e-06,0.9999,2.7e-05
8196,8,8,1,0.007462,0.001432,0.001889,0.002373,0.003639,0.003456,0.001963,0.002319,0.965188,0.010279
8197,8,8,1,0.005853,0.007885,0.009104,0.004584,0.002467,0.002357,0.001514,0.001995,0.945807,0.018433
8198,8,8,1,0.003848,0.005589,0.004961,0.001055,0.002567,0.000719,0.002435,0.001525,0.968272,0.00903
8199,8,8,1,0.005358,0.010012,0.004952,0.005578,0.005542,0.002102,0.002739,0.002278,0.951793,0.009646
8200,8,8,1,0.003648,0.003081,0.003452,0.002069,0.006882,0.005478,0.00157,0.003146,0.954637,0.016035
8201,8,8,1,0.003365,0.002799,0.00133,0.001135,0.001443,0.000855,0.000717,0.001179,0.981076,0.0061
8202,8,8,1,0.001453,0.00233,0.000901,0.002725,0.001742,0.001984,0.001264,0.000598,0.982296,0.004708
8203,8,8,1,0.00802,0.00773,0.004277,0.005367,0.004573,0.001724,0.003174,0.002505,0.954966,0.007664
8204,8,8,1,0.009934,0.008755,0.013403,0.005358,0.005178,0.002386,0.002541,0.004928,0.927324,0.020193
8205,8,8,1,0.001223,0.001735,0.001036,0.000548,0.000554,0.000715,0.000417,0.000582,0.990661,0.002529
8206,8,8,1,0.004148,0.000822,0.003086,0.001064,0.001341,0.001441,0.001275,0.000775,0.980904,0.005143
8207,8,8,1,0.010203,0.015188,0.012003,0.008557,0.001834,0.005822,0.003593,0.003062,0.925432,0.014306
8208,8,8,1,0.002008,0.003813,0.002453,0.004218,0.002173,0.003836,0.003746,0.001054,0.965492,0.011208
8209,8,8,1,0.00604,0.008909,0.004616,0.005237,0.006187,0.002372,0.001204,0.003788,0.948143,0.013505
8210,8,8,1,0.006672,0.002902,0.002418,0.001309,0.002712,0.00355,0.000965,0.001396,0.968978,0.009098
8211,8,8,1,0.0061,0.002607,0.005383,0.003223,0.001722,0.001703,0.00327,0.002646,0.964733,0.008614
8212,8,8,1,0.003769,0.002453,0.009506,0.004996,0.002064,0.002753,0.002714,0.003492,0.952924,0.015329
8213,8,8,1,0.006313,0.001799,0.002282,0.00355,0.002489,0.00211,0.001998,0.001428,0.966115,0.011915
8214,8,8,1,0.002362,0.003051,0.002274,0.001208,0.001375,0.000874,0.000284,0.000575,0.984558,0.003438
8215,8,8,1,0.001743,0.006573,0.005868,0.00266,0.004052,0.001327,0.002257,0.001891,0.965945,0.007685
8216,8,8,1,1.4e-05,2e-05,9e-06,3e-06,4e-06,5e-06,5e-06,3e-06,0.9999,3.7e-05
8217,8,8,1,0.002421,0.005964,0.004701,0.004348,0.002089,0.003579,0.004254,0.001686,0.953148,0.017809
8218,8,8,1,0.008109,0.005178,0.005958,0.002696,0.002028,0.002265,0.003748,0.005026,0.949177,0.015816
8219,8,8,1,0.010085,0.005001,0.005666,0.004405,0.002783,0.003636,0.002282,0.007203,0.935321,0.023618
8220,8,8,1,0.01286,0.006238,0.00363,0.00301,0.002471,0.006547,0.004622,0.002096,0.943285,0.015242
8221,8,8,1,0.00332,0.010797,0.003543,0.002938,0.004445,0.002555,0.001986,0.001081,0.951346,0.017989
8222,8,8,1,0.000835,0.00186,0.001245,0.002128,0.001109,0.000471,0.000467,0.000567,0.985855,0.005464
8223,8,8,1,0.005531,0.001805,0.006424,0.004928,0.00375,0.002475,0.001708,0.001061,0.966047,0.006272
8224,8,8,1,0.004959,0.009682,0.010189,0.008358,0.00602,0.007209,0.001847,0.005517,0.926092,0.020128
8225,8,8,1,0.007976,0.005337,0.002573,0.002539,0.002159,0.002862,0.00219,0.002935,0.958169,0.01326
8226,8,8,1,2e-05,5e-06,9e-06,5e-06,5e-06,1.1e-05,4e-06,3e-06,0.9999,3.8e-05
8227,8,8,1,0.014206,0.008871,0.00294,0.005793,0.00801,0.001407,0.001615,0.001885,0.934838,0.020436
8228,8,8,1,0.002648,0.00241,0.001602,0.000971,0.001069,0.000507,0.000696,0.000621,0.986429,0.003046
8229,8,8,1,0.003198,0.005529,0.001712,0.003534,0.002991,0.002434,0.001564,0.000636,0.967836,0.010567
8230,8,8,1,0.002956,0.002006,0.003549,0.001826,0.002209,0.001333,0.002069,0.001605,0.977143,0.005305
8231,8,8,1,0.004449,0.000797,0.002203,0.002112,0.002434,0.001628,0.000389,0.000856,0.980279,0.004855
8232,8,8,1,0.00049,0.00188,0.001394,0.001368,0.000604,0.000318,0.000571,0.000261,0.990316,0.002798
8233,8,8,1,2e-05,9e-06,8e-06,9e-06,6e-06,4e-06,3e-06,4e-06,0.9999,3.5e-05
8234,8,8,1,0.003598,0.002547,0.003954,0.00533,0.003177,0.006373,0.003764,0.001285,0.955453,0.014519
8235,8,8,1,2e-05,8e-06,1.5e-05,6e-06,1.2e-05,6e-06,7e-06,4e-06,0.9999,2.1e-05
8236,8,8,1,0.018569,0.016131,0.011884,0.010057,0.006868,0.001693,0.004171,0.001088,0.911443,0.018096
8237,8,8,1,0.005858,0.003618,0.002875,0.001999,0.002044,0.001303,0.00055,0.001173,0.976477,0.004103
8238,8,8,1,0.002579,0.001659,0.003024,0.001317,0.000674,0.000431,0.001612,0.001309,0.983442,0.003953
8239,8,8,1,0.006288,0.003307,0.006118,0.004519,0.001629,0.001569,0.001988,0.002234,0.965408,0.00694
8240,8,8,1,0.004808,0.002006,0.007844,0.004946,0.002699,0.003158,0.002911,0.00191,0.961596,0.008123
8241,8,8,1,0.004031,0.002918,0.003312,0.002039,0.00204,0.000608,0.000612,0.000279,0.979394,0.004767
8242,8,8,1,0.013303,0.00631,0.010527,0.006747,0.002005,0.002092,0.0013,0.004865,0.934066,0.018784
8243,8,8,1,0.012606,0.015786,0.013343,0.003851,0.007167,0.006706,0.002706,0.001301,0.91718,0.019352
8244,8,8,1,0.003667,0.005572,0.00543,0.002406,0.003419,0.001752,0.002693,0.000769,0.965386,0.008907
8245,8,8,1,0.018694,0.01483,0.006702,0.007848,0.007564,0.006491,0.005041,0.001341,0.917578,0.013912
8246,8,8,1,0.005677,0.00414,0.002156,0.001522,0.00196,0.00174,0.002718,0.001356,0.964556,0.014176
8247,8,8,1,0.027719,0.011739,0.015113,0.004132,0.004152,0.007472,0.005966,0.006244,0.865763,0.051698
8248,8,8,1,0.020166,0.011105,0.012273,0.010649,0.008749,0.00469,0.00395,0.003321,0.905802,0.019295
8249,8,8,1,1.1e-05,9e-06,8e-06,1e-05,1.2e-05,5e-06,1.1e-05,7e-06,0.9999,2.8e-05
8250,8,8,1,0.008992,0.008185,0.005728,0.001501,0.002803,0.001174,0.002505,0.001804,0.958129,0.009178
8251,8,8,1,0.001992,0.002564,0.002154,0.002226,0.002164,0.000812,0.000759,0.000643,0.982128,0.004557
8252,8,8,1,0.015898,0.009597,0.010668,0.006348,0.004609,0.005594,0.004284,0.003166,0.929658,0.010178
8253,8,8,1,0.002538,0.010001,0.006997,0.006529,0.001652,0.003012,0.001823,0.003578,0.949868,0.014002
8254,8,8,1,0.005369,0.003768,0.004238,0.009823,0.006917,0.005866,0.002317,0.003986,0.942023,0.015695
8255,8,8,1,0.008158,0.006009,0.005711,0.009818,0.007784,0.003368,0.004244,0.002216,0.935934,0.016758
8256,8,8,1,0.007579,0.00504,0.005172,0.002506,0.004161,0.00112,0.00366,0.002394,0.958552,0.009816
8257,8,8,1,0.007365,0.002671,0.006871,0.003888,0.002234,0.004065,0.003732,0.002891,0.955725,0.010558
8258,8,8,1,0.002521,0.003502,0.001073,0.002492,0.00243,0.000875,0.0011,0.000901,0.977463,0.007644
8259,8,8,1,0.01565,0.006862,0.015562,0.006198,0.009908,0.004093,0.005201,0.001644,0.911792,0.023089
8260,8,8,1,0.011108,0.006444,0.002517,0.003559,0.008236,0.003911,0.005912,0.004734,0.934377,0.019203
8261,8,8,1,0.007658,0.005574,0.003958,0.003103,0.001454,0.002549,0.002,0.000801,0.958025,0.014878
8262,8,8,1,0.000771,0.001665,0.001793,0.000883,0.000942,0.000335,0.000525,0.000392,0.989381,0.003312
8263,8,8,1,0.012378,0.002754,0.005129,0.006234,0.008603,0.006287,0.004902,0.000898,0.938427,0.014388
8264,8,8,1,0.005747,0.013936,0.010028,0.003249,0.003835,0.001813,0.00676,0.005253,0.929071,0.020309
8265,8,8,1,0.008915,0.006294,0.01666,0.006184,0.009098,0.010877,0.003646,0.003399,0.908557,0.026368
8266,8,8,1,0.001591,0.000735,0.001377,0.001978,0.000783,0.001101,0.00104,0.000328,0.987181,0.003886
8267,8,8,1,1.7e-05,1.7e-05,1.3e-05,1.2e-05,9e-06,6e-06,1e-06,2e-06,0.9999,2.2e-05
8268,8,8,1,0.00245,0.003855,0.002418,0.005058,0.002194,0.002633,0.002611,0.001496,0.968532,0.008753
8269,8,8,1,0.006761,0.00672,0.004931,0.001756,0.002464,0.00268,0.001349,0.001806,0.9658,0.005734
8270,8,8,1,0.014185,0.01817,0.018079,0.007297,0.006931,0.01003,0.006526,0.004028,0.885785,0.028969
8271,8,8,1,0.001757,0.003116,0.001222,0.002223,0.002805,0.001338,0.001471,0.00137,0.980334,0.004364
8272,8,8,1,0.003573,0.006137,0.012811,0.0039,0.006832,0.006588,0.003584,0.001192,0.938577,0.016805
8273,8,8,1,0.016501,0.009927,0.004407,0.006965,0.004692,0.007683,0.001547,0.003076,0.924076,0.021127
8274,8,8,1,0.004195,0.009003,0.01562,0.00708,0.003719,0.004629,0.002945,0.002685,0.916589,0.033535
8275,8,8,1,0.007709,0.00429,0.009177,0.003334,0.003561,0.004808,0.002014,0.003399,0.947462,0.014246
8276,8,8,1,0.011616,0.004727,0.004612,0.004569,0.001799,0.006356,0.002238,0.003776,0.946065,0.014241
8277,8,8,1,0.007244,0.013379,0.010989,0.004654,0.00981,0.005896,0.002962,0.004055,0.924194,0.016816
8278,8,8,1,0.006995,0.006335,0.001449,0.002683,0.00268,0.000991,0.000821,0.00074,0.967561,0.009745
8279,8,8,1,0.002029,0.002141,0.007113,0.003404,0.00448,0.003362,0.002093,0.000982,0.966321,0.008076
8280,8,8,1,0.007208,0.003737,0.005132,0.005832,0.001039,0.001238,0.002564,0.001568,0.959624,0.012059
8281,8,8,1,0.003354,0.002493,0.002705,0.006573,0.001963,0.001362,0.004272,0.004255,0.959445,0.013578
8282,8,8,1,0.002728,0.001774,0.002028,0.001622,0.000527,0.000409,0.000311,0.000895,0.986593,0.003115
8283,8,8,1,0.002756,0.00189,0.001522,0.000302,0.000838,0.001113,0.000866,0.000576,0.988056,0.002081
8284,8,8,1,6e-06,5e-06,1.8e-05,9e-06,1.4e-05,1.2e-05,3e-06,6e-06,0.9999,2.8e-05
8285,8,8,1,1.6e-05,1.5e-05,1.6e-05,5e-06,1e-05,6e-06,8e-06,3e-06,0.9999,2.2e-05
8286,8,8,1,0.008542,0.005948,0.00294,0.006334,0.004957,0.003663,0.00118,0.002257,0.94921,0.014966
8287,8,8,1,0.001246,0.000945,0.000512,0.000616,0.000351,0.000308,0.000366,0.000149,0.993937,0.00157
8288,8,8,1,0.015833,0.009833,0.004212,0.012248,0.005749,0.005777,0.005457,0.002676,0.919722,0.018493
8289,8,8,1,0.00401,0.001369,0.001957,0.002454,0.001718,0.001097,0.0011,0.001694,0.97885,0.00575
8290,8,8,1,0.001291,0.001981,0.000831,0.00103,0.000624,0.000433,0.000263,0.000527,0.989123,0.003896
8291,8,8,1,0.005394,0.0034,0.010764,0.002928,0.00268,0.006114,0.001799,0.003536,0.947695,0.015691
8292,8,8,1,0.006513,0.006177,0.001313,0.001932,0.002803,0.004049,0.001531,0.001229,0.964059,0.010394
8293,8,8,1,0.006153,0.016086,0.011865,0.002701,0.008651,0.002368,0.002426,0.005767,0.926571,0.017412
8294,8,8,1,1.6e-05,1.5e-05,4e-06,1.3e-05,9e-06,2e-06,4e-06,3e-06,0.9999,3.4e-05
8295,8,8,1,0.01248,0.008876,0.004307,0.005028,0.002181,0.003573,0.00217,0.001253,0.947265,0.012868
8296,8,8,1,0.005026,0.009567,0.009552,0.003297,0.009486,0.006442,0.00115,0.004015,0.934272,0.017194
8297,8,8,1,0.004546,0.004895,0.004057,0.010374,0.003508,0.005628,0.005605,0.004146,0.934209,0.023033
8298,8,8,1,0.008692,0.010175,0.003111,0.003002,0.009725,0.007125,0.003939,0.001102,0.933588,0.019541
8299,8,8,1,0.000948,0.000755,0.000588,0.002219,0.001663,0.000479,0.000255,0.000442,0.988641,0.00401
8300,8,8,1,0.005876,0.010931,0.013083,0.00406,0.002984,0.006829,0.00739,0.004847,0.921195,0.022805
8301,8,8,1,0.000436,0.000433,0.000249,0.000121,6.3e-05,6.5e-05,0.000161,7.5e-05,0.997497,0.0009
8302,8,8,1,0.009971,0.006197,0.007306,0.003936,0.001205,0.002511,0.000801,0.002306,0.952924,0.012842
8303,8,8,1,0.004847,0.008738,0.008773,0.002171,0.003705,0.002293,0.003986,0.00424,0.945779,0.015467
8304,8,8,1,0.004862,0.001631,0.004466,0.003272,0.001006,0.001231,0.002632,0.001359,0.97296,0.00658
8305,8,8,1,0.003979,0.00249,0.004152,0.006554,0.00213,0.005456,0.003679,0.000944,0.958596,0.012019
8306,8,8,1,0.011082,0.006413,0.005752,0.004581,0.006207,0.001988,0.006741,0.003492,0.935412,0.018331
8307,8,8,1,0.013444,0.006856,0.008308,0.004085,0.002272,0.001578,0.003734,0.00137,0.943935,0.014419
8308,8,8,1,0.002993,0.004669,0.004047,0.002424,0.00245,0.003005,0.000572,0.000915,0.970998,0.007928
8309,8,8,1,1.9e-05,1.5e-05,1.6e-05,5e-06,8e-06,6e-06,6e-06,3e-06,0.9999,2e-05
8310,8,8,1,0.00653,0.008738,0.005994,0.005259,0.001887,0.001894,0.001384,0.00089,0.954943,0.012479
8311,8,8,1,0.01535,0.017152,0.008046,0.010643,0.008738,0.001859,0.005352,0.004304,0.913377,0.015178
8312,8,8,1,0.005493,0.005509,0.005334,0.003825,0.002491,0.001869,0.002742,0.001763,0.96407,0.006902
8313,8,8,1,0.008611,0.003828,0.0106,0.003281,0.003927,0.003918,0.00869,0.004592,0.927057,0.025496
8314,8,8,1,0.005421,0.003975,0.005377,0.003792,0.003491,0.001688,0.001321,0.001426,0.959617,0.013892
8315,8,8,1,0.007137,0.002788,0.003322,0.005687,0.005122,0.003059,0.007981,0.005539,0.938281,0.021085
8316,8,8,1,0.000329,0.000124,0.000178,0.000137,4.1e-05,3.3e-05,0.000103,7e-05,0.998616,0.000369
8317,8,8,1,0.020352,0.003639,0.008614,0.010342,0.005818,0.002542,0.004754,0.001869,0.917336,0.024733
8318,8,8,1,0.007142,0.005594,0.001625,0.004577,0.004085,0.001264,0.004647,0.001437,0.955802,0.013826
8319,8,8,1,0.012634,0.011728,0.003845,0.010149,0.003854,0.008465,0.002751,0.001404,0.920757,0.024413
8320,8,8,1,0.008245,0.007682,0.005145,0.002212,0.002694,0.004906,0.001238,0.001785,0.944532,0.021561
8321,8,8,1,0.00547,0.001402,0.003051,0.00181,0.001752,0.00158,0.002766,0.00175,0.971944,0.008475
8322,8,8,1,0.005336,0.005539,0.004124,0.011849,0.006461,0.007886,0.005731,0.005204,0.926512,0.021357
8323,8,8,1,0.010062,0.01207,0.004637,0.008834,0.001566,0.004388,0.004143,0.001388,0.933336,0.019576
8324,8,8,1,0.00489,0.006179,0.008869,0.006953,0.001937,0.004311,0.002301,0.004163,0.941874,0.018524
8325,8,8,1,0.013324,0.008456,0.007105,0.004153,0.003421,0.002731,0.00084,0.001598,0.946023,0.012348
8326,8,8,1,0.003664,0.001146,0.000771,0.002365,0.00139,0.000889,0.000314,0.000635,0.984125,0.004702
8327,8,8,1,0.002324,0.005689,0.001518,0.002613,0.004917,0.001401,0.002881,0.002753,0.967284,0.008621
8328,8,8,1,0.004713,0.005308,0.003451,0.006923,0.003241,0.003735,0.003451,0.001252,0.952498,0.015427
8329,8,8,1,0.009046,0.006023,0.008923,0.002824,0.004862,0.002582,0.003416,0.004177,0.943442,0.014704
8330,8,8,1,0.00748,0.008022,0.009621,0.006822,0.003706,0.00456,0.002694,0.004478,0.931309,0.021306
8331,8,8,1,0.003009,0.002579,0.00237,0.000722,0.001364,0.002131,0.001589,0.001185,0.981227,0.003823
8332,8,8,1,0.002135,0.003978,0.001451,0.004424,0.003501,0.000681,0.000885,0.00173,0.971875,0.009339
8333,8,8,1,0.005423,0.004797,0.001187,0.002797,0.002529,0.000616,0.000836,0.001662,0.97475,0.005403
8334,8,8,1,0.00111,0.004433,0.0029,0.000687,0.001272,0.001824,0.001621,0.000609,0.980359,0.005185
8335,8,8,1,0.009208,0.007517,0.002073,0.003339,0.00399,0.002355,0.002508,0.002787,0.957108,0.009114
8336,8,8,1,0.001531,0.00308,0.000516,0.002302,0.000561,0.001034,0.000422,0.000432,0.985398,0.004723
8337,8,8,1,0.000806,0.002361,0.00118,0.000593,0.001465,0.001898,0.000474,0.00144,0.985394,0.004388
8338,8,8,1,0.012317,0.007949,0.008567,0.010938,0.008712,0.008934,0.002503,0.003053,0.914919,0.022107
8339,8,8,1,0.006632,0.001622,0.001913,0.002959,0.00118,0.003728,0.002405,0.000549,0.969153,0.00986
8340,8,8,1,0.010971,0.007345,0.005689,0.003283,0.004556,0.001206,0.00088,0.000966,0.953141,0.011962
8341,8,8,1,0.005663,0.004516,0.002983,0.003494,0.001197,0.002182,0.000535,0.001669,0.972029,0.005732
8342,8,8,1,0.012259,0.012589,0.003943,0.005955,0.006412,0.006381,0.004392,0.00398,0.930001,0.014089
8343,8,8,1,0.004181,0.001924,0.001579,0.000964,0.001473,0.001449,0.000573,0.000906,0.982971,0.003981
8344,8,8,1,2.2e-05,5e-06,8e-06,1.3e-05,5e-06,6e-06,8e-06,5e-06,0.9999,2.8e-05
8345,8,8,1,0.021066,0.013401,0.003538,0.008967,0.00492,0.003262,0.002063,0.006033,0.915655,0.021096
8346,8,8,1,0.000876,0.000748,0.001394,0.000957,0.000587,0.000614,0.000749,0.000952,0.989818,0.003304
8347,8,8,1,0.000208,0.000139,0.000132,0.00017,0.000112,9.8e-05,4.1e-05,6.5e-05,0.998837,0.000197
8348,8,8,1,0.017217,0.003824,0.016049,0.011785,0.004447,0.00663,0.003363,0.005921,0.912821,0.017943
8349,8,8,1,0.003527,0.004282,0.001516,0.001938,0.001368,0.003715,0.001149,0.000837,0.971709,0.009959
8350,8,8,1,0.006887,0.006502,0.009119,0.006857,0.002066,0.002147,0.001584,0.001573,0.949928,0.013339
8351,8,8,1,0.003701,0.002908,0.008398,0.002279,0.004163,0.005073,0.002461,0.002356,0.956923,0.011738
8352,8,8,1,0.00264,0.004728,0.00274,0.003151,0.000579,0.00149,0.001441,0.000599,0.977152,0.00548
8353,8,8,1,0.010726,0.004412,0.004502,0.004062,0.004318,0.004147,0.002216,0.001745,0.947768,0.016104
8354,8,8,1,0.009233,0.002203,0.002967,0.001391,0.002657,0.001443,0.002935,0.000978,0.959255,0.016938
8355,8,8,1,0.003509,0.002947,0.008574,0.007243,0.004454,0.003626,0.003648,0.000908,0.951064,0.014026
8356,8,8,1,0.00507,0.008177,0.003632,0.001215,0.004651,0.002765,0.003217,0.001069,0.960091,0.010112
8357,8,8,1,1.1e-05,1.7e-05,9e-06,1.4e-05,1.1e-05,6e-06,3e-06,4e-06,0.9999,2.5e-05
8358,8,8,1,1.2e-05,1.3e-05,6e-06,1.1e-05,7e-06,1e-05,5e-06,4e-06,0.9999,3.3e-05
8359,8,8,1,1.1e-05,1.5e-05,1.1e-05,1.6e-05,8e-06,7e-06,3e-06,6e-06,0.9999,2.3e-05
8360,8,8,1,1.1e-05,1.2e-05,5e-06,1.6e-05,1.3e-05,9e-06,4e-06,2e-06,0.9999,2.8e-05
8361,8,8,1,0.012841,0.007233,0.003344,0.010418,0.00261,0.003427,0.002003,0.005812,0.932406,0.019905
8362,8,8,1,0.002888,0.003744,0.003797,0.00294,0.00223,0.001182,0.00037,0.00106,0.977607,0.004182
8363,8,8,1,0.005267,0.008016,0.001282,0.003141,0.001903,0.001966,0.002433,0.000969,0.962415,0.012607
8364,8,8,1,0.0153,0.003946,0.004062,0.009919,0.009157,0.002112,0.003299,0.004077,0.92621,0.021919
8365,8,8,1,0.011672,0.017965,0.009277,0.00489,0.008608,0.008575,0.001444,0.006721,0.910358,0.02049
8366,8,8,1,0.007678,0.013149,0.00454,0.006099,0.002137,0.004434,0.006158,0.003877,0.932583,0.019345
8367,8,8,1,0.005088,0.008853,0.010588,0.007667,0.003723,0.002147,0.003677,0.004899,0.936338,0.01702
8368,8,8,1,0.017145,0.004775,0.005226,0.006246,0.006627,0.004862,0.005314,0.004751,0.927434,0.01762
8369,8,8,1,0.007316,0.004931,0.004348,0.002491,0.007205,0.001568,0.004607,0.003655,0.950679,0.013201
8370,8,8,1,0.001791,0.002657,0.002441,0.001709,0.002046,0.001476,0.000654,0.001065,0.982675,0.003486
8371,8,8,1,0.012603,0.009177,0.004296,0.008672,0.005654,0.005008,0.000927,0.002827,0.938731,0.012104
8372,8,8,1,0.004291,0.004055,0.00266,0.001026,0.001515,0.000769,0.001155,0.001029,0.97914,0.004362
8373,8,8,1,0.0124,0.009383,0.002862,0.001906,0.001782,0.005697,0.004269,0.003277,0.938754,0.01967
8374,8,8,1,0.010814,0.005666,0.007194,0.003821,0.002114,0.004214,0.004062,0.004494,0.942054,0.015568
8375,8,8,1,0.013534,0.00625,0.010519,0.004074,0.006905,0.0048,0.002904,0.000897,0.937052,0.013065
8376,8,8,1,0.017459,0.006416,0.006875,0.011762,0.009128,0.007915,0.002673,0.005827,0.909746,0.0222
8377,8,8,1,0.005743,0.004644,0.009683,0.001745,0.003335,0.00266,0.00382,0.002671,0.950429,0.015271
8378,8,8,1,0.012117,0.006019,0.004768,0.005426,0.002957,0.001078,0.002558,0.00316,0.949448,0.012469
8379,8,8,1,0.006618,0.007412,0.003129,0.00489,0.004044,0.001974,0.001883,0.002142,0.960318,0.00759
8380,8,8,1,0.004945,0.014625,0.008808,0.003439,0.009283,0.00171,0.00414,0.003659,0.93032,0.019071
8381,8,8,1,0.000967,0.000842,0.000693,0.000381,0.00048,0.000429,8.4e-05,0.000155,0.994745,0.001225
8382,8,8,1,0.005678,0.001754,0.007195,0.003612,0.003286,0.002755,0.001802,0.000926,0.963414,0.009578
8383,8,8,1,0.002598,0.003684,0.008006,0.004203,0.004712,0.00425,0.004813,0.003685,0.951416,0.012633
8384,8,8,1,0.00221,0.008507,0.005466,0.003562,0.00321,0.002636,0.001495,0.001728,0.962721,0.008466
8385,8,8,1,0.007275,0.006238,0.00341,0.00208,0.003761,0.001645,0.002349,0.000859,0.963414,0.008969
8386,8,8,1,0.00133,0.006064,0.00348,0.001486,0.002743,0.001473,0.001527,0.001032,0.974275,0.006589
8387,8,8,1,1.9e-05,8e-06,1.7e-05,1.3e-05,3e-06,8e-06,4e-06,6e-06,0.9999,2.2e-05
8388,8,8,1,1.8e-05,2e-05,1e-05,1.1e-05,7e-06,7e-06,5e-06,2e-06,0.9999,2.2e-05
8389,8,8,1,0.001482,0.0027,0.001995,0.001729,0.00151,0.000827,0.000274,0.000331,0.985661,0.003492
8390,8,8,1,0.001489,0.001098,0.000623,0.000927,0.001113,0.001571,0.000724,0.000307,0.98642,0.005728
8391,8,8,1,0.011291,0.011993,0.003435,0.005365,0.007108,0.002285,0.004134,0.003691,0.937817,0.012883
8392,8,8,1,0.013785,0.002789,0.00509,0.005839,0.007211,0.004536,0.00296,0.001884,0.93795,0.017956
8393,8,8,1,0.005254,0.004217,0.004021,0.000854,0.002296,0.001647,0.000579,0.000676,0.972088,0.008367
8394,8,8,1,0.00108,0.000673,0.00046,0.000402,0.000178,0.000376,0.000315,0.000146,0.995216,0.001155
8395,8,8,1,0.002013,0.004502,0.00344,0.005814,0.004617,0.000996,0.000951,0.001008,0.964214,0.012445
8396,8,8,1,0.001103,0.003065,0.002396,0.000553,0.000547,0.000797,0.000357,0.000392,0.985964,0.004825
8397,8,8,1,0.003309,0.002465,0.001522,0.001744,0.000342,0.001211,0.000809,0.000678,0.984648,0.003272
8398,8,8,1,1.5e-05,1.6e-05,1e-05,1e-05,3e-06,4e-06,6e-06,2e-06,0.9999,3.4e-05
8399,8,8,1,0.008102,0.006856,0.005427,0.0038,0.008016,0.001548,0.00199,0.002732,0.942843,0.018686
8400,8,8,1,0.006083,0.003331,0.006473,0.008444,0.005038,0.007499,0.002283,0.006328,0.92854,0.025979
8401,8,8,1,6e-06,1.5e-05,6e-06,7e-06,1e-05,1.1e-05,4e-06,6e-06,0.9999,3.5e-05
8402,8,8,1,0.004583,0.0045,0.003763,0.002776,0.002731,0.002677,0.001727,0.000826,0.969906,0.00651
8403,8,8,1,0.002949,0.006613,0.003568,0.002465,0.003435,0.002059,0.000911,0.001539,0.969961,0.0065
8404,8,8,1,0.01378,0.011745,0.003754,0.006172,0.003333,0.011839,0.00622,0.006579,0.912615,0.023962
8405,8,8,1,0.000916,0.001695,0.001161,0.00069,0.000614,0.000275,0.00016,0.000538,0.992107,0.001845
8406,8,8,1,0.004363,0.009191,0.004914,0.005086,0.00436,0.0022,0.002317,0.002063,0.958478,0.007029
8407,8,8,1,7e-06,1.2e-05,1.3e-05,1e-05,1.2e-05,5e-06,9e-06,2e-06,0.9999,3e-05
8408,8,8,1,0.005265,0.003714,0.002092,0.002832,0.002779,0.001705,0.002008,0.000511,0.972461,0.006632
8409,8,8,1,0.002407,0.003102,0.00331,0.004068,0.004414,0.002247,0.001638,0.001587,0.968752,0.008474
8410,8,8,1,0.012114,0.014347,0.008072,0.002517,0.007104,0.003576,0.002756,0.007568,0.919185,0.022763
8411,8,8,1,0.004282,0.003597,0.007416,0.008391,0.002024,0.005347,0.002246,0.001318,0.950235,0.015144
8412,8,8,1,0.005186,0.003093,0.007387,0.007596,0.003834,0.001475,0.004046,0.001643,0.953252,0.012489
8413,8,8,1,2.5e-05,1e-05,1.1e-05,8e-06,3e-06,5e-06,6e-06,4e-06,0.9999,2.7e-05
8414,8,8,1,0.005218,0.00266,0.007001,0.009444,0.006815,0.004095,0.005001,0.0022,0.944139,0.013426
8415,8,8,1,0.008609,0.004376,0.005804,0.003269,0.001821,0.001677,0.002057,0.002358,0.96024,0.00979
8416,8,8,1,0.001348,0.001944,0.001134,0.000367,0.000491,0.000786,0.000617,0.000524,0.990591,0.002197
8417,8,8,1,0.010003,0.005539,0.005486,0.001825,0.003746,0.002562,0.002553,0.002105,0.958061,0.008121
8418,8,8,1,0.00551,0.01074,0.018272,0.008152,0.003795,0.010418,0.00686,0.002844,0.905355,0.028057
8419,8,8,1,0.008102,0.005034,0.005928,0.00598,0.005575,0.001207,0.003513,0.00373,0.948237,0.012694
8420,8,8,1,0.003408,0.001356,0.002193,0.001679,0.001959,0.000735,0.0012,0.000606,0.983385,0.003478
8421,8,8,1,0.005521,0.008904,0.007585,0.003153,0.006381,0.007768,0.006753,0.003744,0.926909,0.023281
8422,8,8,1,1.5e-05,1.4e-05,5e-06,7e-06,5e-06,1e-05,7e-06,9e-06,0.9999,2.9e-05
8423,8,8,1,2.2e-05,1.8e-05,4e-06,1.1e-05,6e-06,4e-06,5e-06,7e-06,0.9999,2.4e-05
8424,8,8,1,0.002257,0.002654,0.006043,0.003057,0.001472,0.00205,0.001081,0.001021,0.96852,0.011844
8425,8,8,1,0.00576,0.002132,0.003586,0.002826,0.005367,0.004451,0.003112,0.003099,0.95925,0.010416
8426,8,8,1,0.009852,0.008262,0.003426,0.004475,0.002999,0.00104,0.003024,0.00179,0.954302,0.010829
8427,8,8,1,0.009696,0.008647,0.004642,0.00543,0.004618,0.003264,0.002289,0.00341,0.944506,0.013497
8428,8,8,1,0.007724,0.008977,0.008579,0.011038,0.003923,0.003757,0.001815,0.003882,0.929431,0.020874
8429,8,8,1,0.007656,0.007109,0.003097,0.006253,0.002427,0.001853,0.002219,0.001499,0.952999,0.014887
8430,8,8,1,0.000352,0.000417,0.000767,0.000174,0.000479,0.000123,0.000365,0.000181,0.995807,0.001335
8431,8,8,1,0.014282,0.011752,0.009519,0.00407,0.002883,0.007526,0.002366,0.002258,0.92614,0.019206
8432,8,8,1,0.005223,0.007916,0.003973,0.004374,0.003045,0.001369,0.001525,0.002062,0.96066,0.009852
8433,8,8,1,0.001903,0.002409,0.001221,0.001775,0.00172,0.000508,0.000631,0.000313,0.985638,0.003883
8434,8,8,1,0.013832,0.013843,0.00527,0.006748,0.008689,0.003983,0.004711,0.004057,0.920745,0.018121
8435,8,8,1,0.005488,0.001664,0.004348,0.006558,0.002082,0.001254,0.000851,0.001409,0.961755,0.014592
8436,8,8,1,0.008102,0.004991,0.002876,0.003181,0.009193,0.006957,0.004207,0.004023,0.935749,0.020721
8437,8,8,1,0.003328,0.000812,0.002149,0.000984,0.001176,0.000361,0.001108,0.000331,0.986536,0.003215
8438,8,8,1,0.004556,0.001531,0.004619,0.000875,0.003534,0.000946,0.002599,0.000514,0.973333,0.007493
8439,8,8,1,0.002976,0.002022,0.004718,0.001398,0.001847,0.000678,0.001748,0.002172,0.975344,0.007097
8440,8,8,1,0.004273,0.005239,0.002789,0.001784,0.000861,0.002699,0.000651,0.00088,0.971432,0.009391
8441,8,8,1,0.001891,0.002086,0.001278,0.001198,0.000287,0.000731,0.000833,0.000621,0.98917,0.001905
8442,8,8,1,0.024196,0.013275,0.007184,0.010851,0.004053,0.008637,0.005617,0.00609,0.891528,0.028568
8443,8,8,1,0.004471,0.00308,0.002429,0.001527,0.000931,0.001017,0.001511,0.001154,0.979427,0.004454
8444,8,8,1,0.002397,0.001879,0.002291,0.002516,0.000556,0.001204,0.002079,0.001497,0.980795,0.004785
8445,8,8,1,0.002839,0.002256,0.002005,0.002386,0.002175,0.001491,0.000904,0.002443,0.974393,0.009107
8446,8,8,1,0.003403,0.001971,0.003238,0.001589,0.001154,0.000833,0.001612,0.000802,0.980257,0.005142
8447,8,8,1,0.01,0.009169,0.006425,0.003152,0.001266,0.002779,0.003472,0.001477,0.946466,0.015793
8448,8,8,1,0.002553,0.001185,0.001233,0.001615,0.000474,0.000562,0.000936,0.00103,0.987056,0.003356
8449,8,8,1,1.3e-05,2.1e-05,6e-06,1.1e-05,8e-06,7e-06,8e-06,3e-06,0.9999,2.2e-05
8450,8,8,1,0.003196,0.003806,0.001668,0.005463,0.00488,0.002442,0.001775,0.001464,0.963908,0.011398
8451,8,8,1,2.2e-05,1.6e-05,1.2e-05,1e-05,8e-06,3e-06,7e-06,5e-06,0.9999,1.7e-05
8452,8,8,1,0.005059,0.006148,0.001522,0.004432,0.003105,0.003427,0.000789,0.000769,0.964832,0.009917
8453,8,8,1,0.003041,0.0061,0.006182,0.006446,0.00419,0.002727,0.002554,0.000663,0.958109,0.009989
8454,8,8,1,0.009099,0.005532,0.00576,0.007039,0.00773,0.003319,0.004379,0.002949,0.938686,0.015507
8455,8,8,1,0.016744,0.010269,0.008999,0.005375,0.006101,0.00383,0.002702,0.002204,0.931743,0.012032
8456,8,8,1,0.002113,0.001922,0.003037,0.002686,0.001552,0.000995,0.000614,0.000335,0.981388,0.005358
8457,8,8,1,2.4e-05,1.6e-05,5e-06,9e-06,8e-06,4e-06,8e-06,6e-06,0.9999,2e-05
8458,8,8,1,1.9e-05,7e-06,1.8e-05,1.2e-05,7e-06,7e-06,7e-06,3e-06,0.9999,2.1e-05
8459,8,8,1,0.001053,0.002381,0.000788,0.000938,0.000562,0.000479,0.000753,0.000492,0.986596,0.005958
8460,8,8,1,0.008445,0.002612,0.00719,0.003443,0.002398,0.003825,0.002968,0.000945,0.952891,0.015283
8461,8,8,1,0.010465,0.004859,0.006266,0.007148,0.003994,0.001974,0.001488,0.001259,0.948913,0.013633
8462,8,8,1,0.000512,0.000976,0.000653,0.000414,0.00075,0.000202,0.000399,0.000131,0.99416,0.001803
8463,8,8,1,0.0155,0.007432,0.011928,0.007612,0.002381,0.006016,0.003219,0.003641,0.918215,0.024057
8464,8,8,1,0.001965,0.005121,0.003128,0.00401,0.003942,0.00228,0.001891,0.001314,0.969986,0.006364
8465,8,8,1,0.00161,0.000542,0.000628,0.000737,0.000719,0.000486,0.000433,0.000417,0.991824,0.002603
8466,8,8,1,0.010633,0.007378,0.010593,0.010005,0.00364,0.001879,0.002253,0.005407,0.924427,0.023784
8467,8,8,1,0.001262,0.001769,0.000966,0.000916,0.002951,0.00191,0.001675,0.001414,0.980225,0.006912
8468,8,8,1,1e-05,9e-06,8e-06,1.5e-05,1e-05,1.2e-05,4e-06,6e-06,0.9999,2.7e-05
8469,8,8,1,0.000107,0.000186,0.000178,0.000108,0.000136,0.000109,0.00011,6.8e-05,0.998309,0.000689
8470,8,8,1,0.003085,0.002022,0.001716,0.001807,0.002536,0.002045,0.000459,0.000457,0.979668,0.006203
8471,8,8,1,0.003209,0.005959,0.005177,0.004555,0.000973,0.003617,0.000933,0.001978,0.962011,0.011588
8472,8,8,1,0.001102,0.003413,0.00239,0.001811,0.000783,0.000459,0.000847,0.000813,0.984795,0.003589
8473,8,8,1,0.004167,0.006805,0.004935,0.003669,0.004667,0.005533,0.002021,0.001266,0.953496,0.01344
8474,8,8,1,0.017508,0.009927,0.007108,0.009151,0.002341,0.004559,0.004722,0.003256,0.928306,0.013122
8475,8,8,1,0.004724,0.002621,0.005023,0.001692,0.002213,0.002364,0.002325,0.001775,0.966391,0.010871
8476,8,8,1,0.003733,0.00618,0.004751,0.002231,0.003919,0.000769,0.000733,0.002571,0.966942,0.00817
8477,8,8,1,0.007608,0.007859,0.004495,0.002634,0.005354,0.004605,0.001826,0.001196,0.951946,0.012477
8478,8,8,1,0.003441,0.007161,0.005274,0.004901,0.003704,0.001905,0.00399,0.001113,0.955242,0.013269
8479,8,8,1,0.002742,0.003706,0.001844,0.002043,0.003313,0.001056,0.002307,0.002334,0.972903,0.007751
8480,8,8,1,2.4e-05,7e-06,6e-06,7e-06,1e-05,1.1e-05,7e-06,4e-06,0.9999,2.3e-05
8481,8,8,1,8e-06,1.9e-05,8e-06,1e-05,1.4e-05,4e-06,4e-06,2e-06,0.9999,3.1e-05
8482,8,8,1,0.01094,0.008883,0.005431,0.003997,0.001305,0.002355,0.0037,0.002177,0.949411,0.011802
8483,8,8,1,0.001366,0.003126,0.001602,0.001973,0.001215,0.002282,0.00254,0.001004,0.976873,0.008019
8484,8,8,1,0.005844,0.003821,0.001731,0.001733,0.003813,0.002868,0.000849,0.000678,0.969311,0.009352
8485,8,8,1,9e-06,1.7e-05,1.1e-05,1.4e-05,1e-05,4e-06,3e-06,2e-06,0.9999,3e-05
8486,8,8,1,0.021548,0.013209,0.006573,0.005941,0.0043,0.008899,0.001635,0.003857,0.912668,0.021369
8487,8,8,1,0.005887,0.004936,0.005546,0.00604,0.001816,0.003624,0.00221,0.001275,0.958409,0.010257
8488,8,8,1,0.002867,0.009479,0.002902,0.00326,0.00497,0.001224,0.004923,0.001058,0.952908,0.016409
8489,8,8,1,0.009587,0.003679,0.00635,0.005926,0.003891,0.004602,0.002705,0.001392,0.952011,0.009856
8490,8,8,1,0.005696,0.006475,0.009293,0.007955,0.005435,0.002432,0.005417,0.00412,0.940113,0.013065
8491,8,8,1,0.002952,0.002414,0.001815,0.000843,0.002517,0.000395,0.00067,0.000589,0.981682,0.006122
8492,8,8,1,0.010402,0.007957,0.009598,0.008315,0.002276,0.004904,0.006017,0.001471,0.922708,0.026351
8493,8,8,1,0.000328,0.000222,0.000415,0.000293,0.000503,0.00012,0.000183,0.000165,0.996514,0.001256
8494,8,8,1,0.004469,0.001196,0.003068,0.001279,0.000645,0.000636,0.001494,0.001363,0.981546,0.004304
8495,8,8,1,0.009907,0.007185,0.009178,0.005424,0.002837,0.00279,0.001766,0.001767,0.936311,0.022835
8496,8,8,1,0.014843,0.012693,0.012144,0.008706,0.007317,0.0019,0.004422,0.003912,0.922259,0.011806
8497,8,8,1,0.01409,0.003422,0.004544,0.006961,0.009079,0.004492,0.003777,0.003249,0.932694,0.017693
8498,8,8,1,0.003357,0.001291,0.001046,0.002929,0.000866,0.002309,0.002765,0.001579,0.976691,0.007166
8499,8,8,1,0.014309,0.00296,0.012655,0.007224,0.008445,0.003133,0.003273,0.001285,0.928904,0.017814
8500,8,8,1,0.014728,0.008126,0.006896,0.006719,0.006635,0.005518,0.001063,0.002475,0.934723,0.013116
8501,8,8,1,0.004753,0.003019,0.003523,0.011071,0.003586,0.007975,0.003461,0.004578,0.9407,0.017334
8502,8,8,1,0.005039,0.006331,0.00196,0.002732,0.002661,0.002683,0.001456,0.001671,0.968203,0.007266
8503,8,8,1,0.007599,0.006089,0.005769,0.00149,0.002597,0.002954,0.002809,0.001179,0.95729,0.012224
8504,8,8,1,0.007834,0.006595,0.00565,0.004901,0.003763,0.002135,0.001757,0.002677,0.948932,0.015756
8505,8,8,1,0.004075,0.001344,0.001993,0.001531,0.002043,0.001715,0.000473,0.000985,0.981926,0.003916
8506,8,8,1,0.003642,0.008723,0.004618,0.005203,0.001214,0.002582,0.001761,0.00234,0.960899,0.009016
8507,8,8,1,0.012627,0.006655,0.007257,0.00265,0.00201,0.005712,0.001951,0.002215,0.943108,0.015817
8508,8,8,1,0.010088,0.005248,0.007087,0.008468,0.00586,0.002931,0.005221,0.002168,0.928159,0.024768
8509,8,8,1,0.005028,0.002995,0.002151,0.002705,0.00211,0.001782,0.001308,0.000354,0.975358,0.00621
8510,8,8,1,2.3e-05,7e-06,1.1e-05,3e-06,5e-06,1.2e-05,6e-06,7e-06,0.9999,2.5e-05
8511,8,8,1,0.00313,0.001578,0.002603,0.000937,0.000797,0.00121,0.001618,0.001226,0.982257,0.004644
8512,8,8,1,0.011661,0.010358,0.007834,0.001862,0.002662,0.005638,0.001736,0.001256,0.938769,0.018224
8513,8,8,1,0.000557,0.000584,0.000994,0.000887,0.00086,0.000178,0.000545,0.000487,0.993063,0.001843
8514,8,8,1,0.023119,0.014196,0.003878,0.00672,0.007585,0.004756,0.007225,0.006534,0.905902,0.020086
8515,8,8,1,0.00492,0.007845,0.008219,0.002326,0.001615,0.006402,0.00172,0.00364,0.949099,0.014214
8516,8,8,1,0.01232,0.003134,0.005722,0.00501,0.004824,0.001415,0.003485,0.001292,0.94846,0.014338
8517,8,8,1,0.006119,0.003803,0.011015,0.008687,0.003191,0.004587,0.002066,0.002755,0.943298,0.01448
8518,8,8,1,0.016178,0.012467,0.009806,0.004766,0.005776,0.005489,0.002133,0.001855,0.922531,0.018998
8519,8,8,1,0.003529,0.001324,0.001106,0.001786,0.001205,0.000701,0.000915,0.000796,0.983978,0.004659
8520,8,8,1,0.006252,0.006436,0.005218,0.009895,0.00838,0.005166,0.003788,0.003148,0.922766,0.028949
8521,8,8,1,0.001193,0.002428,0.003258,0.000996,0.002748,0.001212,0.000382,0.001417,0.980782,0.005583
8522,8,8,1,0.008512,0.014936,0.007678,0.003584,0.007403,0.006839,0.0022,0.001414,0.929064,0.018369
8523,8,8,1,0.007365,0.003067,0.001436,0.00499,0.00249,0.001281,0.001885,0.001962,0.965134,0.010392
8524,8,8,1,7e-06,1.2e-05,6e-06,1.3e-05,1.2e-05,7e-06,1e-05,8e-06,0.9999,2.3e-05
8525,8,8,1,0.00662,0.00335,0.006898,0.008838,0.004863,0.00687,0.005054,0.001227,0.941472,0.014808
8526,8,8,1,0.000379,0.000616,0.000694,0.000574,0.000464,0.000182,0.000347,0.000531,0.994399,0.001815
8527,8,8,1,0.001258,0.001353,0.00134,0.000662,0.000877,0.000716,0.00031,0.00039,0.991348,0.001746
8528,8,8,1,0.001867,0.005971,0.005324,0.003243,0.003016,0.001498,0.001288,0.001037,0.968116,0.008641
8529,8,8,1,0.008015,0.017068,0.008886,0.003717,0.00587,0.004004,0.003844,0.006078,0.919447,0.023071
8530,8,8,1,1.6e-05,2e-05,5e-06,1.4e-05,5e-06,3e-06,4e-06,4e-06,0.9999,2.9e-05
8531,8,8,1,0.006136,0.011615,0.009111,0.006733,0.003698,0.002539,0.003884,0.001851,0.941304,0.013128
8532,8,8,1,0.00737,0.001968,0.005496,0.002351,0.002473,0.001491,0.001438,0.001172,0.968138,0.008103
8533,8,8,1,0.000136,0.000277,0.000327,0.00014,8.1e-05,4e-05,8.7e-05,7e-05,0.998247,0.000595
8534,8,8,1,0.002555,0.00337,0.003252,0.001688,0.001228,0.001782,0.001129,0.000632,0.980694,0.003672
8535,8,8,1,0.002331,0.006794,0.008063,0.005413,0.005158,0.004113,0.001708,0.001733,0.955563,0.009123
8536,8,8,1,0.00467,0.004021,0.001734,0.002482,0.001689,0.001581,0.00182,0.00101,0.974654,0.006338
8537,8,8,1,2.2e-05,1.6e-05,1.4e-05,1.1e-05,9e-06,3e-06,1e-06,5e-06,0.9999,1.9e-05
8538,8,8,1,0.011286,0.00642,0.005869,0.004516,0.002345,0.002919,0.002528,0.001392,0.954431,0.008295
8539,8,8,1,0.009854,0.009192,0.0076,0.006588,0.003038,0.006561,0.003259,0.002894,0.933399,0.017615
8540,8,8,1,0.005839,0.01108,0.002843,0.004683,0.009823,0.002503,0.003118,0.00171,0.931148,0.027252
8541,8,8,1,0.001418,0.005341,0.003535,0.002974,0.001176,0.000603,0.001738,0.000529,0.97635,0.006336
8542,8,8,1,1.1e-05,2.2e-05,4e-06,4e-06,9e-06,1.2e-05,4e-06,3e-06,0.9999,3.2e-05
8543,8,8,1,0.005521,0.007023,0.003423,0.00689,0.007714,0.009172,0.005308,0.00129,0.931038,0.022621
8544,8,8,1,0.003653,0.003874,0.002406,0.004746,0.005213,0.002252,0.003671,0.002663,0.953469,0.018052
8545,8,8,1,0.008044,0.004696,0.004195,0.003993,0.00593,0.001709,0.001002,0.004182,0.951505,0.014744
8546,8,8,1,0.015087,0.01156,0.013876,0.01289,0.013299,0.008896,0.00687,0.006165,0.891833,0.019523
8547,8,8,1,0.002748,0.002999,0.010756,0.003984,0.00475,0.005664,0.002544,0.004194,0.945931,0.01643
8548,8,8,1,0.003446,0.002578,0.005009,0.002519,0.003226,0.001648,0.002079,0.000457,0.972333,0.006705
8549,8,8,1,0.003177,0.006646,0.005367,0.003883,0.001524,0.002285,0.001575,0.002415,0.963472,0.009656
8550,8,8,1,0.000448,0.000518,0.000537,0.000158,0.000647,0.000234,0.000237,0.00013,0.995746,0.001346
8551,8,8,1,0.004587,0.005042,0.006426,0.005563,0.0033,0.005607,0.005882,0.004268,0.935893,0.023431
8552,8,8,1,0.01227,0.012633,0.003703,0.009798,0.006626,0.004502,0.00309,0.002563,0.931405,0.013411
8553,8,8,1,0.004204,0.0028,0.003125,0.001915,0.002419,0.001655,0.000855,0.000773,0.977858,0.004396
8554,8,8,1,0.01626,0.006407,0.011276,0.006131,0.005938,0.003464,0.003706,0.002699,0.929719,0.0144
8555,8,8,1,0.005503,0.009012,0.006398,0.007026,0.004936,0.005193,0.003127,0.003372,0.942686,0.012746
8556,8,8,1,0.00371,0.001826,0.005261,0.00506,0.004198,0.003604,0.002411,0.001796,0.965455,0.006677
8557,8,8,1,0.004915,0.003928,0.001768,0.00214,0.002359,0.001328,0.000552,0.00071,0.973322,0.008978
8558,8,8,1,0.008277,0.003993,0.003168,0.009978,0.008092,0.00283,0.004704,0.001517,0.938576,0.018864
8559,8,8,1,0.009144,0.003259,0.003316,0.00494,0.001418,0.001046,0.003505,0.003389,0.957784,0.0122
8560,8,8,1,0.007266,0.006831,0.008735,0.004472,0.002831,0.004161,0.00148,0.002197,0.943621,0.018406
8561,8,8,1,0.000553,0.000827,0.00076,0.000634,0.000496,0.000353,0.000196,0.000193,0.995152,0.000835
8562,8,8,1,0.003874,0.003256,0.00627,0.001613,0.001347,0.004007,0.003777,0.002305,0.962694,0.010857
8563,8,8,1,0.007052,0.027356,0.00782,0.018214,0.003887,0.010203,0.006232,0.0022,0.881005,0.036032
8564,8,8,1,0.012139,0.00567,0.004287,0.003494,0.005183,0.006341,0.001424,0.004506,0.941652,0.015303
8565,8,8,1,0.007066,0.012228,0.004212,0.00323,0.003317,0.006698,0.00441,0.003056,0.94308,0.012703
8566,8,8,1,0.004727,0.005684,0.003412,0.006894,0.009268,0.005415,0.003971,0.004584,0.94124,0.014805
8567,8,8,1,0.001137,0.000829,0.000576,0.000291,0.000431,0.000155,0.000293,5.3e-05,0.995286,0.000948
8568,8,8,1,0.020149,0.005177,0.013304,0.007685,0.003385,0.005704,0.003434,0.005884,0.912973,0.022304
8569,8,8,1,0.003715,0.003655,0.007843,0.006449,0.003599,0.003038,0.001573,0.002164,0.957744,0.01022
8570,8,8,1,0.011486,0.003811,0.007413,0.00141,0.003644,0.004762,0.003416,0.00236,0.952286,0.009413
8571,8,8,1,0.003021,0.009472,0.001907,0.005143,0.003249,0.005141,0.004752,0.002837,0.950078,0.014401
8572,8,8,1,6e-06,1.7e-05,6e-06,1.4e-05,1.3e-05,8e-06,7e-06,2e-06,0.9999,2.7e-05
8573,8,8,1,0.000879,0.001079,0.000222,0.00042,0.000612,0.000263,0.000499,0.000329,0.994309,0.001389
8574,8,8,1,0.012678,0.008578,0.007781,0.008431,0.004961,0.001132,0.004113,0.002861,0.935773,0.013693
8575,8,8,1,0.015167,0.012928,0.002772,0.00498,0.003159,0.002563,0.007644,0.006378,0.923778,0.020632
8576,8,8,1,0.003723,0.007037,0.006113,0.004705,0.004475,0.004481,0.001808,0.001296,0.95472,0.011641
8577,8,8,1,0.005567,0.003402,0.003358,0.002196,0.003624,0.002031,0.002195,0.000818,0.969796,0.007013
8578,8,8,1,0.00462,0.00289,0.000917,0.000876,0.001691,0.001166,0.001598,0.001161,0.980131,0.004949
8579,8,8,1,0.002188,0.002827,0.000747,0.000774,0.002191,0.000964,0.001171,0.001989,0.980823,0.006325
8580,8,8,1,0.00409,0.004222,0.002651,0.002367,0.002956,0.003553,0.001684,0.004265,0.955886,0.018325
8581,8,8,1,0.005466,0.002526,0.00114,0.002565,0.003983,0.000929,0.001005,0.001888,0.971875,0.008622
8582,8,8,1,0.012335,0.004259,0.007589,0.004024,0.010514,0.007339,0.001383,0.004746,0.927273,0.020539
8583,8,8,1,0.004438,0.00877,0.003718,0.003862,0.006105,0.00266,0.003787,0.001535,0.954365,0.010762
8584,8,8,1,0.001038,0.003698,0.001051,0.002127,0.000661,0.001659,0.001102,0.001604,0.981665,0.005395
8585,8,8,1,0.001022,0.000432,0.000488,0.00065,0.000947,0.000655,0.00012,0.000197,0.993465,0.002024
8586,8,8,1,0.003257,0.011321,0.002386,0.005282,0.003494,0.001523,0.006114,0.00347,0.945216,0.017937
8587,8,8,1,1.3e-05,1.1e-05,7e-06,9e-06,1.3e-05,5e-06,4e-06,9e-06,0.9999,2.9e-05
8588,8,8,1,2.4e-05,9e-06,1e-05,1.2e-05,6e-06,6e-06,5e-06,3e-06,0.9999,2.6e-05
8589,8,8,1,0.012687,0.005773,0.004663,0.006414,0.002397,0.001743,0.00214,0.002771,0.947918,0.013494
8590,8,8,1,0.010312,0.013662,0.003981,0.002981,0.009845,0.004134,0.003928,0.002132,0.923826,0.025198
8591,8,8,1,0.002915,0.004509,0.004758,0.006492,0.004714,0.001306,0.001247,0.000815,0.961781,0.011463
8592,8,8,1,2.1e-05,2e-05,8e-06,1.2e-05,7e-06,8e-06,5e-06,4e-06,0.9999,1.6e-05
8593,8,8,1,0.009745,0.002529,0.004482,0.00625,0.004431,0.003036,0.002496,0.001903,0.957649,0.007478
8594,8,8,1,0.001804,0.00117,0.001352,0.00346,0.002215,0.001923,0.001438,0.000852,0.981691,0.004095
8595,8,8,1,2.1e-05,6e-06,5e-06,1.2e-05,1.1e-05,1e-05,3e-06,2e-06,0.9999,3e-05
8596,8,8,1,0.002619,0.00199,0.002081,0.001586,0.001713,0.000772,0.001725,0.001183,0.979126,0.007204
8597,8,8,1,0.004002,0.012433,0.003827,0.006615,0.006711,0.00286,0.003661,0.003751,0.943428,0.012712
8598,8,8,1,8e-06,1.9e-05,8e-06,1.1e-05,8e-06,4e-06,4e-06,2e-06,0.9999,3.6e-05
8599,8,8,1,1e-05,1.7e-05,7e-06,5e-06,1.5e-05,5e-06,5e-06,9e-06,0.9999,2.9e-05
8600,8,8,1,0.015483,0.015874,0.00499,0.005918,0.007684,0.007889,0.004384,0.002207,0.89603,0.039542
8601,8,8,1,0.004836,0.004904,0.010575,0.004152,0.003183,0.005224,0.001698,0.001122,0.946773,0.017532
8602,8,8,1,0.017737,0.004102,0.006201,0.007636,0.005513,0.009618,0.006426,0.003055,0.919431,0.020283
8603,8,8,1,0.004358,0.001884,0.00633,0.003406,0.00108,0.003569,0.003259,0.002359,0.964661,0.009093
8604,8,8,1,0.005646,0.004754,0.007131,0.006896,0.003254,0.006689,0.002456,0.00126,0.944462,0.017453
8605,8,8,1,0.00504,0.005081,0.003785,0.002786,0.002929,0.001781,0.000677,0.000503,0.96974,0.007679
8606,8,8,1,0.008585,0.007323,0.00906,0.021489,0.017237,0.01189,0.010214,0.002489,0.879438,0.032277
8607,8,8,1,1.6e-05,1.1e-05,1.8e-05,3e-06,9e-06,3e-06,8e-06,8e-06,0.9999,2.6e-05
8608,8,8,1,0.003571,0.003497,0.003369,0.006833,0.007143,0.003842,0.002352,0.003717,0.948444,0.017231
8609,8,8,1,0.007684,0.002659,0.001736,0.002885,0.001536,0.003712,0.001301,0.002867,0.965012,0.010606
8610,8,8,1,0.008805,0.005728,0.003539,0.007121,0.001622,0.001533,0.003416,0.003905,0.94664,0.017692
8611,8,8,1,0.008167,0.00453,0.001666,0.001828,0.003581,0.0007,0.002723,0.001302,0.966571,0.008932
8612,8,8,1,0.008357,0.010425,0.004046,0.004854,0.004443,0.004695,0.001024,0.001946,0.947993,0.012217
8613,8,8,1,0.001112,0.000639,0.000563,0.000184,0.000509,0.000343,0.00033,0.000228,0.994902,0.00119
8614,8,8,1,0.006844,0.007083,0.004266,0.014445,0.003059,0.010538,0.008353,0.003396,0.909112,0.032905
8615,8,8,1,0.021902,0.014479,0.004805,0.012058,0.004294,0.004646,0.003439,0.00404,0.910256,0.02008
8616,8,8,1,0.003038,0.012023,0.004488,0.007421,0.002178,0.00347,0.004854,0.000848,0.946056,0.015624
8617,8,8,1,0.00385,0.0019,0.003835,0.002499,0.002155,0.001021,0.000454,0.000777,0.978467,0.005042
8618,8,8,1,0.003458,0.00247,0.002025,0.001036,0.001227,0.000943,0.000836,0.000314,0.985173,0.002519
8619,8,8,1,0.001887,0.000382,0.001381,0.000507,0.000807,0.000682,0.000367,0.000412,0.992175,0.0014
8620,8,8,1,0.010344,0.004656,0.003858,0.003444,0.00346,0.003853,0.001859,0.002586,0.952663,0.013276
8621,8,8,1,0.001755,0.002013,0.000407,0.000429,0.000634,0.001102,0.000531,0.000996,0.988456,0.003678
8622,8,8,1,0.024819,0.004741,0.018823,0.01613,0.011631,0.004093,0.003003,0.008105,0.883425,0.025231
8623,8,8,1,0.017408,0.005831,0.014675,0.010488,0.003148,0.00737,0.001202,0.002357,0.917439,0.020082
8624,8,8,1,0.001548,0.001147,0.000381,0.000827,0.000695,0.000126,0.000142,0.0004,0.992958,0.001777
8625,8,8,1,0.006545,0.004237,0.006156,0.001715,0.005345,0.002712,0.002833,0.00307,0.954222,0.013165
8626,8,8,1,0.005242,0.012333,0.005067,0.005259,0.004932,0.00408,0.002893,0.005474,0.936545,0.018176
8627,8,8,1,0.001271,0.001096,0.00159,0.002121,0.002593,0.001154,0.000583,0.001102,0.983461,0.005029
8628,8,8,1,0.004333,0.003444,0.00168,0.001797,0.002942,0.003423,0.002533,0.001545,0.971579,0.006723
8629,8,8,1,0.005822,0.005223,0.004119,0.005689,0.00234,0.001791,0.001029,0.001829,0.962055,0.010103
8630,8,8,1,6e-06,1e-05,1.4e-05,1e-05,1.1e-05,5e-06,5e-06,9e-06,0.9999,3.1e-05
8631,8,8,1,0.010335,0.001745,0.005615,0.002445,0.002877,0.003797,0.002503,0.002228,0.955801,0.012654
8632,8,8,1,0.008316,0.010281,0.004638,0.007963,0.005744,0.003701,0.003528,0.001731,0.944892,0.009205
8633,8,8,1,0.005383,0.00519,0.00507,0.00647,0.003951,0.005928,0.004541,0.003322,0.948403,0.011743
8634,8,8,1,0.011912,0.009677,0.013824,0.010057,0.004876,0.006884,0.001883,0.00238,0.921803,0.016704
8635,8,8,1,0.015114,0.011075,0.004596,0.008052,0.0073,0.001911,0.003785,0.003964,0.931341,0.012861
8636,8,8,1,0.011238,0.003578,0.002413,0.005145,0.004331,0.00231,0.002504,0.004586,0.944709,0.019186
8637,8,8,1,0.003461,0.00181,0.001131,0.002093,0.000637,0.00061,0.000627,0.001329,0.980757,0.007545
8638,8,8,1,0.010747,0.016623,0.012559,0.007735,0.006954,0.002194,0.003574,0.004141,0.916093,0.019381
8639,8,8,1,0.001925,0.001152,0.000739,0.000914,0.000611,0.000367,0.000383,0.000411,0.99156,0.001939
8640,8,8,1,0.013363,0.015011,0.015877,0.012908,0.009759,0.009286,0.001601,0.003929,0.894064,0.024203
8641,8,8,1,0.005438,0.004796,0.001604,0.001148,0.001827,0.001375,0.000669,0.000752,0.973371,0.009021
8642,8,8,1,0.008242,0.008129,0.009236,0.007384,0.002413,0.005264,0.000991,0.003361,0.9427,0.012281
8643,8,8,1,0.000376,0.000892,0.001024,0.000206,0.000334,0.000631,0.000291,0.000387,0.994387,0.001472
8644,8,8,1,0.009173,0.016736,0.010889,0.007008,0.008924,0.002724,0.006284,0.005151,0.914248,0.018863
8645,8,8,1,0.001272,0.002441,0.001664,0.002634,0.001157,0.002784,0.001216,0.001704,0.978361,0.006767
8646,8,8,1,0.0051,0.013175,0.010028,0.008408,0.005095,0.005905,0.003412,0.004259,0.928358,0.016259
8647,8,8,1,0.014942,0.010511,0.011736,0.013214,0.006433,0.003944,0.005721,0.005938,0.903516,0.024045
8648,8,8,1,0.002044,0.003445,0.004483,0.001143,0.002171,0.002144,0.001302,0.000804,0.973819,0.008645
8649,8,8,1,0.005171,0.002807,0.004241,0.000675,0.001143,0.002064,0.001078,0.000591,0.974289,0.007942
8650,8,8,1,0.020503,0.014163,0.004393,0.013223,0.00595,0.009356,0.002022,0.001785,0.902931,0.025674
8651,8,8,1,0.010877,0.015462,0.003388,0.008298,0.008053,0.002106,0.001433,0.003442,0.92559,0.021351
8652,8,8,1,0.002028,0.003288,0.001907,0.00325,0.001076,0.002474,0.000635,0.001178,0.97585,0.008314
8653,8,8,1,0.011408,0.004814,0.006986,0.006213,0.003724,0.00512,0.003885,0.00501,0.93724,0.015599
8654,8,8,1,0.014145,0.007121,0.007302,0.010815,0.006248,0.005103,0.006144,0.003921,0.917578,0.021621
8655,8,8,1,0.004589,0.004113,0.003097,0.001393,0.003246,0.002298,0.001513,0.000839,0.969657,0.009256
8656,8,8,1,0.008982,0.006147,0.00139,0.002891,0.002826,0.003248,0.001623,0.000584,0.963347,0.008962
8657,8,8,1,0.011071,0.00395,0.004066,0.006354,0.003472,0.007251,0.003714,0.003685,0.940407,0.016029
8658,8,8,1,0.010243,0.01021,0.008065,0.005725,0.003822,0.005053,0.004613,0.004949,0.927634,0.019686
8659,8,8,1,0.004856,0.002625,0.003829,0.002612,0.002846,0.00209,0.002283,0.000567,0.9699,0.008391
8660,8,8,1,0.004147,0.004477,0.001816,0.002062,0.003415,0.002573,0.0021,0.000513,0.971786,0.007113
8661,8,8,1,0.007648,0.001853,0.007631,0.006829,0.003672,0.003359,0.001062,0.002707,0.955407,0.009833
8662,8,8,1,0.001394,0.002235,0.002616,0.002916,0.00105,0.000587,0.00067,0.00119,0.981054,0.006287
8663,8,8,1,0.004482,0.003122,0.001042,0.003036,0.001802,0.002331,0.001333,0.001431,0.976333,0.005089
8664,8,8,1,0.008766,0.002237,0.00219,0.006403,0.002427,0.00341,0.002121,0.002773,0.959347,0.010327
8665,8,8,1,0.019831,0.012289,0.005357,0.010676,0.002041,0.006104,0.003363,0.004929,0.918201,0.01721
8666,8,8,1,7e-06,9e-06,1.3e-05,1.2e-05,1.4e-05,9e-06,6e-06,7e-06,0.9999,2.3e-05
8667,8,8,1,0.00178,0.001294,0.001377,0.001132,0.001078,0.001078,0.00086,0.000293,0.988116,0.00299
8668,8,8,1,0.011697,0.010195,0.004055,0.007908,0.007446,0.001846,0.004449,0.002247,0.934195,0.015961
8669,8,8,1,0.008145,0.003013,0.003959,0.001258,0.003962,0.004365,0.002622,0.002681,0.961226,0.008769
8670,8,8,1,0.006978,0.006932,0.002926,0.003735,0.008927,0.001525,0.003259,0.002669,0.941068,0.021979
8671,8,8,1,0.002155,0.003842,0.002579,0.005936,0.001086,0.003451,0.003151,0.001514,0.967065,0.009221
8672,8,8,1,0.002417,0.004344,0.003261,0.002026,0.00233,0.003903,0.00259,0.001747,0.96727,0.010111
8673,8,8,1,0.022334,0.011134,0.00944,0.008572,0.009217,0.006925,0.002989,0.002298,0.904702,0.022389
8674,8,8,1,0.002592,0.005865,0.002615,0.004065,0.001584,0.004001,0.002177,0.002518,0.965908,0.008675
8675,8,8,1,2.2e-05,7e-06,1.5e-05,1.3e-05,3e-06,1e-05,8e-06,5e-06,0.9999,1.7e-05
8676,8,8,1,0.000588,0.000882,0.000827,0.001634,0.00056,0.000356,0.000844,0.000585,0.990123,0.003601
8677,8,8,1,0.015199,0.013165,0.013078,0.005571,0.006131,0.008703,0.006506,0.00373,0.911312,0.016605
8678,8,8,1,0.005645,0.014061,0.003633,0.00356,0.005643,0.00425,0.003959,0.003861,0.934886,0.020503
8679,8,8,1,0.00246,0.002097,0.00429,0.002144,0.002004,0.000913,0.000974,0.001441,0.975358,0.008319
8680,8,8,1,0.016382,0.012172,0.003977,0.003544,0.007081,0.005856,0.00487,0.001924,0.927334,0.01686
8681,8,8,1,0.003536,0.002875,0.002453,0.001656,0.001218,0.001334,0.000762,0.000874,0.9807,0.004592
8682,8,8,1,0.006043,0.004286,0.005585,0.004464,0.004972,0.001181,0.003985,0.003323,0.953343,0.012818
8683,8,8,1,0.011744,0.009164,0.006074,0.003412,0.005133,0.001308,0.001141,0.002512,0.948049,0.011463
8684,8,8,1,0.004776,0.003294,0.008668,0.006471,0.004431,0.002312,0.001262,0.003147,0.953895,0.011743
8685,8,8,1,0.00594,0.002023,0.005227,0.003501,0.002204,0.001536,0.002634,0.000631,0.968633,0.007672
8686,8,8,1,0.002662,0.001734,0.00188,0.001344,0.00093,0.002955,0.002873,0.001033,0.975295,0.009294
8687,8,8,1,0.007415,0.00155,0.003852,0.002005,0.001782,0.001209,0.003235,0.002291,0.966508,0.010154
8688,8,8,1,0.016177,0.011937,0.002571,0.006106,0.007605,0.003469,0.005289,0.003414,0.921203,0.02223
8689,8,8,1,1.2e-05,2e-05,8e-06,1.1e-05,6e-06,6e-06,2e-06,7e-06,0.9999,2.7e-05
8690,8,8,1,0.007511,0.005058,0.009098,0.004578,0.005282,0.00279,0.002956,0.001245,0.950563,0.010919
8691,8,8,1,0.011466,0.008294,0.005333,0.007546,0.003103,0.001459,0.0031,0.002371,0.944583,0.012745
8692,8,8,1,0.006562,0.006982,0.001441,0.004642,0.003488,0.003943,0.001174,0.00228,0.959446,0.010042
8693,8,8,1,0.009053,0.001566,0.004355,0.004021,0.001802,0.002061,0.002466,0.002941,0.962762,0.008974
8694,8,8,1,0.006467,0.003426,0.002942,0.001195,0.001955,0.000876,0.00083,0.001076,0.973413,0.007818
8695,8,8,1,0.006426,0.004044,0.005808,0.001291,0.004483,0.00363,0.003325,0.00069,0.960347,0.009955
8696,8,8,1,0.003734,0.00195,0.002702,0.001149,0.002702,0.001253,0.001862,0.001973,0.976745,0.00593
8697,8,8,1,2.5e-05,1.2e-05,8e-06,9e-06,9e-06,7e-06,2e-06,3e-06,0.9999,2.4e-05
8698,8,8,1,0.006319,0.003855,0.002189,0.000904,0.000705,0.00139,0.001509,0.001565,0.972917,0.008648
8699,8,8,1,0.009404,0.005341,0.006916,0.011525,0.007868,0.002203,0.00454,0.002403,0.922814,0.026987
8700,8,8,1,2.2e-05,1.5e-05,7e-06,3e-06,4e-06,3e-06,5e-06,6e-06,0.9999,3.3e-05
8701,8,8,1,0.010663,0.011778,0.002454,0.008218,0.003552,0.006261,0.002388,0.002443,0.937193,0.01505
8702,8,8,1,0.002254,0.003782,0.001105,0.001522,0.004588,0.003477,0.001525,0.001995,0.971974,0.007779
8703,8,8,1,0.011414,0.004603,0.002296,0.004679,0.004525,0.002023,0.002425,0.002069,0.954111,0.011854
8704,8,8,1,0.006754,0.008835,0.01132,0.013925,0.003851,0.008338,0.003314,0.002402,0.912834,0.028428
8705,8,8,1,0.010767,0.011696,0.009932,0.004623,0.005712,0.004178,0.00158,0.002797,0.932297,0.016418
8706,8,8,1,0.016354,0.004741,0.005731,0.005097,0.002726,0.006005,0.001871,0.001837,0.933729,0.021909
8707,8,8,1,0.00601,0.005147,0.004003,0.000998,0.002447,0.000609,0.001566,0.001047,0.972444,0.005729
8708,8,8,1,0.002012,0.000849,0.001714,0.001384,0.000794,0.000671,0.000825,0.000243,0.988488,0.003021
8709,8,8,1,8e-06,1e-05,9e-06,1.2e-05,5e-06,1.4e-05,1e-05,7e-06,0.9999,2.6e-05
8710,8,8,1,0.007441,0.010649,0.009415,0.002291,0.005122,0.005581,0.003135,0.000956,0.937895,0.017515
8711,8,8,1,0.004259,0.00855,0.005821,0.002879,0.003187,0.00284,0.001242,0.001442,0.957848,0.011931
8712,8,8,1,0.013794,0.00381,0.002689,0.006709,0.003221,0.001628,0.006089,0.00135,0.941016,0.019693
8713,8,8,1,0.006642,0.004179,0.00184,0.002786,0.001345,0.002288,0.00071,0.00226,0.970325,0.007626
8714,8,8,1,0.014265,0.011981,0.009718,0.002439,0.006938,0.002606,0.004414,0.00383,0.9223,0.021509
8715,8,8,1,0.011105,0.01168,0.00593,0.011631,0.009349,0.002837,0.006084,0.003852,0.906794,0.03074
8716,8,8,1,0.001958,0.007914,0.00495,0.004867,0.003209,0.001518,0.000848,0.001271,0.965491,0.007975
8717,8,8,1,0.014037,0.007818,0.009372,0.007203,0.003892,0.00281,0.003671,0.001836,0.939273,0.010087
8718,8,8,1,0.009611,0.004725,0.007445,0.005065,0.005379,0.005347,0.006265,0.005908,0.927385,0.02287
8719,8,8,1,0.001719,0.000915,0.000483,0.000283,0.00061,0.000806,0.000383,0.000264,0.992373,0.002162
8720,8,8,1,0.024326,0.006881,0.012935,0.005603,0.0079,0.005994,0.006886,0.006142,0.900918,0.022416
8721,8,8,1,0.016998,0.008802,0.009053,0.006898,0.006468,0.001751,0.003481,0.004386,0.922306,0.019857
8722,8,8,1,0.010373,0.006632,0.004851,0.003056,0.004824,0.002556,0.001899,0.002939,0.952844,0.010026
8723,8,8,1,0.003045,0.003861,0.002225,0.002135,0.003507,0.001196,0.003818,0.000787,0.966887,0.012539
8724,8,8,1,1.6e-05,1e-05,1.6e-05,1.4e-05,5e-06,9e-06,4e-06,5e-06,0.9999,2.2e-05
8725,8,8,1,0.003882,0.006815,0.010156,0.009848,0.006203,0.001494,0.003025,0.002596,0.935933,0.020048
8726,8,8,1,0.011388,0.007113,0.007747,0.004123,0.008152,0.002878,0.003846,0.004288,0.922265,0.0282
8727,8,8,1,0.003964,0.007334,0.004353,0.004856,0.002137,0.003066,0.001267,0.001564,0.964574,0.006885
8728,8,8,1,2.5e-05,7e-06,7e-06,1.1e-05,7e-06,9e-06,7e-06,6e-06,0.9999,2.2e-05
8729,8,8,1,7e-06,2.1e-05,1.3e-05,6e-06,8e-06,7e-06,7e-06,4e-06,0.9999,2.8e-05
8730,8,8,1,0.004487,0.006402,0.005522,0.001711,0.003466,0.003397,0.001579,0.002028,0.964668,0.00674
8731,8,8,1,0.013119,0.010486,0.005985,0.002351,0.004497,0.003084,0.005309,0.001161,0.938802,0.015205
8732,8,8,1,0.010351,0.006664,0.013523,0.00996,0.001969,0.006513,0.005429,0.004741,0.92346,0.01739
8733,8,8,1,0.008507,0.003971,0.006107,0.006102,0.006366,0.004305,0.001618,0.00407,0.945117,0.013837
8734,8,8,1,0.003243,0.011713,0.008663,0.008826,0.001831,0.006106,0.00166,0.001542,0.940088,0.016326
8735,8,8,1,0.007606,0.008416,0.002538,0.005145,0.005088,0.002556,0.002156,0.002039,0.955905,0.008551
8736,8,8,1,0.006885,0.00281,0.004112,0.003626,0.001055,0.001753,0.001431,0.000484,0.969771,0.008073
8737,8,8,1,0.005539,0.008242,0.007158,0.005527,0.004218,0.000943,0.002022,0.002224,0.9555,0.008627
8738,8,8,1,0.005317,0.014298,0.006949,0.005411,0.004042,0.005319,0.003101,0.005375,0.932318,0.01787
8739,8,8,1,0.00625,0.012749,0.009078,0.005004,0.005002,0.003387,0.001824,0.001867,0.93061,0.024229
8740,8,8,1,0.005787,0.006344,0.00457,0.00969,0.004164,0.002519,0.005326,0.002724,0.942295,0.016582
8741,8,8,1,0.0052,0.013092,0.010443,0.011369,0.002447,0.004947,0.003454,0.002089,0.9253,0.021658
8742,8,8,1,0.007739,0.007665,0.010348,0.005646,0.003978,0.002022,0.005063,0.001007,0.941043,0.015489
8743,8,8,1,0.002985,0.000695,0.000849,0.001719,0.001081,0.000646,0.000814,0.000275,0.987952,0.002983
8744,8,8,1,0.002885,0.002116,0.003615,0.001205,0.002249,0.003147,0.000871,0.000586,0.974166,0.00916
8745,8,8,1,0.005403,0.00164,0.001888,0.003982,0.004257,0.001502,0.00312,0.001135,0.968723,0.008349
8746,8,8,1,0.007638,0.004438,0.002624,0.001817,0.002108,0.002987,0.001514,0.002625,0.961646,0.012604
8747,8,8,1,0.006201,0.005549,0.00416,0.004694,0.007293,0.005269,0.001789,0.003475,0.946871,0.014698
8748,8,8,1,0.008726,0.004962,0.010237,0.00577,0.004706,0.002454,0.003322,0.00143,0.943876,0.014516
8749,8,8,1,0.020925,0.013813,0.009096,0.003414,0.009578,0.002102,0.007795,0.003572,0.90967,0.020033
8750,8,8,1,0.000463,0.000772,0.000708,0.000445,0.000231,0.000267,0.000216,0.000123,0.99541,0.001366
8751,8,8,1,0.003777,0.005146,0.003156,0.004383,0.002051,0.003894,0.002908,0.001245,0.960264,0.013177
8752,8,8,1,0.005549,0.004605,0.001336,0.001883,0.001972,0.001566,0.001601,0.000741,0.975844,0.004902
8753,8,8,1,0.004409,0.005618,0.012091,0.010685,0.006679,0.003336,0.003385,0.002708,0.933651,0.017438
8754,8,8,1,0.008755,0.00606,0.018512,0.00508,0.015236,0.005638,0.010177,0.009614,0.891693,0.029235
8755,8,8,1,0.012767,0.007449,0.007404,0.00736,0.00122,0.002161,0.003069,0.00345,0.942478,0.012642
8756,8,8,1,0.011471,0.002955,0.008584,0.004194,0.003135,0.005401,0.004671,0.001233,0.94474,0.013617
8757,8,8,1,0.010511,0.00896,0.008135,0.002029,0.001536,0.002117,0.002036,0.001748,0.947703,0.015224
8758,8,8,1,0.01437,0.007768,0.009953,0.002646,0.002265,0.002368,0.004609,0.001483,0.93263,0.021908
8759,8,8,1,0.009023,0.010729,0.010144,0.001859,0.002014,0.002265,0.002345,0.00177,0.937007,0.022844
8760,8,8,1,1.7e-05,4e-06,1.6e-05,6e-06,1.1e-05,5e-06,1e-05,4e-06,0.9999,2.6e-05
8761,8,8,1,2.5e-05,1.5e-05,6e-06,1.2e-05,8e-06,8e-06,2e-06,4e-06,0.9999,2.1e-05
8762,8,8,1,0.0063,0.007581,0.0049,0.004742,0.002543,0.001805,0.000847,0.002033,0.957715,0.011535
8763,8,8,1,0.003839,0.005851,0.004599,0.002808,0.000794,0.000712,0.001958,0.000954,0.971876,0.00661
8764,8,8,1,0.004054,0.002642,0.002086,0.005673,0.005242,0.004111,0.004642,0.002469,0.956,0.01308
8765,8,8,1,0.01298,0.009621,0.00653,0.007815,0.005239,0.002167,0.002305,0.002947,0.931005,0.019391
8766,8,8,1,0.008876,0.007569,0.001485,0.002876,0.002539,0.002383,0.004366,0.003431,0.953963,0.012512
8767,8,8,1,0.001888,0.00187,0.002451,0.003264,0.002,0.002104,0.001523,0.001493,0.978539,0.004869
8768,8,8,1,0.001123,0.000827,0.001352,0.000848,0.000748,0.00085,0.000163,0.000341,0.991588,0.002159
8769,8,8,1,0.001447,0.000918,0.000831,0.00105,0.000698,0.000728,0.000373,0.000472,0.990669,0.002814
8770,8,8,1,0.002554,0.00223,0.001936,0.001597,0.001337,0.000555,0.000468,0.000261,0.985793,0.003271
8771,8,8,1,0.002527,0.001785,0.001377,0.00236,0.001396,0.000438,0.001199,0.001112,0.982048,0.005757
8772,8,8,1,0.00175,0.001481,0.00267,0.001234,0.002305,0.002318,0.001704,0.001455,0.977854,0.007229
8773,8,8,1,1.9e-05,7e-06,4e-06,1.6e-05,1e-05,3e-06,9e-06,7e-06,0.9999,2.6e-05
8774,8,8,1,0.022294,0.009832,0.010039,0.004365,0.011364,0.003981,0.005243,0.003979,0.906829,0.022074
8775,8,8,1,0.007731,0.006695,0.005283,0.003714,0.004348,0.002521,0.001574,0.001941,0.955906,0.010287
8776,8,8,1,0.010666,0.008643,0.007974,0.005024,0.007933,0.002136,0.003384,0.003245,0.933065,0.017932
8777,8,8,1,0.018846,0.012715,0.008646,0.008947,0.005659,0.00269,0.002125,0.00229,0.92121,0.016871
8778,8,8,1,0.008682,0.003803,0.003954,0.001515,0.001979,0.003535,0.003871,0.002196,0.960347,0.010119
8779,8,8,1,0.011704,0.003187,0.005458,0.001929,0.003551,0.002515,0.001998,0.001074,0.949886,0.018698
8780,8,8,1,0.005624,0.001415,0.004136,0.001601,0.002549,0.00178,0.000713,0.002527,0.970837,0.008819
8781,8,8,1,0.006113,0.008542,0.004185,0.005243,0.004306,0.0041,0.00182,0.00219,0.952077,0.011424
8782,8,8,1,0.003884,0.007964,0.006764,0.002721,0.001185,0.002679,0.004077,0.001355,0.956952,0.012417
8783,8,8,1,2e-05,6e-06,9e-06,5e-06,8e-06,1e-05,3e-06,3e-06,0.9999,3.5e-05
8784,8,8,1,0.001573,0.001311,0.000792,0.000356,0.000664,0.000481,0.000806,0.000796,0.990548,0.002672
8785,8,8,1,0.009178,0.012777,0.004126,0.008795,0.008182,0.005433,0.006203,0.002726,0.923946,0.018634
8786,8,8,1,0.009031,0.005595,0.008054,0.008732,0.012223,0.00848,0.005878,0.003238,0.919512,0.019257
8787,8,8,1,0.006372,0.005448,0.003979,0.001406,0.002355,0.001979,0.001636,0.001739,0.969618,0.005468
8788,8,8,1,0.001156,0.001637,0.00085,0.000295,0.000941,0.000195,0.000253,0.000214,0.992,0.00246
8789,8,8,1,2.2e-05,4e-06,5e-06,1.4e-05,1.1e-05,9e-06,8e-06,3e-06,0.9999,2.3e-05
8790,8,8,1,0.005489,0.003395,0.005265,0.004018,0.002695,0.001091,0.000506,0.001693,0.969515,0.006333
8791,8,8,1,0.017013,0.008307,0.013807,0.008869,0.012678,0.004769,0.006322,0.0022,0.898552,0.027484
8792,8,8,1,0.001518,0.002322,0.003581,0.000903,0.000961,0.002086,0.001611,0.000437,0.981745,0.004836
8793,8,8,1,0.004676,0.005807,0.002622,0.001748,0.006154,0.002467,0.001838,0.001831,0.959404,0.013453
8794,8,8,1,0.001111,0.00257,0.000891,0.000768,0.001027,0.001493,0.001148,0.001145,0.986316,0.003531
8795,8,8,1,0.003141,0.007779,0.005494,0.002939,0.002101,0.00128,0.003176,0.001563,0.955854,0.016674
8796,8,8,1,0.005673,0.003009,0.000877,0.001813,0.002082,0.000554,0.000699,0.002015,0.977072,0.006206
8797,8,8,1,0.012574,0.004408,0.011259,0.007584,0.005758,0.003844,0.005498,0.002208,0.930763,0.016105
8798,8,8,1,0.005695,0.002778,0.003417,0.002927,0.002917,0.001568,0.001345,0.000702,0.971661,0.006991
8799,8,8,1,0.011356,0.0044,0.004152,0.003923,0.002037,0.00417,0.005453,0.003423,0.935488,0.025599
8800,8,8,1,7e-06,5e-06,1.4e-05,1.1e-05,1.1e-05,4e-06,1.1e-05,5e-06,0.9999,3.2e-05
8801,8,8,1,1.7e-05,1.7e-05,4e-06,1.4e-05,7e-06,6e-06,5e-06,3e-06,0.9999,2.7e-05
8802,8,8,1,0.008135,0.009853,0.00403,0.002695,0.001904,0.005689,0.00263,0.001283,0.948268,0.015514
8803,8,8,1,0.003796,0.000864,0.002182,0.002294,0.001458,0.000824,0.001345,0.000276,0.983154,0.003807
8804,8,8,1,7e-06,1e-05,1.8e-05,1.4e-05,4e-06,3e-06,8e-06,4e-06,0.9999,3.2e-05
8805,8,8,1,0.013473,0.008976,0.003116,0.00542,0.001706,0.00426,0.003109,0.002851,0.942016,0.015072
8806,8,8,1,0.002429,0.003666,0.004344,0.001219,0.002231,0.002151,0.001195,0.000536,0.975884,0.006345
8807,8,8,1,0.005519,0.003385,0.005987,0.002974,0.003264,0.000871,0.000964,0.002358,0.967135,0.007544
8808,8,8,1,0.000337,0.000725,0.000263,0.000572,0.000271,0.000224,0.000127,9.5e-05,0.996371,0.001016
8809,8,8,1,0.006451,0.003915,0.002827,0.005598,0.003247,0.001929,0.00116,0.000588,0.963301,0.010986
8810,8,8,1,0.008633,0.002836,0.007918,0.002402,0.002535,0.004431,0.003021,0.005062,0.939634,0.023528
8811,8,8,1,0.004617,0.002977,0.006213,0.00802,0.006881,0.002535,0.00569,0.004487,0.945013,0.013568
8812,8,8,1,0.000829,0.001354,0.001279,0.0009,0.001452,0.00126,0.000434,0.0004,0.988945,0.003148
8813,8,8,1,0.004168,0.00352,0.00205,0.003274,0.001394,0.001931,0.001858,0.001786,0.965978,0.014042
8814,8,8,1,0.020301,0.004278,0.018144,0.010072,0.004154,0.003105,0.002563,0.006241,0.896458,0.034683
8815,8,8,1,0.002878,0.004794,0.003836,0.005122,0.002914,0.002946,0.00158,0.000839,0.967749,0.007342
8816,8,8,1,1.3e-05,1.2e-05,7e-06,1.7e-05,1.1e-05,9e-06,3e-06,5e-06,0.9999,2.3e-05
8817,8,8,1,0.003005,0.001012,0.00085,0.001078,0.001058,0.002449,0.001735,0.002005,0.980486,0.006321
8818,8,8,1,0.007133,0.016614,0.004169,0.006509,0.009513,0.007916,0.002653,0.003613,0.918365,0.023515
8819,8,8,1,2.1e-05,4e-06,1.4e-05,1.5e-05,1.1e-05,7e-06,2e-06,6e-06,0.9999,2.1e-05
8820,8,8,1,0.000784,0.000669,0.001211,0.000343,0.000939,0.000642,0.000169,0.00023,0.992842,0.002172
8821,8,8,1,0.006193,0.009624,0.002473,0.011028,0.001912,0.002707,0.002194,0.00373,0.936824,0.023314
8822,8,8,1,0.008273,0.008595,0.00726,0.004879,0.002625,0.002727,0.001823,0.003185,0.949332,0.011301
8823,8,8,1,0.003354,0.002671,0.001614,0.000984,0.002259,0.000645,0.000784,0.00033,0.981616,0.005742
8824,8,8,1,0.000863,0.000382,0.000356,0.000381,0.00024,0.000246,0.00022,0.000171,0.99642,0.000722
8825,8,8,1,8e-06,1.2e-05,1.2e-05,1.7e-05,6e-06,7e-06,4e-06,4e-06,0.9999,3.2e-05
8826,8,8,1,0.00275,0.002563,0.001138,0.001472,0.001646,0.001527,0.001736,0.000635,0.980508,0.006024
8827,8,8,1,0.014024,0.003094,0.007466,0.009573,0.006326,0.002027,0.005833,0.001753,0.931572,0.018333
8828,8,8,1,6e-06,9e-06,1.7e-05,1.2e-05,4e-06,1.2e-05,8e-06,4e-06,0.9999,2.7e-05
8829,8,8,1,0.004449,0.003971,0.002704,0.001458,0.000872,0.001834,0.001576,0.00041,0.977653,0.005072
8830,8,8,1,0.004205,0.00831,0.002927,0.004511,0.005198,0.003595,0.00185,0.001931,0.957761,0.009711
8831,8,8,1,0.006901,0.006484,0.004299,0.00447,0.000965,0.003886,0.002591,0.001237,0.959789,0.009377
8832,8,8,1,0.005795,0.016356,0.009364,0.009831,0.001728,0.00498,0.002203,0.001674,0.924122,0.023948
8833,8,8,1,0.011607,0.003694,0.003144,0.007265,0.003783,0.00126,0.001154,0.001086,0.951304,0.015704
8834,8,8,1,1.8e-05,1e-05,1.8e-05,6e-06,5e-06,3e-06,8e-06,2e-06,0.9999,3.1e-05
8835,8,8,1,0.003659,0.003895,0.004151,0.004489,0.002842,0.003003,0.001913,0.001547,0.967137,0.007365
8836,8,8,1,0.007275,0.005006,0.005319,0.008873,0.002492,0.001739,0.004001,0.00443,0.943647,0.017219
8837,8,8,1,0.004319,0.015229,0.0072,0.009392,0.005148,0.004334,0.005159,0.003567,0.916669,0.028984
8838,8,8,1,0.006531,0.008065,0.012885,0.006213,0.00232,0.006221,0.002395,0.007388,0.924224,0.023757
8839,8,8,1,0.002161,0.005904,0.004241,0.005126,0.004204,0.001249,0.003346,0.001904,0.963704,0.008161
8840,8,8,1,0.014321,0.00962,0.011038,0.002084,0.003899,0.007286,0.006264,0.002128,0.9249,0.018461
8841,8,8,1,0.002003,0.00339,0.003044,0.000803,0.001022,0.00209,0.001312,0.001135,0.980895,0.004307
8842,8,8,1,0.020945,0.017146,0.013019,0.005468,0.005403,0.006729,0.004253,0.004347,0.898418,0.024272
8843,8,8,1,0.002965,0.005131,0.003065,0.003546,0.005307,0.002606,0.002082,0.004611,0.955361,0.015327
8844,8,8,1,0.000637,0.00035,0.000491,0.000493,0.000317,0.000437,0.000116,0.000287,0.995443,0.001427
8845,8,8,1,9.7e-05,9.6e-05,0.000143,0.000148,0.000227,0.000153,0.000177,9e-05,0.998332,0.000536
8846,8,8,1,0.005376,0.003662,0.001709,0.003168,0.003808,0.001864,0.002497,0.001227,0.969875,0.006814
8847,8,8,1,0.00509,0.003013,0.00362,0.001398,0.002591,0.001005,0.001389,0.001293,0.976084,0.004517
8848,8,8,1,0.00508,0.013812,0.007558,0.008801,0.005318,0.003788,0.002457,0.002873,0.937125,0.013188
8849,8,8,1,0.005416,0.002125,0.001231,0.005481,0.002541,0.002703,0.001713,0.001601,0.968405,0.008784
8850,8,8,1,0.001449,0.001442,0.000517,0.001388,0.000726,0.000329,0.000425,0.000695,0.990867,0.00216
8851,8,8,1,0.002415,0.001198,0.001889,0.001607,0.001307,0.002246,0.001208,0.001894,0.980139,0.006097
8852,8,8,1,0.007048,0.011403,0.009718,0.003133,0.002887,0.009366,0.006638,0.004928,0.92646,0.018418
8853,8,8,1,0.004702,0.00345,0.009817,0.002864,0.003224,0.009808,0.006438,0.005068,0.931275,0.023355
8854,8,8,1,5e-06,8e-06,1.3e-05,1.3e-05,6e-06,6e-06,3e-06,1e-05,0.9999,3.5e-05
8855,8,8,1,0.007184,0.003563,0.001573,0.001139,0.003394,0.001704,0.000654,0.001054,0.97089,0.008845
8856,8,8,1,0.008128,0.008893,0.004031,0.004311,0.001941,0.001109,0.002377,0.001172,0.955138,0.012901
8857,8,8,1,0.002399,0.004497,0.002506,0.001146,0.003439,0.002071,0.001683,0.001542,0.9751,0.005618
8858,8,8,1,0.003682,0.002958,0.002768,0.000563,0.002357,0.001244,0.001144,0.000961,0.97968,0.004642
8859,8,8,1,0.015717,0.012781,0.018125,0.004375,0.011949,0.008014,0.002143,0.006168,0.898853,0.021875
8860,8,8,1,0.011167,0.016051,0.009477,0.006129,0.004625,0.004269,0.002891,0.005148,0.923946,0.016297
8861,8,8,1,0.005176,0.003644,0.001006,0.001522,0.002594,0.001275,0.001447,0.001294,0.976196,0.005846
8862,8,8,1,0.008445,0.008957,0.005655,0.002748,0.007279,0.005599,0.001091,0.003936,0.939509,0.016781
8863,8,8,1,0.0069,0.010532,0.007785,0.002469,0.004536,0.003008,0.000894,0.002835,0.949878,0.011164
8864,8,8,1,0.001461,0.001656,0.00074,0.000482,0.001289,0.000718,0.000321,0.000591,0.990095,0.002648
8865,8,8,1,0.016113,0.007468,0.014042,0.006572,0.005037,0.004906,0.00353,0.002811,0.917627,0.021894
8866,8,8,1,0.00774,0.004129,0.002785,0.004091,0.001818,0.00289,0.001461,0.001361,0.965952,0.007773
8867,8,8,1,0.004052,0.007895,0.002742,0.004256,0.008878,0.001797,0.002138,0.001202,0.944241,0.022799
8868,8,8,1,0.008426,0.005095,0.003691,0.006801,0.002191,0.004108,0.003045,0.001666,0.952155,0.012822
8869,8,8,1,0.018577,0.015508,0.006503,0.004189,0.01163,0.01028,0.008696,0.008093,0.879744,0.036781
8870,8,8,1,0.013355,0.010195,0.0052,0.00806,0.00662,0.00248,0.001922,0.002113,0.931944,0.018111
8871,8,8,1,0.028425,0.004961,0.005093,0.011004,0.01331,0.003136,0.005556,0.009538,0.88628,0.032695
8872,8,8,1,0.008872,0.011073,0.016116,0.012853,0.006937,0.007132,0.004665,0.005054,0.909333,0.017965
8873,8,8,1,0.002924,0.008844,0.003703,0.009553,0.007097,0.004984,0.000914,0.002852,0.945242,0.013887
8874,8,8,1,0.014091,0.012958,0.005528,0.005705,0.003596,0.002144,0.00348,0.006072,0.927904,0.018522
8875,8,8,1,0.011562,0.003699,0.003566,0.00404,0.001702,0.004922,0.006332,0.003617,0.944329,0.01623
8876,8,8,1,0.000525,0.001212,0.000359,0.00069,0.000546,0.000336,0.000267,0.000339,0.993251,0.002476
8877,8,8,1,0.003033,0.000967,0.00306,0.002191,0.00083,0.000942,0.000777,0.001425,0.982439,0.004336
8878,8,8,1,0.014799,0.004087,0.003106,0.008304,0.006391,0.004149,0.001886,0.003446,0.939022,0.014809
8879,8,8,1,0.005545,0.001446,0.005378,0.003715,0.001882,0.001717,0.000833,0.001043,0.970995,0.007447
8880,8,8,1,0.004158,0.002618,0.001956,0.005017,0.00315,0.001701,0.004964,0.004539,0.95817,0.013727
8881,8,8,1,0.008038,0.008288,0.002321,0.004768,0.003052,0.001014,0.002054,0.002514,0.957266,0.010685
8882,8,8,1,0.000635,0.001853,0.000908,0.000303,0.00059,0.000601,0.000655,0.000456,0.991676,0.002324
8883,8,8,1,0.00223,0.004274,0.001962,0.002764,0.000797,0.000802,0.001008,0.001441,0.979432,0.005288
8884,8,8,1,0.005192,0.006606,0.002395,0.006004,0.00155,0.002679,0.001369,0.001614,0.961555,0.011037
8885,8,8,1,0.008171,0.007788,0.005201,0.004677,0.001208,0.001487,0.00158,0.0022,0.959049,0.00864
8886,8,8,1,0.00298,0.002996,0.003417,0.002905,0.001333,0.001858,0.002699,0.001559,0.969057,0.011196
8887,8,8,1,0.000762,0.000574,0.000508,0.000474,0.000634,0.000331,0.000287,0.000148,0.995088,0.001193
8888,8,8,1,0.003043,0.003525,0.005546,0.003083,0.003426,0.000971,0.002944,0.002609,0.963439,0.011414
8889,8,8,1,0.003562,0.002069,0.001636,0.004721,0.001005,0.002301,0.000872,0.000695,0.972428,0.010712
8890,8,8,1,0.002773,0.002495,0.001527,0.001635,0.001969,0.001695,0.000641,0.000302,0.981347,0.005618
8891,8,8,1,0.011601,0.00375,0.002081,0.005454,0.006319,0.002077,0.002137,0.003437,0.945039,0.018105
8892,8,8,1,0.001256,0.002188,0.001816,0.001835,0.001523,0.000994,0.001253,0.001093,0.982318,0.005724
8893,8,8,1,0.001752,0.002237,0.002575,0.001323,0.00147,0.001137,0.000791,0.000793,0.984284,0.003638
8894,8,8,1,0.004823,0.003099,0.003747,0.004381,0.004697,0.007649,0.00569,0.004706,0.945931,0.015276
8895,8,8,1,0.005112,0.018054,0.006984,0.004124,0.004198,0.005743,0.007457,0.00208,0.910089,0.036158
8896,8,8,1,0.014139,0.003736,0.006977,0.010674,0.002247,0.003281,0.00476,0.005537,0.930497,0.018151
8897,8,8,1,0.001358,0.000423,0.000503,0.000907,0.000938,0.000443,0.000582,0.000458,0.992853,0.001534
8898,8,8,1,0.001517,0.00309,0.004295,0.003756,0.001613,0.002353,0.000863,0.001543,0.975636,0.005334
8899,8,8,1,0.009108,0.006897,0.002022,0.00269,0.001904,0.003931,0.004456,0.00367,0.951553,0.01377
8900,8,8,1,0.004409,0.012918,0.008243,0.007424,0.006543,0.0017,0.002744,0.003414,0.940766,0.01184
8901,8,8,1,0.016588,0.009376,0.013114,0.004071,0.009684,0.007644,0.006127,0.004682,0.914166,0.014548
8902,8,8,1,2.4e-05,5e-06,1.7e-05,8e-06,7e-06,4e-06,8e-06,5e-06,0.9999,2.3e-05
8903,8,8,1,0.007768,0.002414,0.007383,0.002956,0.004136,0.00332,0.00297,0.000917,0.95385,0.014287
8904,8,8,1,0.005572,0.005496,0.006799,0.003147,0.003478,0.001227,0.002425,0.002537,0.958459,0.010861
8905,8,8,1,0.011658,0.007984,0.00809,0.004914,0.00369,0.001987,0.001976,0.002209,0.938047,0.019445
8906,8,8,1,0.00099,0.002775,0.001863,0.000714,0.001808,0.000825,0.000548,0.00071,0.984954,0.004815
8907,8,8,1,0.008496,0.007456,0.004278,0.009299,0.003672,0.003032,0.003679,0.002522,0.938429,0.019137
8908,8,8,1,0.000394,0.000543,0.000975,0.000259,0.000538,0.00035,0.000476,0.000352,0.994906,0.001206
8909,8,8,1,0.008036,0.004839,0.004121,0.00442,0.005165,0.005719,0.000997,0.001014,0.950543,0.015147
8910,8,8,1,0.009154,0.007193,0.010328,0.007455,0.002357,0.004812,0.004681,0.003958,0.924672,0.025389
8911,8,8,1,0.003439,0.006618,0.009712,0.003777,0.004385,0.002821,0.001841,0.001763,0.946915,0.018728
8912,8,8,1,1.3e-05,2e-05,1.6e-05,8e-06,1e-05,7e-06,2e-06,5e-06,0.9999,1.8e-05
8913,8,8,1,0.004663,0.015563,0.014251,0.008382,0.002068,0.004214,0.001838,0.002456,0.922689,0.023876
8914,8,8,1,0.008087,0.008232,0.007568,0.005279,0.004747,0.001736,0.002688,0.002108,0.947407,0.012146
8915,8,8,1,0.004,0.007985,0.007561,0.006217,0.004942,0.002067,0.00165,0.001534,0.95045,0.013594
8916,8,8,1,0.007046,0.004483,0.001584,0.00439,0.000993,0.003578,0.002917,0.001643,0.965799,0.007566
8917,8,8,1,0.003014,0.010539,0.007772,0.005993,0.003437,0.002678,0.000985,0.001204,0.95424,0.010138
8918,8,8,1,0.001181,0.002425,0.001292,0.001035,0.002808,0.00236,0.001678,0.000579,0.981466,0.005176
8919,8,8,1,0.013969,0.005448,0.004224,0.003282,0.004671,0.011502,0.009187,0.007669,0.911007,0.029042
8920,8,8,1,0.003002,0.007352,0.004248,0.003181,0.006252,0.006614,0.002089,0.004439,0.948351,0.014471
8921,8,8,1,0.006846,0.004713,0.011617,0.005725,0.003627,0.005245,0.005524,0.00318,0.939308,0.014216
8922,8,8,1,1.6e-05,1.2e-05,1.4e-05,1e-05,7e-06,3e-06,4e-06,8e-06,0.9999,2.7e-05
8923,8,8,1,0.010876,0.007654,0.010156,0.007304,0.010011,0.006049,0.006768,0.002288,0.919626,0.019267
8924,8,8,1,1.4e-05,1e-05,1.8e-05,1.2e-05,1e-05,6e-06,6e-06,3e-06,0.9999,2e-05
8925,8,8,1,0.001006,0.000717,0.000681,0.001079,0.000748,0.000527,0.000165,0.000451,0.993137,0.001488
8926,8,8,1,0.007147,0.001807,0.005763,0.003627,0.00143,0.00242,0.00174,0.001791,0.963751,0.010524
8927,8,8,1,0.002885,0.002122,0.001904,0.000896,0.000975,0.00025,0.000845,0.000335,0.986856,0.002932
8928,8,8,1,0.00251,0.002042,0.00091,0.000996,0.001473,0.002026,0.002183,0.000766,0.979452,0.007643
8929,8,8,1,0.005538,0.006572,0.006959,0.003193,0.004775,0.006269,0.003558,0.002192,0.947272,0.013673
8930,8,8,1,0.002607,0.005434,0.007196,0.002447,0.003172,0.004783,0.002291,0.000783,0.957401,0.013885
8931,8,8,1,0.003524,0.003249,0.004741,0.003143,0.001805,0.001905,0.001819,0.000547,0.972545,0.006722
8932,8,8,1,0.003746,0.004924,0.011027,0.009823,0.003082,0.005154,0.005345,0.001026,0.937796,0.018077
8933,8,8,1,0.004368,0.00238,0.007616,0.005039,0.004318,0.000959,0.00106,0.003681,0.957655,0.012924
8934,8,8,1,0.000245,0.000487,0.00031,0.000309,0.000149,0.000222,0.000138,3.1e-05,0.997562,0.000547
8935,8,8,1,2.3e-05,1.9e-05,8e-06,3e-06,6e-06,5e-06,5e-06,5e-06,0.9999,2.6e-05
8936,8,8,1,0.003538,0.001861,0.003069,0.002175,0.006297,0.004487,0.002194,0.002924,0.960805,0.012652
8937,8,8,1,0.010794,0.008642,0.006644,0.00628,0.004719,0.003385,0.002239,0.005329,0.92844,0.023528
8938,8,8,1,0.00754,0.005319,0.004472,0.005578,0.006993,0.003275,0.003093,0.001379,0.948973,0.013378
8939,8,8,1,0.008414,0.009245,0.006622,0.006361,0.005448,0.003718,0.000932,0.00108,0.947384,0.010796
8940,8,8,1,0.005896,0.005637,0.009828,0.006198,0.00357,0.005917,0.001555,0.003902,0.945069,0.012429
8941,8,8,1,0.005323,0.003077,0.000793,0.002586,0.002129,0.000479,0.001403,0.001216,0.978652,0.004343
8942,8,8,1,0.011697,0.012725,0.011264,0.007012,0.009029,0.005838,0.00312,0.002426,0.919561,0.017328
8943,8,8,1,0.008433,0.001654,0.00281,0.006994,0.002595,0.004475,0.003424,0.001881,0.958724,0.009009
8944,8,8,1,0.007826,0.002674,0.009692,0.007092,0.003384,0.001435,0.001162,0.00376,0.947943,0.015031
8945,8,8,1,0.008326,0.00823,0.004454,0.002648,0.001764,0.003298,0.004584,0.002064,0.949401,0.015231
8946,8,8,1,0.007312,0.003124,0.001666,0.005224,0.002695,0.000774,0.00097,0.002216,0.965156,0.010863
8947,8,8,1,0.001122,0.001183,0.000464,0.000352,0.000374,0.000437,0.000373,0.000236,0.992528,0.00293
8948,8,8,1,0.002257,0.003263,0.001413,0.004039,0.001726,0.001245,0.002282,0.001307,0.976903,0.005566
8949,8,8,1,0.008874,0.008123,0.010774,0.012327,0.008485,0.003144,0.005323,0.005162,0.921984,0.015805
8950,8,8,1,0.004393,0.010393,0.011788,0.00493,0.007769,0.005229,0.001093,0.001348,0.936048,0.01701
8951,8,8,1,0.005784,0.007526,0.006253,0.009753,0.005725,0.004773,0.005334,0.003224,0.938311,0.013316
8952,8,8,1,0.00527,0.007359,0.007158,0.002182,0.003762,0.004009,0.001391,0.003006,0.952626,0.013238
8953,8,8,1,0.01501,0.002353,0.003532,0.002121,0.008135,0.004411,0.003171,0.003773,0.939358,0.018135
8954,8,8,1,1.1e-05,8e-06,1.2e-05,4e-06,4e-06,1e-05,7e-06,8e-06,0.9999,3.7e-05
8955,8,8,1,0.000316,0.00021,0.000175,5.8e-05,3.3e-05,3.7e-05,8.7e-05,4.2e-05,0.998684,0.000357
8956,8,8,1,0.003274,0.002228,0.004077,0.003142,0.001922,0.001156,0.003133,0.001971,0.966042,0.013054
8957,8,8,1,0.011352,0.002367,0.005911,0.006976,0.001377,0.003219,0.002012,0.003331,0.952185,0.011269
8958,8,9,0,-0.01664,-0.029977,-0.023394,-0.011471,-0.018375,-0.015975,-0.01174,0.0,0.423013,0.704558
8959,8,5,0,0.020682,0.015089,0.053364,0.013803,0.022927,0.441768,0.018927,0.014212,0.24355,0.155677
8960,8,3,0,-0.014759,-0.030568,-0.017264,0.668731,-0.011497,-0.0179,-0.017588,-0.010006,0.45085,0.0
8961,8,3,0,-0.022031,-0.024534,-0.020609,0.683993,-0.011111,-0.01574,-0.012397,-0.008966,0.431395,0.0
8962,8,5,0,-0.023626,-0.010091,-0.019304,-0.009362,-0.01232,0.611006,-0.004626,-0.008945,0.47727,0.0
8963,8,9,0,-0.077,-0.059938,-0.042517,-0.028951,-0.020617,-0.01615,-0.014279,0.0,0.562325,0.697127
8964,8,5,0,0.012822,0.005645,0.004826,0.004759,0.00776,0.593355,0.0041,0.003516,0.336072,0.027147
8965,8,3,0,0.041731,0.02013,0.020626,0.431265,0.019417,0.036775,0.02149,0.017158,0.266946,0.124462
8966,8,3,0,-0.013304,-0.018126,-0.008595,0.666923,-0.020507,-0.01107,-0.004521,-0.008552,0.417752,0.0
8967,8,5,0,0.016047,0.007944,0.009082,0.016452,0.010195,0.467195,0.014014,0.007754,0.397771,0.053546
8968,8,9,0,-0.014838,-0.034939,-0.023291,-0.019234,-0.010213,-0.018641,-0.015193,0.0,0.378961,0.757387
8969,8,5,0,-0.018466,-0.01821,-0.012008,-0.009976,-0.011171,0.63035,-0.004158,-0.004472,0.448112,0.0
8970,8,5,0,0.017994,0.015436,0.010034,0.008904,0.010564,0.508678,0.007054,0.005147,0.380688,0.035501
8971,8,5,0,0.002198,0.001004,0.001781,0.003371,0.001971,0.586698,0.000947,0.000616,0.391346,0.010069
8972,8,9,0,-0.021306,-0.057766,-0.038726,-0.018772,-0.028108,-0.017434,-0.024789,0.0,0.523078,0.683824
8973,8,9,0,0.020105,0.020395,0.01317,0.011274,0.010936,0.004615,0.005071,0.036524,0.374763,0.503147
8974,8,9,0,0.008779,0.017018,0.010674,0.00997,0.002648,0.004702,0.007357,0.032991,0.333569,0.572291
8975,8,3,0,0.016181,0.029117,0.015519,0.483924,0.00599,0.019359,0.01475,0.006325,0.348507,0.060328
8976,8,9,0,0.010973,0.027362,0.015613,0.016902,0.015137,0.009341,0.013046,0.082151,0.335403,0.474073
8977,8,5,0,0.008474,0.002295,0.006543,0.006616,0.005038,0.575552,0.004292,0.002378,0.372886,0.015927
8978,8,3,0,0.002078,0.001181,0.000606,0.576183,0.001671,0.000957,0.000769,0.001221,0.409858,0.005475
8979,8,5,0,0.062731,0.046105,0.040967,0.01958,0.007476,0.395177,0.021039,0.018374,0.288044,0.100508
8980,8,5,0,0.051851,0.017776,0.014097,0.0275,0.040857,0.446789,0.015301,0.008149,0.232029,0.145652
8981,8,3,0,-0.002583,-0.003218,-0.002581,0.608238,-0.000638,-0.00155,-0.001299,-0.000935,0.404566,0.0
8982,8,3,0,-0.013514,-0.008036,-0.003887,0.683378,-0.00614,-0.007272,-0.005779,-0.003556,0.364806,0.0
8983,8,3,0,0.006003,0.002904,0.005038,0.527763,0.00393,0.005888,0.007694,0.002309,0.409711,0.028759
8984,8,3,0,-0.000149,-7.8e-05,-0.000111,0.573537,-5.5e-05,-0.000119,-3.4e-05,-6.2e-05,0.42707,0.0
8985,8,5,0,0.039803,0.021955,0.043149,0.016585,0.031956,0.438017,0.026722,0.025294,0.250586,0.105934
8986,8,9,0,-0.043063,-0.038996,-0.024622,-0.027195,-0.015434,-0.014414,-0.004944,0.0,0.452511,0.716155
8987,8,9,0,-0.04355,-0.071939,-0.01699,-0.03882,-0.035267,-0.01309,-0.016638,0.0,0.553791,0.682503
8988,8,9,0,0.000372,0.001124,0.000621,0.000353,0.000551,0.000196,0.000207,0.002824,0.372289,0.621464
8989,8,9,0,0.021913,0.048016,0.040955,0.025864,0.026017,0.013344,0.006653,0.098155,0.297968,0.421115
8990,8,3,0,-0.016934,-0.01336,-0.012024,0.649091,-0.005627,-0.006244,-0.003945,-0.002492,0.411536,0.0
8991,9,9,1,0.00359,0.005532,0.004636,0.00402,0.001317,0.001078,0.001175,0.002024,0.006684,0.969944
8992,9,9,1,0.012319,0.010203,0.00392,0.011845,0.009308,0.003297,0.007122,0.002507,0.02175,0.917728
8993,9,9,1,0.006775,0.006588,0.003336,0.002065,0.005839,0.003816,0.004381,0.003649,0.011311,0.95224
8994,9,9,1,0.001201,0.003244,0.001607,0.001517,0.001672,0.000604,0.001405,0.001847,0.006136,0.980767
8995,9,9,1,0.0145,0.010288,0.005253,0.002081,0.001812,0.006409,0.004332,0.003604,0.011643,0.940078
8996,9,9,1,0.007208,0.007745,0.002994,0.008553,0.002355,0.004784,0.004893,0.002838,0.013212,0.945417
8997,9,9,1,0.00701,0.005946,0.001036,0.003112,0.000818,0.001802,0.001609,0.000596,0.009028,0.969041
8998,9,9,1,0.012992,0.012339,0.004535,0.002971,0.004098,0.003748,0.002007,0.00578,0.021087,0.930443
8999,9,9,1,0.009625,0.00808,0.006589,0.003331,0.003063,0.003825,0.001826,0.003672,0.012848,0.94714
9000,9,9,1,0.016003,0.011635,0.007929,0.010494,0.005047,0.003384,0.006744,0.003681,0.019875,0.915207
9001,9,9,1,2.2e-05,1.2e-05,7e-06,6e-06,5e-06,7e-06,9e-06,3e-06,2.9e-05,0.9999
9002,9,9,1,2.4e-05,1.2e-05,1.4e-05,1e-05,8e-06,7e-06,4e-06,4e-06,1.7e-05,0.9999
9003,9,9,1,0.003584,0.002626,0.000918,0.001774,0.000324,0.00101,0.00091,0.000802,0.00246,0.985591
9004,9,9,1,0.00306,0.001291,0.002532,0.001808,0.001393,0.001242,0.000363,0.000805,0.003898,0.983608
9005,9,9,1,0.0101,0.011808,0.011135,0.011768,0.00479,0.007016,0.007648,0.005405,0.02539,0.90494
9006,9,9,1,0.005457,0.002239,0.001602,0.002689,0.001917,0.001877,0.000915,0.00211,0.012692,0.968502
9007,9,9,1,0.00397,0.003556,0.001102,0.002584,0.001635,0.000676,0.001103,0.001697,0.006856,0.97682
9008,9,9,1,0.004701,0.001192,0.002518,0.001476,0.001699,0.000676,0.001663,0.000724,0.006237,0.979114
9009,9,9,1,0.012628,0.015482,0.005275,0.008994,0.007827,0.007499,0.003249,0.003577,0.021957,0.913513
9010,9,9,1,0.00363,0.005932,0.003877,0.001291,0.001206,0.002001,0.001314,0.001515,0.009263,0.969971
9011,9,9,1,0.000712,0.000232,0.000246,0.00024,0.00026,0.000115,0.000241,0.000151,0.000701,0.997102
9012,9,9,1,1.9e-05,1e-05,1e-05,1e-05,7e-06,7e-06,4e-06,4e-06,2.9e-05,0.9999
9013,9,9,1,0.011367,0.006604,0.00807,0.005231,0.004523,0.00301,0.000771,0.003075,0.010569,0.94678
9014,9,9,1,0.007275,0.009011,0.012712,0.011412,0.003283,0.008858,0.003135,0.003488,0.020259,0.920566
9015,9,9,1,0.0066,0.00537,0.00439,0.005759,0.001492,0.001125,0.003789,0.00306,0.00978,0.958634
9016,9,9,1,0.005275,0.003843,0.003485,0.000805,0.001431,0.000662,0.001073,0.001294,0.006144,0.975989
9017,9,9,1,0.016709,0.008806,0.007428,0.005373,0.010401,0.006232,0.002483,0.005697,0.028467,0.908404
9018,9,9,1,0.00309,0.001366,0.002434,0.00076,0.001343,0.001081,0.000591,0.00059,0.005231,0.983513
9019,9,9,1,0.010341,0.005589,0.008575,0.003537,0.011825,0.007257,0.002388,0.005879,0.024073,0.920536
9020,9,9,1,0.007518,0.008814,0.005121,0.001612,0.003215,0.001658,0.003895,0.003524,0.011415,0.953229
9021,9,9,1,0.008859,0.007443,0.006516,0.004907,0.00117,0.003959,0.001616,0.002637,0.008758,0.954134
9022,9,9,1,0.00521,0.003169,0.003888,0.001876,0.000911,0.003248,0.00085,0.001334,0.008054,0.97146
9023,9,9,1,0.001419,0.000635,0.000556,0.000881,0.000244,0.000499,0.000181,0.000355,0.001394,0.993836
9024,9,9,1,0.002205,0.002095,0.001524,0.001597,0.001355,0.001587,0.001304,0.000797,0.004028,0.983509
9025,9,9,1,0.004684,0.006213,0.001018,0.000901,0.003835,0.001453,0.002086,0.001459,0.0081,0.970251
9026,9,9,1,0.005584,0.006794,0.005531,0.005668,0.004943,0.001529,0.001151,0.002559,0.011377,0.954864
9027,9,9,1,0.000959,0.00172,0.00092,0.001852,0.000499,0.0009,0.000403,0.000491,0.003712,0.988545
9028,9,9,1,0.005933,0.008791,0.002488,0.002925,0.004877,0.005701,0.003724,0.005208,0.023143,0.937211
9029,9,9,1,0.002386,0.003693,0.004452,0.003873,0.002672,0.000658,0.001064,0.001677,0.007154,0.972372
9030,9,9,1,0.001466,0.001669,0.002519,0.001582,0.001534,0.000748,0.000789,0.000287,0.003069,0.986337
9031,9,9,1,0.004127,0.006015,0.002262,0.004641,0.002911,0.001949,0.002239,0.003703,0.021452,0.950702
9032,9,9,1,0.003621,0.003016,0.002441,0.003523,0.002636,0.000604,0.000873,0.001188,0.007808,0.974289
9033,9,9,1,0.008694,0.009838,0.005288,0.005727,0.005865,0.005601,0.005897,0.001326,0.020846,0.930919
9034,9,9,1,0.0061,0.004763,0.002501,0.002197,0.003697,0.005456,0.002998,0.001879,0.012425,0.957983
9035,9,9,1,1.8e-05,1.5e-05,5e-06,8e-06,9e-06,1e-05,7e-06,6e-06,2.2e-05,0.9999
9036,9,9,1,8e-06,6e-06,1.3e-05,1.6e-05,8e-06,6e-06,7e-06,8e-06,2.7e-05,0.9999
9037,9,9,1,0.014014,0.005655,0.008333,0.004539,0.003176,0.001194,0.001761,0.00258,0.01655,0.942199
9038,9,9,1,0.012008,0.00411,0.002556,0.002155,0.00294,0.002702,0.004579,0.002802,0.017363,0.948784
9039,9,9,1,9e-06,2e-05,4e-06,1.6e-05,5e-06,1e-05,9e-06,5e-06,2.4e-05,0.9999
9040,9,9,1,1.4e-05,1.7e-05,1.1e-05,4e-06,6e-06,3e-06,6e-06,9e-06,3.1e-05,0.9999
9041,9,9,1,0.008567,0.002269,0.00544,0.005991,0.006641,0.003487,0.002387,0.002252,0.015981,0.946985
9042,9,9,1,0.002025,0.001643,0.002095,0.001037,0.001887,0.000737,0.000281,0.00101,0.004022,0.985261
9043,9,9,1,0.009556,0.007857,0.008123,0.004153,0.004312,0.004186,0.001988,0.000961,0.013712,0.945152
9044,9,9,1,0.004078,0.006229,0.00651,0.005557,0.004155,0.001796,0.000946,0.000794,0.014329,0.955608
9045,9,9,1,1.2e-05,1.8e-05,1.3e-05,1.3e-05,7e-06,8e-06,6e-06,2e-06,2.2e-05,0.9999
9046,9,9,1,0.017399,0.011741,0.006535,0.007867,0.003291,0.004427,0.002629,0.003927,0.013578,0.928606
9047,9,9,1,0.005853,0.016581,0.013577,0.005996,0.005833,0.003246,0.007472,0.004795,0.021548,0.915098
9048,9,9,1,0.011385,0.008107,0.005266,0.003087,0.002309,0.005151,0.003702,0.002177,0.019051,0.939766
9049,9,9,1,0.002401,0.005989,0.004094,0.003312,0.000889,0.001946,0.001159,0.001279,0.005944,0.972987
9050,9,9,1,0.006752,0.001934,0.002632,0.002518,0.00323,0.002393,0.002383,0.002546,0.010383,0.965229
9051,9,9,1,0.011918,0.006241,0.00265,0.005556,0.002157,0.004466,0.005109,0.002686,0.023171,0.936046
9052,9,9,1,0.000531,0.000581,0.001881,0.001486,0.001257,0.001023,0.000483,0.000593,0.002317,0.989848
9053,9,9,1,0.006326,0.01096,0.004632,0.001952,0.006513,0.004116,0.002899,0.003378,0.012325,0.946899
9054,9,9,1,0.004738,0.003988,0.014284,0.004457,0.008779,0.007421,0.00742,0.001879,0.029441,0.917593
9055,9,9,1,0.001284,0.001193,0.001981,0.001822,0.001089,0.000901,0.000737,0.00085,0.002815,0.987326
9056,9,9,1,0.013619,0.018003,0.008958,0.014014,0.006895,0.002472,0.005048,0.004935,0.02321,0.902846
9057,9,9,1,0.005188,0.001999,0.002926,0.005102,0.003607,0.004161,0.003323,0.002631,0.009882,0.961181
9058,9,9,1,0.01564,0.007732,0.00659,0.008331,0.005284,0.001652,0.004784,0.002036,0.012596,0.935355
9059,9,9,1,0.008121,0.007109,0.004999,0.003403,0.003898,0.001544,0.003125,0.00138,0.011168,0.955253
9060,9,9,1,0.001093,0.004198,0.001324,0.001714,0.001049,0.001016,0.00179,0.000873,0.005312,0.981631
9061,9,9,1,0.004433,0.011333,0.00837,0.005408,0.004773,0.003228,0.005425,0.002747,0.024148,0.930135
9062,9,9,1,0.004193,0.001545,0.004494,0.002064,0.004808,0.002546,0.002537,0.000892,0.010793,0.966128
9063,9,9,1,0.004765,0.002639,0.0016,0.002494,0.002319,0.001648,0.000477,0.000348,0.004883,0.978828
9064,9,9,1,0.017054,0.012149,0.006828,0.0101,0.006678,0.005253,0.00213,0.003883,0.014258,0.921667
9065,9,9,1,0.002189,0.000473,0.00057,0.000662,0.000637,0.001314,0.001008,0.000201,0.003027,0.989918
9066,9,9,1,0.003913,0.003163,0.005115,0.007292,0.002285,0.007904,0.005545,0.001364,0.025215,0.938202
9067,9,9,1,0.008788,0.004377,0.004363,0.003407,0.002696,0.003521,0.001891,0.001174,0.007924,0.961859
9068,9,9,1,0.007127,0.006083,0.003135,0.004955,0.009174,0.005714,0.006187,0.002915,0.018331,0.936378
9069,9,9,1,0.001893,0.002246,0.001534,0.000878,0.000276,0.000334,0.000363,0.000666,0.002833,0.988977
9070,9,9,1,0.005114,0.002084,0.001935,0.007213,0.005332,0.003732,0.0036,0.002618,0.012843,0.955531
9071,9,9,1,0.002364,0.002835,0.001376,0.002918,0.001506,0.003481,0.002588,0.00142,0.007372,0.974139
9072,9,9,1,0.012125,0.008054,0.004505,0.003418,0.004279,0.003627,0.002443,0.001935,0.019602,0.940011
9073,9,9,1,0.011219,0.00553,0.007435,0.006566,0.004759,0.002124,0.002596,0.001731,0.00859,0.94945
9074,9,9,1,0.003057,0.004874,0.002062,0.003122,0.004222,0.002436,0.002245,0.001029,0.0113,0.965653
9075,9,9,1,2.4e-05,1.4e-05,1.2e-05,1e-05,4e-06,6e-06,4e-06,5e-06,2e-05,0.9999
9076,9,9,1,1.1e-05,2.2e-05,1.1e-05,1.3e-05,9e-06,4e-06,4e-06,3e-06,2.2e-05,0.9999
9077,9,9,1,0.006044,0.005413,0.007782,0.002101,0.002725,0.006029,0.005483,0.001591,0.019522,0.94331
9078,9,9,1,0.000308,0.000191,0.000157,0.000203,5e-05,0.000102,0.000109,2.8e-05,0.000329,0.998522
9079,9,9,1,0.007392,0.005314,0.003685,0.001874,0.002336,0.00065,0.000886,0.001294,0.006492,0.970076
9080,9,9,1,0.013547,0.014804,0.006663,0.005125,0.004192,0.007268,0.005484,0.004303,0.015768,0.922847
9081,9,9,1,0.008629,0.005154,0.003429,0.001839,0.000885,0.003697,0.001231,0.002404,0.00882,0.963913
9082,9,9,1,0.004339,0.001416,0.00092,0.002582,0.002009,0.002509,0.001821,0.000604,0.005447,0.978353
9083,9,9,1,0.00289,0.000833,0.00251,0.001332,0.000778,0.000628,0.000851,0.001063,0.003829,0.985286
9084,9,9,1,0.002021,0.004559,0.002836,0.003017,0.001808,0.00209,0.000673,0.001435,0.005549,0.976011
9085,9,9,1,0.011779,0.013219,0.00944,0.002219,0.005214,0.003579,0.004011,0.003096,0.014633,0.93281
9086,9,9,1,0.009044,0.014524,0.009402,0.007527,0.003101,0.005742,0.001327,0.004383,0.014618,0.930333
9087,9,9,1,0.003843,0.002732,0.001736,0.005382,0.002291,0.003008,0.003985,0.002904,0.009793,0.964327
9088,9,9,1,0.000333,0.000307,0.000351,0.000202,0.000115,0.000186,0.00016,3.5e-05,0.000552,0.997759
9089,9,9,1,1.3e-05,1.7e-05,5e-06,1.6e-05,6e-06,8e-06,2e-06,8e-06,2.4e-05,0.9999
9090,9,9,1,0.003519,0.00558,0.004425,0.003296,0.002507,0.00171,0.003039,0.003555,0.012603,0.959767
9091,9,9,1,0.001098,0.001765,0.000886,0.002012,0.001287,0.000325,0.000889,0.000688,0.004105,0.986944
9092,9,9,1,0.008232,0.00466,0.008435,0.004476,0.010448,0.002739,0.004872,0.002147,0.022658,0.931333
9093,9,9,1,0.003764,0.004948,0.002156,0.005327,0.004265,0.004065,0.00127,0.000966,0.012502,0.960738
9094,9,9,1,0.006886,0.011309,0.006829,0.007037,0.011317,0.008616,0.005696,0.008746,0.027379,0.906185
9095,9,9,1,0.014067,0.008973,0.002414,0.002658,0.003722,0.007487,0.00187,0.003563,0.019236,0.936011
9096,9,9,1,0.012033,0.019463,0.009873,0.007816,0.006127,0.006465,0.004099,0.00745,0.04304,0.883635
9097,9,9,1,0.020839,0.019963,0.003225,0.010155,0.009364,0.002049,0.007459,0.002341,0.02592,0.898685
9098,9,9,1,0.009561,0.008849,0.006523,0.003631,0.005822,0.001908,0.001878,0.003068,0.013507,0.945253
9099,9,9,1,0.003847,0.00085,0.001101,0.001086,0.001445,0.000674,0.000462,0.00103,0.005178,0.984327
9100,9,9,1,0.007877,0.00459,0.006378,0.013484,0.005501,0.005928,0.005923,0.001666,0.024056,0.924597
9101,9,9,1,0.013913,0.003512,0.00897,0.005744,0.004853,0.005151,0.001947,0.001336,0.015565,0.93901
9102,9,9,1,0.003275,0.0118,0.005051,0.002389,0.006059,0.004068,0.002359,0.001551,0.014494,0.948955
9103,9,9,1,0.002556,0.00264,0.004335,0.002829,0.002672,0.008548,0.00179,0.001501,0.023042,0.950087
9104,9,9,1,0.003745,0.010374,0.006099,0.003022,0.007035,0.004515,0.002161,0.001643,0.019137,0.942269
9105,9,9,1,0.004548,0.003731,0.003772,0.002575,0.003724,0.001724,0.001225,0.001053,0.007308,0.970339
9106,9,9,1,0.006752,0.006459,0.007119,0.004441,0.001165,0.003984,0.002524,0.000929,0.009779,0.956849
9107,9,9,1,0.010361,0.002467,0.00599,0.00342,0.006958,0.0031,0.002693,0.001737,0.017768,0.945506
9108,9,9,1,0.00202,0.002785,0.002145,0.004558,0.003805,0.003937,0.002329,0.002564,0.012677,0.963181
9109,9,9,1,0.005952,0.016093,0.010256,0.014249,0.006695,0.009869,0.006461,0.007526,0.026886,0.896012
9110,9,9,1,0.002953,0.003801,0.003714,0.006326,0.00929,0.005375,0.004337,0.001577,0.020187,0.94244
9111,9,9,1,0.005133,0.004448,0.003612,0.005249,0.001323,0.003285,0.002232,0.001163,0.013659,0.959896
9112,9,9,1,0.004708,0.010933,0.009196,0.005194,0.003927,0.001939,0.002752,0.002129,0.011928,0.947294
9113,9,9,1,0.002072,0.002226,0.000806,0.001077,0.001421,0.002028,0.001104,0.001117,0.004153,0.983996
9114,9,9,1,0.020431,0.011869,0.004278,0.005804,0.012808,0.003314,0.007838,0.007325,0.023386,0.902947
9115,9,9,1,0.008104,0.003375,0.005394,0.003177,0.003649,0.001849,0.002188,0.001113,0.007427,0.963724
9116,9,9,1,0.003847,0.002256,0.002808,0.001888,0.002525,0.000885,0.00094,0.000775,0.005032,0.979044
9117,9,9,1,0.007542,0.008316,0.011275,0.002768,0.004481,0.006842,0.00123,0.003855,0.018711,0.93498
9118,9,9,1,0.003809,0.007106,0.009826,0.003699,0.005448,0.00421,0.002987,0.001765,0.011741,0.949409
9119,9,9,1,2.2e-05,1.9e-05,1.4e-05,5e-06,9e-06,7e-06,4e-06,2e-06,1.9e-05,0.9999
9120,9,9,1,1.5e-05,6e-06,1.2e-05,1e-05,1.4e-05,7e-06,9e-06,2e-06,2.6e-05,0.9999
9121,9,9,1,0.014426,0.00355,0.006231,0.007593,0.006556,0.003102,0.002793,0.001186,0.017894,0.936669
9122,9,9,1,0.008936,0.004118,0.002546,0.002916,0.003181,0.001029,0.001172,0.0009,0.011432,0.963771
9123,9,9,1,0.006399,0.003515,0.001987,0.00536,0.006662,0.00245,0.003318,0.001487,0.012823,0.956001
9124,9,9,1,0.004235,0.00145,0.001213,0.001281,0.003463,0.003297,0.002266,0.001359,0.006644,0.974794
9125,9,9,1,0.005831,0.005856,0.005503,0.002805,0.002589,0.002689,0.000987,0.000843,0.006832,0.966064
9126,9,9,1,0.004028,0.006621,0.004399,0.004778,0.00382,0.001229,0.002704,0.000812,0.00875,0.96286
9127,9,9,1,0.002672,0.009523,0.001818,0.002823,0.004189,0.002248,0.002154,0.003497,0.018184,0.952893
9128,9,9,1,0.018129,0.007709,0.006335,0.008314,0.004935,0.002458,0.002216,0.006674,0.020317,0.922914
9129,9,9,1,0.00175,0.002769,0.0019,0.001498,0.0007,0.000305,0.00026,0.001052,0.003656,0.986109
9130,9,9,1,0.005365,0.011819,0.007435,0.009921,0.004918,0.009294,0.003554,0.005968,0.020239,0.921486
9131,9,9,1,0.012181,0.002691,0.008901,0.007106,0.003972,0.003102,0.00256,0.000854,0.011289,0.947346
9132,9,9,1,0.010294,0.021973,0.01457,0.009263,0.007889,0.00433,0.005822,0.004692,0.029206,0.891962
9133,9,9,1,0.001463,0.004881,0.002153,0.003575,0.002208,0.001637,0.000991,0.001231,0.006147,0.975713
9134,9,9,1,0.00645,0.003834,0.004716,0.004289,0.003118,0.00169,0.002412,0.000808,0.010311,0.962373
9135,9,9,1,0.001023,0.000562,0.001087,0.000806,0.000389,0.00063,0.001081,0.000399,0.00294,0.991085
9136,9,9,1,0.005241,0.003373,0.002913,0.006395,0.001905,0.002698,0.003574,0.001133,0.017438,0.95533
9137,9,9,1,0.001947,0.001536,0.002232,0.001233,0.001742,0.000838,0.001552,0.001356,0.005918,0.981647
9138,9,9,1,0.006024,0.003805,0.004824,0.006195,0.002504,0.005745,0.003719,0.003954,0.022754,0.940476
9139,9,9,1,8.9e-05,8.4e-05,4.9e-05,0.000126,4.7e-05,8.7e-05,2.4e-05,1.7e-05,0.000229,0.999247
9140,9,9,1,0.003349,0.002334,0.000993,0.001711,0.002512,0.002333,0.001748,0.000937,0.005401,0.978682
9141,9,9,1,0.004682,0.004589,0.002514,0.002114,0.001722,0.001386,0.000428,0.000359,0.006664,0.975543
9142,9,9,1,0.00529,0.00463,0.005461,0.006356,0.007165,0.004427,0.004862,0.002893,0.013162,0.945754
9143,9,9,1,0.003961,0.000775,0.001884,0.002856,0.000609,0.001538,0.001805,0.001152,0.004514,0.980906
9144,9,9,1,0.012988,0.00493,0.003473,0.010839,0.008259,0.00492,0.00266,0.0009,0.016579,0.934452
9145,9,9,1,0.002035,0.000887,0.002788,0.001465,0.000541,0.001481,0.00073,0.001055,0.004362,0.984656
9146,9,9,1,2.4e-05,1.6e-05,1.5e-05,7e-06,5e-06,6e-06,5e-06,5e-06,1.7e-05,0.9999
9147,9,9,1,0.007665,0.010548,0.002194,0.004003,0.00401,0.003214,0.002344,0.001659,0.015225,0.949136
9148,9,9,1,1.4e-05,2.1e-05,6e-06,7e-06,8e-06,9e-06,5e-06,2e-06,2.8e-05,0.9999
9149,9,9,1,2.3e-05,1e-05,1.1e-05,1.2e-05,4e-06,9e-06,7e-06,4e-06,1.9e-05,0.9999
9150,9,9,1,9e-06,7e-06,1e-05,9e-06,1.6e-05,9e-06,8e-06,7e-06,2.5e-05,0.9999
9151,9,9,1,0.010619,0.005696,0.004244,0.003993,0.001454,0.002023,0.004502,0.00138,0.015431,0.950657
9152,9,9,1,0.006978,0.002324,0.00693,0.005584,0.003461,0.001129,0.004317,0.003468,0.010976,0.954833
9153,9,9,1,0.001394,0.000951,0.00113,0.001787,0.000592,0.001148,0.001058,0.000788,0.004579,0.986575
9154,9,9,1,0.005744,0.014816,0.012634,0.007482,0.005752,0.004035,0.002866,0.003689,0.014375,0.928607
9155,9,9,1,7e-06,2.2e-05,5e-06,9e-06,7e-06,1.2e-05,8e-06,2e-06,2.8e-05,0.9999
9156,9,9,1,0.010031,0.003645,0.01177,0.006477,0.004722,0.005078,0.005038,0.001219,0.014051,0.93797
9157,9,9,1,0.012736,0.008049,0.002784,0.010689,0.005616,0.003796,0.004681,0.001539,0.022554,0.927557
9158,9,9,1,0.002091,0.000839,0.000693,0.002091,0.000554,0.000383,0.000892,0.000602,0.004472,0.987383
9159,9,9,1,0.00349,0.002784,0.003098,0.0025,0.001721,0.000816,0.001217,0.000467,0.003695,0.980212
9160,9,9,1,0.00332,0.003705,0.003057,0.006779,0.003176,0.004857,0.002962,0.003037,0.012774,0.956333
9161,9,9,1,0.010329,0.005398,0.008133,0.00486,0.001657,0.002133,0.002872,0.000967,0.012739,0.950912
9162,9,9,1,0.001771,0.000777,0.001348,0.001391,0.000569,0.001786,0.001121,0.001265,0.004663,0.985308
9163,9,9,1,0.003368,0.000783,0.002809,0.000815,0.000707,0.001727,0.001721,0.000367,0.005349,0.982353
9164,9,9,1,0.014819,0.007499,0.003123,0.006413,0.006358,0.006422,0.002386,0.004835,0.017293,0.930851
9165,9,9,1,0.001934,0.002433,0.004296,0.004111,0.003787,0.001936,0.001647,0.003301,0.011354,0.965201
9166,9,9,1,1.8e-05,1.7e-05,4e-06,4e-06,7e-06,1e-05,6e-06,9e-06,2.6e-05,0.9999
9167,9,9,1,0.000861,0.001327,0.000465,0.000973,0.00051,0.001015,0.000208,0.000321,0.003018,0.991302
9168,9,9,1,0.002821,0.003332,0.000983,0.000794,0.001433,0.001668,0.00151,0.001081,0.003948,0.98243
9169,9,9,1,0.003538,0.002987,0.001771,0.002136,0.003127,0.001779,0.001122,0.001575,0.012613,0.969352
9170,9,9,1,0.007929,0.005035,0.006527,0.002675,0.002945,0.004453,0.002595,0.005932,0.018371,0.943539
9171,9,9,1,0.012747,0.007649,0.011865,0.008089,0.007902,0.004875,0.001078,0.003139,0.015093,0.927563
9172,9,9,1,0.022299,0.008385,0.007099,0.011356,0.003171,0.005626,0.009903,0.007363,0.023579,0.901218
9173,9,9,1,0.020586,0.015494,0.00896,0.008501,0.006523,0.005111,0.002579,0.005588,0.017379,0.909279
9174,9,9,1,0.005319,0.00317,0.004639,0.003156,0.001751,0.002237,0.001538,0.001473,0.006135,0.970583
9175,9,9,1,0.009506,0.00734,0.003131,0.003221,0.001099,0.001957,0.002784,0.001314,0.00914,0.960509
9176,9,9,1,0.003587,0.004296,0.005934,0.001487,0.005446,0.002633,0.00097,0.001938,0.01457,0.95914
9177,9,9,1,9e-06,1.1e-05,1.6e-05,1.5e-05,8e-06,1e-05,7e-06,6e-06,1.8e-05,0.9999
9178,9,9,1,0.002546,0.0012,0.000688,0.002214,0.002055,0.001821,0.000815,0.000811,0.004959,0.982892
9179,9,9,1,0.019687,0.01346,0.013572,0.017288,0.009392,0.00295,0.009066,0.004452,0.027595,0.882537
9180,9,9,1,0.007509,0.012022,0.002194,0.00286,0.002317,0.002871,0.006378,0.005934,0.020096,0.937819
9181,9,9,1,0.007904,0.004473,0.004262,0.002456,0.003312,0.00501,0.002849,0.00301,0.009554,0.957169
9182,9,9,1,0.002162,0.000682,0.001764,0.000309,0.000328,0.001036,0.000988,0.000406,0.002896,0.98943
9183,9,9,1,0.004079,0.00274,0.004019,0.003475,0.00089,0.001438,0.000816,0.000629,0.007526,0.974387
9184,9,9,1,0.009123,0.002917,0.003659,0.003774,0.005794,0.001672,0.00259,0.001859,0.011437,0.957175
9185,9,9,1,0.0032,0.002264,0.00282,0.00216,0.001521,0.001674,0.002587,0.002101,0.007596,0.974077
9186,9,9,1,0.003745,0.006007,0.00476,0.003303,0.001857,0.002289,0.003755,0.003959,0.013422,0.956903
9187,9,9,1,1.1e-05,1.6e-05,9e-06,1e-05,4e-06,6e-06,4e-06,5e-06,3.5e-05,0.9999
9188,9,9,1,0.003427,0.002251,0.002163,0.002797,0.000957,0.000631,0.000702,0.001415,0.005454,0.980204
9189,9,9,1,0.004332,0.005553,0.003884,0.002417,0.005405,0.004776,0.003349,0.002784,0.008703,0.958798
9190,9,9,1,2.4e-05,1.8e-05,7e-06,1.1e-05,3e-06,5e-06,5e-06,5e-06,2.2e-05,0.9999
9191,9,9,1,0.012485,0.006805,0.003774,0.004798,0.003934,0.004342,0.001056,0.001507,0.016635,0.944664
9192,9,9,1,0.015906,0.014921,0.009738,0.009256,0.006269,0.006273,0.00151,0.001653,0.021067,0.913408
9193,9,9,1,0.011211,0.009869,0.010992,0.004798,0.005444,0.006823,0.005226,0.001619,0.015287,0.928732
9194,9,9,1,0.001265,0.002304,0.000925,0.000784,0.002996,0.002403,0.001092,0.001354,0.004892,0.981986
9195,9,9,1,0.016479,0.008661,0.006714,0.004463,0.003314,0.004353,0.004601,0.002082,0.019236,0.930096
9196,9,9,1,0.000158,8.3e-05,0.000126,7.2e-05,0.000109,0.000172,0.000207,4.9e-05,0.000637,0.998388
9197,9,9,1,6e-06,8e-06,1.2e-05,8e-06,5e-06,1.3e-05,7e-06,9e-06,3.2e-05,0.9999
9198,9,9,1,0.008767,0.003528,0.003141,0.005809,0.002327,0.007226,0.006219,0.00425,0.022119,0.936614
9199,9,9,1,0.007689,0.008732,0.007194,0.004533,0.004711,0.008746,0.00357,0.002071,0.032709,0.920045
9200,9,9,1,0.003523,0.008543,0.003764,0.002015,0.004886,0.001327,0.000814,0.00084,0.013951,0.960339
9201,9,9,1,1.9e-05,1.7e-05,7e-06,5e-06,9e-06,5e-06,4e-06,5e-06,3e-05,0.9999
9202,9,9,1,0.020153,0.006344,0.009035,0.003088,0.00678,0.008531,0.006821,0.0015,0.026496,0.911252
9203,9,9,1,0.012486,0.010378,0.00609,0.003173,0.003081,0.002407,0.003957,0.001563,0.012415,0.94445
9204,9,9,1,0.00755,0.005273,0.006074,0.005731,0.003443,0.000789,0.001097,0.001517,0.011326,0.957201
9205,9,9,1,0.00643,0.006281,0.007147,0.005459,0.002608,0.002273,0.000957,0.00291,0.009075,0.956859
9206,9,9,1,0.005868,0.01695,0.011579,0.006926,0.007308,0.006907,0.0031,0.002454,0.017043,0.921865
9207,9,9,1,0.002048,0.002721,0.003324,0.003496,0.00283,0.001136,0.000455,0.000592,0.006552,0.976846
9208,9,9,1,0.011123,0.00534,0.005466,0.003108,0.006302,0.003855,0.001715,0.003633,0.014691,0.944767
9209,9,9,1,0.003153,0.00831,0.002119,0.002896,0.004473,0.004662,0.00259,0.001298,0.014638,0.955861
9210,9,9,1,0.002821,0.003695,0.003719,0.000879,0.002586,0.000652,0.000833,0.000704,0.005677,0.978435
9211,9,9,1,0.012931,0.007775,0.003517,0.004163,0.005029,0.004569,0.00334,0.002563,0.01223,0.943882
9212,9,9,1,0.001391,0.002684,0.003502,0.001561,0.002576,0.000405,0.001603,0.001485,0.004508,0.980283
9213,9,9,1,0.001886,0.002809,0.00195,0.002149,0.00133,0.000934,0.000949,0.000739,0.003974,0.98328
9214,9,9,1,0.002115,0.005372,0.002892,0.0024,0.002152,0.002695,0.002442,0.001176,0.008424,0.970332
9215,9,9,1,0.008621,0.009922,0.007334,0.007888,0.00587,0.004073,0.003035,0.002893,0.014125,0.936238
9216,9,9,1,0.003226,0.004593,0.004082,0.001016,0.001392,0.002555,0.002497,0.001617,0.007362,0.97166
9217,9,9,1,0.006685,0.003955,0.005987,0.002047,0.003071,0.002211,0.00227,0.001581,0.008064,0.96413
9218,9,9,1,0.001629,0.002652,0.001301,0.000718,0.001518,0.000574,0.000451,0.001479,0.004511,0.985167
9219,9,9,1,0.009391,0.004395,0.007382,0.001566,0.001939,0.003205,0.004482,0.002571,0.012707,0.952364
9220,9,9,1,0.020636,0.01126,0.007076,0.00943,0.007221,0.002965,0.003171,0.001742,0.023675,0.912824
9221,9,9,1,0.002812,0.003622,0.005156,0.002644,0.002974,0.001366,0.001004,0.001716,0.006018,0.972688
9222,9,9,1,0.007862,0.006211,0.005285,0.009511,0.006744,0.002167,0.004134,0.001374,0.017537,0.939175
9223,9,9,1,0.020482,0.012793,0.003358,0.005315,0.004157,0.004324,0.009007,0.003427,0.030963,0.906173
9224,9,9,1,0.003202,0.009187,0.005292,0.004392,0.006057,0.003275,0.003572,0.001391,0.01818,0.945452
9225,9,9,1,0.002546,0.002083,0.000508,0.001174,0.000785,0.000953,0.000528,0.000719,0.002402,0.988302
9226,9,9,1,0.017778,0.007385,0.004678,0.008597,0.006501,0.004708,0.001312,0.003146,0.018752,0.927145
9227,9,9,1,0.008003,0.013541,0.01536,0.003565,0.01295,0.00316,0.00801,0.006932,0.031255,0.897225
9228,9,9,1,0.003388,0.001278,0.001285,0.003229,0.002978,0.001394,0.000933,0.00169,0.005109,0.978717
9229,9,9,1,0.001335,0.001367,0.00026,0.000551,0.000559,0.000212,0.00048,0.000207,0.002431,0.992597
9230,9,9,1,0.00468,0.00438,0.007492,0.005841,0.003691,0.012429,0.009498,0.00687,0.026033,0.919087
9231,9,9,1,0.003101,0.006938,0.005391,0.00944,0.005119,0.004472,0.004662,0.001894,0.016,0.942982
9232,9,9,1,0.009155,0.005089,0.002474,0.001962,0.001277,0.004479,0.003,0.001454,0.009381,0.961728
9233,9,9,1,0.017056,0.008955,0.007833,0.00802,0.002963,0.005129,0.005851,0.001811,0.016325,0.926056
9234,9,9,1,0.002117,0.001704,0.001352,0.000379,0.000605,0.000649,0.00059,0.000277,0.001616,0.990712
9235,9,9,1,0.013761,0.018213,0.010013,0.007699,0.006737,0.005984,0.004237,0.002122,0.018819,0.912415
9236,9,9,1,0.009374,0.009429,0.007183,0.002534,0.005849,0.004061,0.005682,0.002913,0.02019,0.932783
9237,9,9,1,0.011995,0.005445,0.004336,0.003425,0.003541,0.002995,0.002788,0.003153,0.019836,0.942486
9238,9,9,1,1.8e-05,2e-05,1.3e-05,3e-06,4e-06,3e-06,8e-06,5e-06,2.7e-05,0.9999
9239,9,9,1,0.006135,0.016547,0.011614,0.008662,0.00717,0.001754,0.004474,0.001675,0.017676,0.924292
9240,9,9,1,0.003634,0.002676,0.001151,0.000976,0.000634,0.001593,0.000576,0.000496,0.004049,0.984216
9241,9,9,1,0.001393,0.001511,0.002444,0.000794,0.000669,0.000736,0.001611,0.000401,0.005166,0.985276
9242,9,9,1,0.014159,0.003829,0.005648,0.009875,0.007077,0.004595,0.002491,0.003914,0.017818,0.930593
9243,9,9,1,0.002955,0.007447,0.005454,0.002999,0.003084,0.000967,0.000924,0.001658,0.0124,0.962112
9244,9,9,1,0.004803,0.006717,0.007446,0.003681,0.004477,0.004192,0.004029,0.003226,0.013424,0.948006
9245,9,9,1,0.006637,0.003216,0.002434,0.002212,0.001142,0.003485,0.0028,0.000694,0.008625,0.968754
9246,9,9,1,0.002693,0.001121,0.001743,0.000608,0.002172,0.001131,0.001296,0.000425,0.004913,0.983898
9247,9,9,1,0.012714,0.007517,0.004948,0.010037,0.004386,0.0041,0.002603,0.002144,0.024494,0.927057
9248,9,9,1,0.01049,0.006281,0.00392,0.004918,0.003161,0.001398,0.001069,0.002248,0.008981,0.957533
9249,9,9,1,0.004247,0.004816,0.005865,0.001757,0.002478,0.001437,0.002469,0.002444,0.007679,0.966808
9250,9,9,1,0.004943,0.019162,0.011239,0.009711,0.005315,0.001677,0.004487,0.002369,0.023655,0.917443
9251,9,9,1,0.015692,0.004363,0.008041,0.007224,0.005182,0.004649,0.001263,0.003103,0.01603,0.934451
9252,9,9,1,0.011707,0.004913,0.004348,0.00549,0.005341,0.003724,0.003815,0.0015,0.012146,0.947017
9253,9,9,1,0.014217,0.010745,0.011475,0.002947,0.005711,0.006929,0.005161,0.003318,0.013812,0.925684
9254,9,9,1,0.009656,0.010336,0.003354,0.002996,0.003926,0.01042,0.004292,0.005191,0.023629,0.9262
9255,9,9,1,0.011584,0.004759,0.008771,0.005998,0.005059,0.007808,0.004238,0.002837,0.017612,0.931333
9256,9,9,1,0.002941,0.001565,0.001083,0.00154,0.00102,0.001167,0.000886,0.000386,0.00232,0.987092
9257,9,9,1,0.005572,0.004133,0.002967,0.001275,0.002064,0.001729,0.000831,0.000391,0.00401,0.977029
9258,9,9,1,0.002166,0.005256,0.002671,0.005554,0.003128,0.002563,0.004892,0.002434,0.01418,0.957156
9259,9,9,1,0.000478,0.000271,0.000248,6.2e-05,9.6e-05,0.000256,0.000105,0.000114,0.000582,0.997789
9260,9,9,1,0.010074,0.003164,0.006633,0.005729,0.004648,0.002343,0.002064,0.00364,0.016936,0.94477
9261,9,9,1,0.00806,0.008364,0.00218,0.004085,0.002769,0.002745,0.002898,0.002535,0.009169,0.957196
9262,9,9,1,0.009408,0.004028,0.005344,0.002786,0.002791,0.001749,0.003781,0.000683,0.012684,0.956746
9263,9,9,1,0.00818,0.001557,0.004814,0.005113,0.000863,0.003378,0.001194,0.000736,0.009492,0.964673
9264,9,9,1,0.004434,0.014095,0.004066,0.004078,0.009148,0.006929,0.007511,0.005965,0.029359,0.914416
9265,9,9,1,0.00416,0.00292,0.001405,0.002037,0.000983,0.00116,0.000898,0.001278,0.004929,0.980231
9266,9,9,1,0.001994,0.000975,0.000381,0.000801,0.001285,0.000539,0.000646,0.000461,0.002567,0.990353
9267,9,9,1,0.009811,0.003445,0.005936,0.002788,0.002425,0.002813,0.002222,0.000824,0.013636,0.956101
9268,9,9,1,0.005606,0.006142,0.009106,0.004902,0.003744,0.003457,0.004015,0.002125,0.010884,0.950019
9269,9,9,1,0.002849,0.00545,0.004239,0.001797,0.002963,0.003359,0.00273,0.001083,0.015168,0.960362
9270,9,9,1,0.009883,0.006703,0.001947,0.001935,0.005703,0.001468,0.003089,0.001157,0.011798,0.956317
9271,9,9,1,0.002781,0.001675,0.004886,0.001562,0.003976,0.004013,0.002842,0.001178,0.009304,0.967783
9272,9,9,1,0.015302,0.003506,0.002802,0.012237,0.008457,0.007414,0.001798,0.002265,0.019551,0.926669
9273,9,9,1,0.00381,0.0041,0.010659,0.00344,0.003839,0.009108,0.002827,0.004844,0.020018,0.937356
9274,9,9,1,0.018997,0.014694,0.009162,0.013247,0.008325,0.008811,0.005853,0.006531,0.022525,0.891853
9275,9,9,1,0.002012,0.00745,0.002022,0.005194,0.003804,0.002108,0.002486,0.00105,0.008198,0.965675
9276,9,9,1,0.003047,0.002569,0.002179,0.001595,0.000521,0.00089,0.00168,0.001409,0.004418,0.981693
9277,9,9,1,0.001586,0.001401,0.000405,0.001489,0.000228,0.000228,0.000975,0.000382,0.002681,0.990624
9278,9,9,1,0.001495,0.000463,0.001189,0.001458,0.000554,0.00093,0.001065,0.000809,0.002483,0.989554
9279,9,9,1,0.002497,0.001775,0.002206,0.000521,0.001663,0.000797,0.000934,0.000617,0.003213,0.985778
9280,9,9,1,0.007692,0.006602,0.008579,0.004431,0.008299,0.00493,0.001796,0.001543,0.018561,0.937566
9281,9,9,1,0.00517,0.004957,0.00806,0.004896,0.006174,0.003422,0.002129,0.002875,0.012175,0.950142
9282,9,9,1,0.000646,0.000784,0.000266,0.000171,0.000123,0.000341,0.000257,0.000142,0.001177,0.996093
9283,9,9,1,1.8e-05,1e-05,1.8e-05,1.2e-05,4e-06,7e-06,5e-06,2e-06,2.4e-05,0.9999
9284,9,9,1,0.001849,0.001407,0.000633,0.000798,0.000489,0.001547,0.000963,0.000869,0.002933,0.988512
9285,9,9,1,0.005165,0.013323,0.006222,0.007547,0.006369,0.004221,0.001837,0.002493,0.011763,0.941059
9286,9,9,1,0.006234,0.005021,0.003677,0.003313,0.002032,0.00381,0.001786,0.00086,0.00945,0.963815
9287,9,9,1,0.008148,0.002533,0.00357,0.006021,0.002752,0.001685,0.000792,0.003016,0.010875,0.960607
9288,9,9,1,0.005278,0.004638,0.001602,0.005936,0.002848,0.001974,0.001299,0.001502,0.013991,0.960932
9289,9,9,1,0.013601,0.002932,0.010917,0.007652,0.002234,0.00732,0.003126,0.004385,0.017884,0.929951
9290,9,9,1,0.002639,0.004695,0.006994,0.003209,0.004219,0.003232,0.000774,0.000874,0.009979,0.963386
9291,9,9,1,0.019745,0.015662,0.010156,0.006998,0.00866,0.003893,0.002215,0.004288,0.020566,0.907818
9292,9,9,1,0.006817,0.005394,0.001773,0.001351,0.001907,0.002662,0.001295,0.001251,0.007834,0.969716
9293,9,9,1,0.006586,0.002383,0.0055,0.00249,0.00546,0.005298,0.004606,0.001182,0.01462,0.951877
9294,9,9,1,0.007715,0.004969,0.004447,0.003343,0.004135,0.001399,0.002445,0.000782,0.0094,0.961364
9295,9,9,1,0.006357,0.009426,0.017791,0.009028,0.004907,0.008988,0.002272,0.00779,0.024594,0.908847
9296,9,9,1,0.013828,0.004892,0.011224,0.005347,0.002143,0.003135,0.005804,0.001167,0.01888,0.93358
9297,9,9,1,0.002229,0.006341,0.004639,0.002149,0.002577,0.00428,0.002936,0.002791,0.010985,0.961073
9298,9,9,1,0.000718,0.001564,0.001174,0.000368,0.000834,0.00059,0.000272,0.000134,0.001792,0.992553
9299,9,9,1,0.00847,0.008623,0.002279,0.003573,0.006343,0.00442,0.004279,0.002955,0.010288,0.948773
9300,9,9,1,2.3e-05,8e-06,1.5e-05,1.2e-05,8e-06,4e-06,3e-06,3e-06,2.4e-05,0.9999
9301,9,9,1,0.003685,0.007423,0.001956,0.001829,0.004085,0.003793,0.002182,0.001295,0.009764,0.963988
9302,9,9,1,0.001825,0.000666,0.001848,0.000608,0.000365,0.000899,0.000455,0.000932,0.003863,0.988539
9303,9,9,1,0.002515,0.005569,0.009137,0.005333,0.004547,0.001719,0.003783,0.001225,0.011722,0.954451
9304,9,9,1,0.00535,0.00344,0.004631,0.001694,0.00466,0.004594,0.003848,0.000818,0.011492,0.959474
9305,9,9,1,0.008458,0.002821,0.00251,0.003411,0.002089,0.002532,0.001804,0.003489,0.014723,0.958164
9306,9,9,1,0.005032,0.003367,0.005791,0.010515,0.008012,0.004226,0.005355,0.002527,0.014558,0.940617
9307,9,9,1,0.006967,0.006618,0.009328,0.008748,0.006075,0.002646,0.004085,0.001432,0.01664,0.937461
9308,9,9,1,0.015664,0.01205,0.009192,0.004736,0.009447,0.006603,0.001858,0.004329,0.021114,0.915008
9309,9,9,1,0.002767,0.003999,0.001863,0.001516,0.000508,0.000758,0.001415,0.00143,0.005509,0.980235
9310,9,9,1,0.00904,0.005905,0.011203,0.008336,0.003612,0.004579,0.005102,0.003878,0.012942,0.935403
9311,9,9,1,0.006012,0.004311,0.005869,0.003422,0.003149,0.000813,0.000986,0.001742,0.012385,0.96131
9312,9,9,1,2.1e-05,1.1e-05,1.1e-05,5e-06,7e-06,1e-05,7e-06,5e-06,2.4e-05,0.9999
9313,9,9,1,0.010881,0.005736,0.013592,0.016151,0.003122,0.010124,0.003901,0.006364,0.026152,0.903978
9314,9,9,1,0.011541,0.004924,0.006607,0.005038,0.005305,0.003256,0.001047,0.000683,0.012932,0.948667
9315,9,9,1,0.007796,0.016172,0.009589,0.009232,0.005521,0.005418,0.007822,0.002406,0.022769,0.913273
9316,9,9,1,0.005792,0.005499,0.004325,0.003842,0.001077,0.001307,0.004163,0.00311,0.010275,0.96061
9317,9,9,1,0.007627,0.005706,0.005845,0.017235,0.003765,0.009142,0.009364,0.007326,0.02428,0.90971
9318,9,9,1,0.002018,0.008318,0.002961,0.002768,0.004965,0.004029,0.00276,0.002396,0.008544,0.961241
9319,9,9,1,0.003564,0.002489,0.002455,0.000876,0.000856,0.001231,0.001106,0.000761,0.00286,0.983801
9320,9,9,1,0.000814,0.000413,0.00051,0.000442,0.00055,0.000236,0.00063,0.000655,0.002501,0.993249
9321,9,9,1,0.01867,0.005726,0.009222,0.007805,0.009173,0.00361,0.003736,0.003754,0.018304,0.92
9322,9,9,1,0.016507,0.008745,0.005016,0.011889,0.008869,0.004174,0.007126,0.00232,0.020575,0.914778
9323,9,9,1,0.005975,0.003294,0.005538,0.004824,0.000808,0.003132,0.001551,0.000582,0.009623,0.964674
9324,9,9,1,0.0083,0.005372,0.001988,0.002399,0.00125,0.001928,0.002735,0.000671,0.009278,0.966078
9325,9,9,1,0.011199,0.00803,0.002106,0.005657,0.002519,0.001567,0.004159,0.002392,0.013448,0.948923
9326,9,9,1,0.015686,0.008036,0.009942,0.00386,0.004011,0.010248,0.005524,0.00185,0.03473,0.906113
9327,9,9,1,0.002596,0.011915,0.004223,0.004626,0.004006,0.002982,0.001733,0.001968,0.016654,0.949297
9328,9,9,1,0.006173,0.002756,0.010113,0.007255,0.001791,0.003931,0.002419,0.003864,0.011728,0.949969
9329,9,9,1,0.003378,0.00436,0.003358,0.001327,0.002927,0.002641,0.000666,0.001807,0.008503,0.971034
9330,9,9,1,0.012749,0.008671,0.00832,0.00362,0.004219,0.004183,0.003536,0.00275,0.01578,0.936171
9331,9,9,1,0.000938,0.000762,0.000486,0.000371,0.000705,0.001149,0.000925,0.000291,0.003597,0.990776
9332,9,9,1,0.009994,0.016894,0.007245,0.013437,0.008143,0.006534,0.005487,0.002762,0.018862,0.910642
9333,9,9,1,0.006252,0.006397,0.003089,0.002576,0.001948,0.003415,0.004554,0.000947,0.013479,0.957343
9334,9,9,1,0.009786,0.002441,0.004862,0.001682,0.00137,0.00243,0.002208,0.00171,0.017384,0.956127
9335,9,9,1,0.00736,0.010342,0.006809,0.009677,0.00629,0.001907,0.005713,0.00193,0.015426,0.934546
9336,9,9,1,0.006861,0.00514,0.001146,0.003097,0.000771,0.001854,0.001769,0.002187,0.006933,0.970242
9337,9,9,1,2.3e-05,1.7e-05,6e-06,1.3e-05,8e-06,6e-06,3e-06,4e-06,2e-05,0.9999
9338,9,9,1,0.00467,0.005437,0.004287,0.003718,0.004166,0.003522,0.004224,0.002862,0.013003,0.954112
9339,9,9,1,0.009225,0.008951,0.017066,0.013254,0.007438,0.003273,0.00545,0.008159,0.026636,0.900548
9340,9,9,1,0.01459,0.014712,0.01429,0.008173,0.008158,0.005458,0.001418,0.004057,0.018989,0.910156
9341,9,9,1,0.005558,0.008142,0.005109,0.002391,0.004217,0.002849,0.000819,0.001488,0.007765,0.961663
9342,9,9,1,0.004183,0.004666,0.009165,0.002439,0.006007,0.005752,0.00256,0.002502,0.020895,0.941832
9343,9,9,1,0.001628,0.002737,0.002366,0.004414,0.002654,0.002999,0.001211,0.002719,0.011159,0.968114
9344,9,9,1,0.003823,0.004986,0.003222,0.003307,0.002028,0.004345,0.002894,0.002142,0.01377,0.959484
9345,9,9,1,0.011784,0.006433,0.00631,0.006782,0.003711,0.001465,0.00386,0.001427,0.013821,0.944406
9346,9,9,1,0.008332,0.005446,0.001729,0.004959,0.003149,0.002638,0.00141,0.000804,0.0082,0.963335
9347,9,9,1,0.003714,0.005338,0.009659,0.006389,0.009006,0.007305,0.005794,0.002611,0.022166,0.928018
9348,9,9,1,0.007998,0.01452,0.007695,0.005544,0.001939,0.001675,0.006023,0.003455,0.017264,0.933888
9349,9,9,1,0.00363,0.008026,0.003708,0.005835,0.002805,0.003313,0.002241,0.002014,0.019067,0.949361
9350,9,9,1,0.004261,0.001507,0.002449,0.001638,0.00117,0.001721,0.001621,0.000392,0.007185,0.978055
9351,9,9,1,0.006372,0.005569,0.010952,0.005972,0.005623,0.001817,0.001556,0.004036,0.0181,0.940003
9352,9,9,1,0.002012,0.005904,0.002144,0.004099,0.003546,0.002817,0.003077,0.000951,0.009213,0.966238
9353,9,9,1,0.005344,0.004972,0.001237,0.001784,0.00133,0.0021,0.002816,0.001551,0.010524,0.968343
9354,9,9,1,6e-06,7e-06,9e-06,4e-06,8e-06,1.1e-05,8e-06,7e-06,3.9e-05,0.9999
9355,9,9,1,0.005667,0.01257,0.004175,0.00258,0.007398,0.005243,0.001389,0.001306,0.0164,0.943272
9356,9,9,1,0.00226,0.004291,0.003954,0.001059,0.003515,0.001942,0.00193,0.000617,0.006498,0.973935
9357,9,9,1,0.003765,0.00276,0.003756,0.001892,0.002236,0.000984,0.002591,0.00078,0.007047,0.974188
9358,9,9,1,1e-05,1e-05,1.7e-05,1.2e-05,7e-06,7e-06,5e-06,3e-06,2.9e-05,0.9999
9359,9,9,1,2.1e-05,7e-06,1.5e-05,9e-06,6e-06,3e-06,9e-06,3e-06,2.6e-05,0.9999
9360,9,9,1,0.01756,0.01027,0.007883,0.004029,0.006063,0.004016,0.005504,0.002209,0.026989,0.915478
9361,9,9,1,0.011213,0.007323,0.002552,0.003307,0.002921,0.001088,0.001623,0.00246,0.012829,0.954684
9362,9,9,1,0.003556,0.00218,0.002539,0.001746,0.000807,0.000761,0.001683,0.001373,0.004958,0.980399
9363,9,9,1,0.009442,0.007733,0.001985,0.007129,0.006556,0.00387,0.001851,0.001891,0.014505,0.94504
9364,9,9,1,0.001495,0.000834,0.001332,0.000963,0.001214,0.001463,0.000734,0.00028,0.003549,0.988134
9365,9,9,1,0.006482,0.002316,0.005962,0.002978,0.003275,0.002634,0.001873,0.001039,0.007773,0.965668
9366,9,9,1,0.017699,0.00895,0.007122,0.008019,0.005183,0.003692,0.004872,0.001735,0.016017,0.926712
9367,9,9,1,0.008195,0.016669,0.006427,0.005216,0.00831,0.004554,0.003546,0.00537,0.017142,0.924571
9368,9,9,1,0.000492,0.000948,0.001123,0.000329,0.000476,0.000833,0.000528,0.000454,0.001816,0.993001
9369,9,9,1,0.000982,0.001325,0.001292,0.000838,0.000534,0.000432,0.000596,0.000442,0.001534,0.992025
9370,9,9,1,0.028212,0.016669,0.00451,0.005393,0.016718,0.007249,0.008238,0.00366,0.031294,0.878058
9371,9,9,1,0.012367,0.006966,0.00535,0.005552,0.00236,0.00884,0.00641,0.005329,0.01716,0.929666
9372,9,9,1,0.006276,0.003147,0.005661,0.003527,0.00346,0.005275,0.003146,0.002641,0.012191,0.954676
9373,9,9,1,0.010826,0.006636,0.003838,0.006003,0.002155,0.00106,0.00349,0.001602,0.013827,0.950565
9374,9,9,1,0.017517,0.004677,0.010283,0.009536,0.007965,0.00142,0.006046,0.003482,0.014802,0.924272
9375,9,9,1,6e-06,1.4e-05,1.5e-05,1.2e-05,1.1e-05,4e-06,9e-06,7e-06,2.3e-05,0.9999
9376,9,9,1,0.008279,0.009089,0.008533,0.005614,0.004405,0.001693,0.002633,0.002307,0.010764,0.946683
9377,9,9,1,0.000378,0.001021,0.0011,0.000563,0.000626,0.000504,0.000428,0.000199,0.001483,0.993697
9378,9,9,1,0.001387,0.000561,0.001556,0.001238,0.000924,0.001077,0.000649,0.000585,0.002472,0.989551
9379,9,9,1,0.008857,0.009707,0.004655,0.006386,0.004187,0.002344,0.002546,0.001026,0.01346,0.946832
9380,9,9,1,0.024433,0.008292,0.003505,0.010733,0.012192,0.008438,0.005347,0.004439,0.020423,0.902198
9381,9,9,1,6e-06,1.7e-05,8e-06,1.7e-05,9e-06,3e-06,7e-06,7e-06,2.7e-05,0.9999
9382,9,9,1,0.00332,0.005903,0.00393,0.00557,0.001441,0.006049,0.002009,0.00296,0.014228,0.954591
9383,9,9,1,0.011782,0.005722,0.009905,0.006821,0.003206,0.003861,0.00467,0.004077,0.012467,0.937489
9384,9,9,1,0.001288,0.001425,0.002749,0.002571,0.001034,0.000485,0.001408,0.000624,0.006279,0.982137
9385,9,9,1,0.004582,0.002877,0.002035,0.003905,0.001891,0.002049,0.001879,0.00132,0.004718,0.974745
9386,9,9,1,0.013039,0.004544,0.00624,0.003561,0.005372,0.001809,0.004264,0.005758,0.019323,0.936091
9387,9,9,1,0.002879,0.003897,0.00314,0.000907,0.002195,0.001257,0.001004,0.000782,0.004817,0.979122
9388,9,9,1,0.002396,0.002909,0.00364,0.0024,0.002029,0.00057,0.000958,0.00044,0.005759,0.978901
9389,9,9,1,0.005235,0.005055,0.008615,0.003729,0.002674,0.001814,0.004467,0.002342,0.019403,0.946666
9390,9,9,1,5e-06,1.6e-05,5e-06,1.8e-05,4e-06,1e-05,3e-06,2e-06,3.6e-05,0.9999
9391,9,9,1,0.000382,0.00089,0.000367,0.000263,0.000163,0.000642,0.000261,0.000277,0.001459,0.995296
9392,9,9,1,0.008623,0.00728,0.001975,0.003548,0.001312,0.003619,0.002222,0.001828,0.008803,0.96079
9393,9,9,1,0.006895,0.002249,0.005876,0.004268,0.003228,0.002531,0.001421,0.000614,0.007281,0.965638
9394,9,9,1,0.001245,0.000802,0.001078,0.002189,0.002026,0.001294,0.001148,0.000796,0.003016,0.986407
9395,9,9,1,0.004555,0.004167,0.014658,0.003799,0.005526,0.007703,0.004424,0.002655,0.026122,0.926391
9396,9,9,1,0.00436,0.010332,0.002823,0.002145,0.003448,0.003828,0.004618,0.002676,0.013057,0.952713
9397,9,9,1,0.004454,0.009933,0.004618,0.002531,0.009637,0.007633,0.001416,0.004094,0.017798,0.937886
9398,9,9,1,0.001854,0.001885,0.001072,0.002785,0.001435,0.000703,0.001185,0.001456,0.008119,0.979507
9399,9,9,1,0.000694,0.002932,0.002236,0.000928,0.0007,0.001185,0.000275,0.000917,0.003611,0.986524
9400,9,9,1,0.003245,0.004083,0.003095,0.003486,0.001299,0.00089,0.001115,0.001144,0.008153,0.973491
9401,9,9,1,0.016345,0.019424,0.007033,0.014856,0.005504,0.005182,0.007657,0.006652,0.030086,0.88726
9402,9,9,1,0.001947,0.002493,0.001655,0.002802,0.001783,0.000666,0.000405,0.00066,0.005351,0.982238
9403,9,9,1,0.00173,0.001691,0.000259,0.000336,0.00109,0.000706,0.000204,0.000591,0.001895,0.991499
9404,9,9,1,0.008292,0.007372,0.003757,0.001828,0.000903,0.001206,0.002029,0.00065,0.011904,0.962061
9405,9,9,1,0.005169,0.002556,0.003477,0.002429,0.001909,0.000457,0.00149,0.001206,0.004847,0.97646
9406,9,9,1,0.013821,0.004766,0.002667,0.00265,0.002114,0.004894,0.005674,0.005381,0.018192,0.939843
9407,9,9,1,0.021144,0.012358,0.008156,0.010807,0.003546,0.003801,0.002047,0.003533,0.019605,0.915003
9408,9,9,1,0.011324,0.005535,0.008741,0.00994,0.003429,0.006257,0.007095,0.003012,0.019034,0.925634
9409,9,9,1,0.00724,0.005328,0.002574,0.007797,0.006498,0.001713,0.00552,0.001969,0.022368,0.938994
9410,9,9,1,0.00038,0.000961,0.001153,0.000736,0.000602,0.000236,0.000213,0.000446,0.001408,0.993866
9411,9,9,1,0.002886,0.001737,0.003677,0.002668,0.001106,0.001615,0.001059,0.000991,0.0097,0.97456
9412,9,9,1,0.004719,0.005447,0.007426,0.00532,0.003474,0.005562,0.000969,0.002149,0.015217,0.949718
9413,9,9,1,0.001314,0.002581,0.001829,0.000808,0.000624,0.00089,0.000806,0.000398,0.003015,0.987736
9414,9,9,1,0.009779,0.014415,0.003168,0.004854,0.002903,0.004644,0.00765,0.003253,0.03537,0.913965
9415,9,9,1,0.011,0.00462,0.002703,0.004118,0.005318,0.003995,0.00291,0.002407,0.008904,0.954025
9416,9,9,1,0.00743,0.006096,0.002795,0.004133,0.003681,0.002831,0.002813,0.002603,0.007893,0.959725
9417,9,9,1,0.000499,0.000387,0.0005,0.000139,0.000279,8.6e-05,0.000173,8.9e-05,0.001296,0.996552
9418,9,9,1,0.005651,0.00292,0.005491,0.002768,0.002709,0.002369,0.001396,0.001562,0.007591,0.967542
9419,9,9,1,0.006934,0.004456,0.002747,0.00468,0.001633,0.002696,0.000723,0.001907,0.009065,0.965159
9420,9,9,1,0.004107,0.001761,0.002718,0.00265,0.001306,0.00078,0.000806,0.000426,0.006466,0.97898
9421,9,9,1,0.003072,0.00194,0.003985,0.0013,0.001124,0.002271,0.000786,0.000526,0.007544,0.977451
9422,9,9,1,0.000293,0.000403,0.00037,0.000271,0.000138,0.00022,0.000173,0.000179,0.000817,0.997135
9423,9,9,1,0.007238,0.003551,0.007938,0.002888,0.001564,0.005212,0.002273,0.003198,0.012737,0.953401
9424,9,9,1,1.3e-05,2e-05,1.6e-05,8e-06,1e-05,6e-06,6e-06,4e-06,1.7e-05,0.9999
9425,9,9,1,0.000314,0.000155,0.000246,0.000116,5e-05,0.000188,5.1e-05,0.000127,0.000518,0.998235
9426,9,9,1,0.000669,0.001,0.000945,0.0005,0.001018,0.000727,0.000637,0.000152,0.001795,0.992557
9427,9,9,1,0.014144,0.01058,0.002451,0.005193,0.006357,0.001659,0.003266,0.004904,0.014761,0.936685
9428,9,9,1,0.005552,0.006223,0.002444,0.003506,0.001312,0.000644,0.000803,0.0023,0.008337,0.968879
9429,9,9,1,0.013956,0.009772,0.00853,0.00775,0.004307,0.004873,0.002339,0.002668,0.012195,0.93361
9430,9,9,1,0.008687,0.008777,0.001717,0.003221,0.002155,0.003854,0.004721,0.003071,0.011765,0.952033
9431,9,9,1,0.001604,0.002233,0.003416,0.001825,0.001162,0.001689,0.000596,0.001198,0.005705,0.980573
9432,9,9,1,0.001657,0.000884,0.000743,0.001206,0.000602,0.000314,0.000494,0.000732,0.003496,0.989873
9433,9,9,1,0.005115,0.006471,0.003271,0.003752,0.00255,0.003347,0.001997,0.002233,0.006912,0.964351
9434,9,9,1,0.002632,0.002377,0.003264,0.000637,0.002364,0.002229,0.000611,0.001222,0.005365,0.979299
9435,9,9,1,0.003121,0.004289,0.004481,0.011127,0.005582,0.001937,0.001553,0.004408,0.021139,0.942363
9436,9,9,1,1.2e-05,2e-05,6e-06,7e-06,7e-06,1.1e-05,8e-06,6e-06,2.3e-05,0.9999
9437,9,9,1,0.006919,0.003658,0.002913,0.004741,0.00574,0.003248,0.004856,0.00342,0.014106,0.950398
9438,9,9,1,0.013404,0.009906,0.006141,0.009561,0.010483,0.00597,0.003556,0.004487,0.017897,0.918595
9439,9,9,1,0.003725,0.002136,0.002742,0.002541,0.000922,0.001065,0.001431,0.000789,0.003647,0.981001
9440,9,9,1,0.016037,0.011175,0.010209,0.007321,0.006198,0.003394,0.002068,0.002137,0.011773,0.929688
9441,9,9,1,1.8e-05,1.9e-05,5e-06,8e-06,4e-06,5e-06,6e-06,5e-06,2.9e-05,0.9999
9442,9,9,1,0.003134,0.001746,0.000788,0.001198,0.001738,0.001371,0.001004,0.000713,0.003029,0.98528
9443,9,9,1,0.000755,0.000959,0.000642,0.000742,0.000801,0.000441,0.00044,0.000251,0.001798,0.993171
9444,9,9,1,0.004392,0.002881,0.002742,0.001637,0.002196,0.004538,0.001675,0.003753,0.011475,0.964711
9445,9,9,1,0.00281,0.00273,0.00145,0.002163,0.000824,0.002745,0.001144,0.000768,0.007036,0.978331
9446,9,9,1,0.021379,0.007261,0.003686,0.011833,0.00407,0.006546,0.006399,0.004459,0.025549,0.908818
9447,9,9,1,0.004342,0.004294,0.009703,0.005922,0.002656,0.002415,0.003413,0.003263,0.013238,0.950754
9448,9,9,1,0.00096,0.001177,0.001388,0.001544,0.000738,0.001293,0.000593,0.001158,0.004451,0.986698
9449,9,9,1,0.002702,0.002361,0.002568,0.001598,0.001545,0.002742,0.000817,0.001645,0.007472,0.976549
9450,9,9,1,0.005934,0.011821,0.003884,0.004192,0.003573,0.003114,0.007371,0.002092,0.020712,0.937306
9451,9,9,1,0.003148,0.0053,0.001737,0.002424,0.004824,0.002269,0.003079,0.001943,0.008409,0.966866
9452,9,9,1,2.4e-05,8e-06,1.6e-05,8e-06,6e-06,4e-06,5e-06,4e-06,2.7e-05,0.9999
9453,9,9,1,0.009317,0.008102,0.004881,0.003466,0.001656,0.002987,0.000605,0.001463,0.009975,0.957549
9454,9,9,1,0.019497,0.008371,0.006036,0.006472,0.006597,0.004078,0.004796,0.002605,0.023062,0.918487
9455,9,9,1,0.003033,0.002848,0.002626,0.003054,0.000961,0.002738,0.000777,0.001306,0.010298,0.972359
9456,9,9,1,0.013331,0.012243,0.010311,0.005206,0.005464,0.004695,0.002472,0.0011,0.015589,0.929588
9457,9,9,1,0.005588,0.003192,0.002367,0.001658,0.001124,0.001303,0.002487,0.00211,0.01372,0.966452
9458,9,9,1,0.014612,0.011094,0.00505,0.004875,0.005841,0.004341,0.001283,0.00194,0.0133,0.937666
9459,9,9,1,0.008481,0.011306,0.012144,0.006193,0.007857,0.004379,0.003973,0.003607,0.012007,0.930054
9460,9,9,1,0.005725,0.003549,0.002973,0.001394,0.002885,0.00193,0.000672,0.001684,0.005485,0.973704
9461,9,9,1,2.2e-05,1.4e-05,7e-06,4e-06,1.1e-05,7e-06,3e-06,3e-06,2.9e-05,0.9999
9462,9,9,1,0.007585,0.004849,0.006713,0.003822,0.005358,0.003101,0.002854,0.00076,0.011206,0.953751
9463,9,9,1,0.004074,0.002803,0.00135,0.002343,0.001095,0.000645,0.001343,0.000508,0.004898,0.980941
9464,9,9,1,0.002852,0.003954,0.002442,0.00146,0.004837,0.002198,0.001684,0.002791,0.009499,0.968281
9465,9,9,1,0.013403,0.010857,0.007886,0.002216,0.006075,0.001283,0.005323,0.001744,0.014843,0.936371
9466,9,9,1,0.007941,0.00398,0.003259,0.001724,0.001455,0.002724,0.003069,0.002906,0.015823,0.95712
9467,9,9,1,0.010019,0.00231,0.00333,0.003785,0.002843,0.001864,0.003081,0.002807,0.012398,0.957564
9468,9,9,1,0.012413,0.002571,0.009816,0.005117,0.004621,0.005748,0.001794,0.001614,0.01694,0.939364
9469,9,9,1,0.00194,0.002644,0.001166,0.001667,0.000996,0.001198,0.000905,0.000311,0.003351,0.985822
9470,9,9,1,0.004544,0.002714,0.003559,0.006727,0.004958,0.001574,0.001497,0.002117,0.011106,0.961204
9471,9,9,1,0.024831,0.013565,0.007812,0.012344,0.007103,0.005481,0.0075,0.002042,0.021218,0.898104
9472,9,9,1,0.012007,0.006758,0.0051,0.003879,0.00449,0.003823,0.000971,0.002796,0.01458,0.945595
9473,9,9,1,0.00944,0.004182,0.006876,0.003346,0.004923,0.004031,0.000827,0.001043,0.011877,0.953455
9474,9,9,1,1.2e-05,1.8e-05,1e-05,1.3e-05,7e-06,5e-06,9e-06,4e-06,2.3e-05,0.9999
9475,9,9,1,0.010074,0.005704,0.008514,0.006209,0.001918,0.001655,0.002308,0.002816,0.016886,0.943916
9476,9,9,1,0.001282,0.001687,0.001622,0.001123,0.00079,0.000909,0.000282,0.000842,0.002692,0.988773
9477,9,9,1,0.008647,0.022509,0.007321,0.00406,0.010273,0.011572,0.007131,0.002164,0.036656,0.889667
9478,9,9,1,0.010493,0.015086,0.009986,0.004361,0.012856,0.00589,0.00943,0.005065,0.027359,0.899474
9479,9,9,1,0.005236,0.004091,0.004573,0.002843,0.002405,0.000567,0.001244,0.001395,0.007228,0.970417
9480,9,9,1,0.002776,0.001079,0.003021,0.001057,0.001139,0.000612,0.001017,0.000572,0.004919,0.983808
9481,9,9,1,0.001173,0.001106,0.001194,0.000259,0.000404,0.000553,0.000287,0.000379,0.001757,0.992889
9482,9,9,1,0.006739,0.004404,0.008939,0.009031,0.007642,0.001402,0.005786,0.004348,0.014637,0.937072
9483,9,9,1,0.005169,0.002585,0.002453,0.005229,0.002783,0.001377,0.003346,0.001324,0.009426,0.966308
9484,9,9,1,0.002204,0.00429,0.002551,0.001678,0.002364,0.002411,0.000853,0.001166,0.006451,0.976033
9485,9,9,1,0.009537,0.00198,0.005208,0.003084,0.004558,0.002749,0.002677,0.001926,0.016203,0.952079
9486,9,9,1,0.011093,0.003367,0.003992,0.005079,0.00589,0.002136,0.004241,0.002624,0.013752,0.947827
9487,9,9,1,0.01012,0.007001,0.005328,0.004135,0.003204,0.003213,0.001138,0.001665,0.00855,0.955646
9488,9,9,1,0.014432,0.013626,0.007434,0.008884,0.010738,0.003002,0.007049,0.004299,0.023962,0.906573
9489,9,9,1,0.00978,0.008535,0.005297,0.007698,0.003499,0.002679,0.001017,0.002322,0.015058,0.944116
9490,9,9,1,0.000303,0.000832,0.001008,0.000301,0.00024,0.000525,0.000472,0.000356,0.001319,0.994643
9491,9,9,1,0.003564,0.003116,0.007577,0.00519,0.004924,0.00389,0.002402,0.001875,0.007395,0.960067
9492,9,9,1,0.007079,0.009236,0.008849,0.003868,0.011016,0.006174,0.007141,0.003873,0.020163,0.922601
9493,9,9,1,0.005439,0.001173,0.002071,0.001283,0.000857,0.003072,0.002194,0.000719,0.007788,0.975404
9494,9,9,1,0.002379,0.005997,0.002602,0.002942,0.000956,0.001711,0.001883,0.000686,0.010641,0.970203
9495,9,9,1,0.002422,0.002527,0.000846,0.000905,0.000394,0.001007,0.000377,0.000714,0.003945,0.986863
9496,9,9,1,0.010842,0.005297,0.010247,0.003814,0.015935,0.009241,0.006753,0.002549,0.034663,0.900659
9497,9,9,1,0.008212,0.006488,0.005175,0.008234,0.005283,0.003128,0.002397,0.001162,0.020164,0.939759
9498,9,9,1,0.00481,0.001116,0.003733,0.001022,0.001517,0.001135,0.002342,0.001341,0.006186,0.976798
9499,9,9,1,0.005609,0.004785,0.002477,0.003612,0.00664,0.003084,0.002943,0.003098,0.020921,0.946833
9500,9,9,1,0.001021,0.000957,0.002193,0.003512,0.001952,0.002169,0.001628,0.001038,0.004096,0.981432
9501,9,9,1,0.004684,0.002135,0.006152,0.003373,0.00094,0.001667,0.003422,0.000887,0.011213,0.965527
9502,9,9,1,0.007156,0.005175,0.004205,0.003942,0.002326,0.004129,0.002825,0.001329,0.010846,0.958066
9503,9,9,1,0.003863,0.002183,0.002175,0.005481,0.00224,0.003999,0.001565,0.003082,0.010995,0.964419
9504,9,9,1,0.001721,0.001915,0.00162,0.000299,0.000644,0.000463,0.000469,0.000332,0.002923,0.989614
9505,9,9,1,0.012532,0.003636,0.003034,0.009718,0.006539,0.00542,0.003861,0.006217,0.021166,0.927878
9506,9,9,1,0.00736,0.006675,0.009296,0.008676,0.006891,0.001956,0.003221,0.004292,0.02149,0.930144
9507,9,9,1,1.6e-05,1.8e-05,4e-06,3e-06,3e-06,4e-06,3e-06,8e-06,4.1e-05,0.9999
9508,9,9,1,0.00107,0.003252,0.001351,0.001273,0.000892,0.001657,0.00156,0.000508,0.007018,0.98142
9509,9,9,1,1.6e-05,6e-06,9e-06,1.1e-05,8e-06,1.1e-05,4e-06,8e-06,2.7e-05,0.9999
9510,9,9,1,0.005294,0.003178,0.000871,0.002868,0.001681,0.001467,0.001584,0.00067,0.004431,0.977956
9511,9,9,1,0.005711,0.011776,0.002431,0.007908,0.005989,0.003524,0.006092,0.002019,0.020483,0.934067
9512,9,9,1,0.012295,0.011775,0.005307,0.00297,0.006307,0.006794,0.002656,0.00364,0.014544,0.933711
9513,9,9,1,0.00816,0.003756,0.002553,0.003897,0.00287,0.00302,0.002937,0.001392,0.010547,0.960868
9514,9,9,1,0.007231,0.00393,0.005754,0.007457,0.005758,0.004547,0.002773,0.001791,0.012566,0.948193
9515,9,9,1,1.9e-05,1.4e-05,1.3e-05,1.3e-05,2e-06,3e-06,8e-06,3e-06,2.6e-05,0.9999
9516,9,9,1,0.004719,0.011811,0.010319,0.001684,0.006847,0.003659,0.002101,0.003002,0.015376,0.940482
9517,9,9,1,0.004883,0.001444,0.002248,0.002685,0.002838,0.002573,0.001685,0.001205,0.005132,0.975305
9518,9,9,1,0.013126,0.011801,0.00466,0.004758,0.005343,0.003639,0.002577,0.001589,0.015493,0.937013
9519,9,9,1,0.007164,0.003781,0.002398,0.001814,0.002617,0.00423,0.003049,0.002382,0.009392,0.963174
9520,9,9,1,1e-05,1.7e-05,1.1e-05,9e-06,1.2e-05,4e-06,3e-06,6e-06,2.9e-05,0.9999
9521,9,9,1,0.019223,0.015877,0.013534,0.007671,0.005793,0.006018,0.004235,0.003478,0.014364,0.909806
9522,9,9,1,0.008179,0.003208,0.004853,0.002635,0.001184,0.003966,0.002487,0.001372,0.010471,0.961646
9523,9,9,1,0.017979,0.006381,0.003882,0.011042,0.004362,0.002273,0.005694,0.004584,0.017364,0.92644
9524,9,9,1,0.000433,0.001003,0.000526,0.001003,0.000278,0.000542,0.000429,0.000308,0.00179,0.993688
9525,9,9,1,0.010622,0.008059,0.002825,0.003293,0.002303,0.001116,0.003387,0.001773,0.009594,0.957028
9526,9,9,1,0.010892,0.007756,0.006356,0.00102,0.004311,0.001122,0.002487,0.002272,0.008757,0.955027
9527,9,9,1,0.001563,0.001455,0.004989,0.003806,0.002988,0.001021,0.002948,0.001146,0.008176,0.971908
9528,9,9,1,0.001155,0.002347,0.004052,0.002319,0.000788,0.001637,0.002078,0.001359,0.004926,0.97934
9529,9,9,1,0.014197,0.002857,0.005758,0.007767,0.003098,0.003757,0.002171,0.00438,0.015874,0.940141
9530,9,9,1,1.3e-05,1.8e-05,9e-06,1e-05,4e-06,9e-06,3e-06,8e-06,2.6e-05,0.9999
9531,9,9,1,0.001968,0.004622,0.003335,0.001982,0.00262,0.001431,0.001662,0.000533,0.004545,0.977303
9532,9,9,1,0.013093,0.007343,0.006675,0.004449,0.002635,0.001704,0.001348,0.002678,0.017648,0.942427
9533,9,9,1,0.005405,0.004124,0.000711,0.002494,0.002416,0.001738,0.000296,0.000638,0.004895,0.977283
9534,9,9,1,0.011233,0.006827,0.005695,0.006298,0.003943,0.003662,0.001046,0.002718,0.008774,0.949805
9535,9,9,1,0.004493,0.01298,0.007868,0.005079,0.006353,0.003398,0.00444,0.001513,0.014988,0.938889
9536,9,9,1,0.007042,0.002019,0.004001,0.005135,0.001444,0.002405,0.002342,0.002379,0.009641,0.963592
9537,9,9,1,0.002269,0.002065,0.002189,0.001048,0.002231,0.001941,0.001235,0.000953,0.00554,0.980528
9538,9,9,1,0.015117,0.005174,0.012922,0.006275,0.005991,0.002137,0.001558,0.003322,0.022237,0.925266
9539,9,9,1,0.002215,0.003729,0.006511,0.003295,0.003617,0.003453,0.001725,0.001322,0.008077,0.966055
9540,9,9,1,0.006265,0.004593,0.001155,0.001177,0.002693,0.001184,0.001903,0.001562,0.004782,0.974686
9541,9,9,1,0.006477,0.01033,0.016672,0.010477,0.008018,0.005307,0.007633,0.002262,0.030553,0.902271
9542,9,9,1,0.000835,0.000711,0.000785,0.000634,0.000262,0.000178,0.000238,0.000285,0.001535,0.994537
9543,9,9,1,0.00429,0.005877,0.006585,0.001452,0.004333,0.002565,0.002334,0.001047,0.011059,0.960459
9544,9,9,1,0.009795,0.00506,0.005342,0.004018,0.003408,0.003379,0.00373,0.001795,0.022127,0.941347
9545,9,9,1,0.004214,0.00246,0.007365,0.002831,0.003695,0.004642,0.00229,0.001298,0.011517,0.959688
9546,9,9,1,0.013898,0.006232,0.006088,0.005522,0.006425,0.006028,0.002254,0.004304,0.032234,0.917015
9547,9,9,1,0.0145,0.010085,0.003869,0.007046,0.005733,0.00389,0.001843,0.00279,0.015044,0.935199
9548,9,9,1,0.008842,0.00159,0.00347,0.005281,0.001248,0.004636,0.002889,0.001154,0.010112,0.960778
9549,9,9,1,0.009617,0.006161,0.00288,0.001659,0.006474,0.002056,0.004154,0.002374,0.012784,0.951839
9550,9,9,1,0.006528,0.007477,0.003774,0.001785,0.003535,0.002423,0.003126,0.002825,0.010616,0.957909
9551,9,9,1,0.008311,0.005447,0.003829,0.002343,0.00242,0.001111,0.000924,0.001029,0.009299,0.965287
9552,9,9,1,0.016025,0.004111,0.004146,0.003855,0.006341,0.00188,0.008408,0.004348,0.022143,0.928743
9553,9,9,1,0.00076,0.000331,0.000371,0.000271,0.000455,0.000404,0.000152,0.000144,0.001352,0.995761
9554,9,9,1,0.001173,0.004133,0.002575,0.001012,0.002073,0.000643,0.001432,0.001662,0.00559,0.979707
9555,9,9,1,1.4e-05,1.9e-05,1.3e-05,3e-06,4e-06,5e-06,4e-06,6e-06,3.2e-05,0.9999
9556,9,9,1,0.006573,0.00258,0.006721,0.005538,0.004355,0.002407,0.002586,0.001884,0.006392,0.960964
9557,9,9,1,0.010913,0.004335,0.002135,0.004752,0.005573,0.003984,0.001632,0.001375,0.013218,0.952084
9558,9,9,1,0.004483,0.008665,0.010241,0.008732,0.007784,0.005507,0.003979,0.003403,0.01502,0.932186
9559,9,9,1,0.000742,0.000505,0.001112,0.000944,0.000495,0.000281,0.001024,0.000411,0.002981,0.991505
9560,9,9,1,0.006635,0.003283,0.0023,0.001703,0.002652,0.000892,0.002067,0.002091,0.006549,0.971828
9561,9,9,1,0.015626,0.012948,0.009163,0.002318,0.007281,0.004658,0.001089,0.004687,0.015313,0.926917
9562,9,9,1,0.002058,0.003687,0.001607,0.002255,0.001811,0.002614,0.001267,0.001936,0.007612,0.975153
9563,9,9,1,0.013106,0.005084,0.009898,0.003037,0.012335,0.006372,0.006629,0.002813,0.023405,0.917321
9564,9,9,1,1.8e-05,8e-06,5e-06,7e-06,7e-06,5e-06,1e-05,4e-06,3.6e-05,0.9999
9565,9,9,1,1.1e-05,5e-06,1.3e-05,9e-06,1.6e-05,9e-06,8e-06,6e-06,2.5e-05,0.9999
9566,9,9,1,0.004311,0.003024,0.002408,0.001815,0.000663,0.001613,0.000616,0.001569,0.007776,0.976206
9567,9,9,1,0.016476,0.008205,0.011083,0.006636,0.005475,0.002646,0.002995,0.004212,0.025266,0.917007
9568,9,9,1,0.002183,0.003032,0.00198,0.000743,0.000388,0.001601,0.000936,0.000817,0.003069,0.985251
9569,9,9,1,0.00849,0.005863,0.006487,0.003623,0.003788,0.004121,0.004988,0.0029,0.022134,0.937606
9570,9,9,1,0.012846,0.003594,0.004529,0.00425,0.003641,0.005687,0.001067,0.003397,0.014827,0.946163
9571,9,9,1,0.003678,0.002283,0.004759,0.005634,0.005068,0.002979,0.000735,0.002181,0.00968,0.963003
9572,9,9,1,0.000298,0.000245,0.000105,9.2e-05,0.000216,6.8e-05,0.000185,0.000107,0.0005,0.998185
9573,9,9,1,0.006547,0.001521,0.003121,0.003113,0.001785,0.002229,0.004239,0.002049,0.01109,0.964306
9574,9,9,1,0.0053,0.006387,0.008664,0.003697,0.005571,0.001889,0.004465,0.002553,0.016017,0.945456
9575,9,9,1,0.006514,0.00425,0.005092,0.004531,0.003672,0.004022,0.004797,0.00183,0.015422,0.94987
9576,9,9,1,0.007938,0.011738,0.009464,0.009719,0.006598,0.006049,0.002008,0.001758,0.01761,0.927118
9577,9,9,1,7e-06,9e-06,2e-05,9e-06,6e-06,8e-06,4e-06,9e-06,2.7e-05,0.9999
9578,9,9,1,0.011845,0.007094,0.002682,0.003973,0.005384,0.005056,0.001436,0.002146,0.016734,0.943649
9579,9,9,1,0.007119,0.011961,0.004352,0.009146,0.002721,0.00463,0.002099,0.002695,0.018735,0.936542
9580,9,9,1,0.004441,0.003617,0.002092,0.004419,0.002982,0.002387,0.00185,0.003299,0.013951,0.960962
9581,9,9,1,0.00923,0.002695,0.006014,0.001696,0.003363,0.002126,0.002588,0.002679,0.008388,0.961221
9582,9,9,1,0.001893,0.004514,0.002191,0.002829,0.001432,0.003229,0.002226,0.001108,0.006678,0.9739
9583,9,9,1,0.006105,0.00793,0.004837,0.00531,0.001498,0.003052,0.002089,0.001244,0.008176,0.959759
9584,9,9,1,0.008755,0.006139,0.00186,0.005974,0.005156,0.002108,0.001715,0.002131,0.010409,0.955751
9585,9,9,1,0.013079,0.003125,0.003767,0.001684,0.006126,0.001744,0.001847,0.004541,0.016975,0.947111
9586,9,9,1,1.1e-05,1.6e-05,5e-06,7e-06,1e-05,1.1e-05,3e-06,3e-06,3.5e-05,0.9999
9587,9,9,1,0.004322,0.00148,0.001686,0.001633,0.00542,0.001919,0.00091,0.0032,0.010843,0.968588
9588,9,9,1,0.006369,0.003475,0.00192,0.002325,0.003455,0.002413,0.002435,0.0009,0.009212,0.967496
9589,9,9,1,0.016962,0.004076,0.004456,0.005841,0.009318,0.008656,0.009678,0.00187,0.031544,0.907599
9590,9,9,1,0.003646,0.004347,0.001695,0.001585,0.001974,0.003989,0.001895,0.002907,0.00924,0.968721
9591,9,9,1,0.001201,0.00343,0.002478,0.002474,0.001854,0.001292,0.000678,0.000627,0.003887,0.982079
9592,9,9,1,0.009073,0.005435,0.013712,0.002709,0.002389,0.008966,0.005665,0.003937,0.01838,0.929733
9593,9,9,1,0.000209,0.000161,6.1e-05,5.1e-05,2.7e-05,4.5e-05,2.9e-05,9.4e-05,0.000287,0.999037
9594,9,9,1,0.003303,0.008763,0.008889,0.005105,0.003908,0.002036,0.003641,0.001682,0.010601,0.952071
9595,9,9,1,0.009088,0.006903,0.003857,0.005225,0.003797,0.00187,0.00137,0.001037,0.008109,0.958743
9596,9,9,1,0.007401,0.001538,0.006389,0.002833,0.003464,0.001824,0.002388,0.00112,0.008566,0.964477
9597,9,9,1,0.005381,0.002014,0.001669,0.001556,0.002552,0.002713,0.00117,0.001502,0.006267,0.975176
9598,9,9,1,0.007949,0.004842,0.002779,0.005248,0.00237,0.003776,0.001056,0.000581,0.009865,0.961534
9599,9,9,1,0.009517,0.008335,0.004898,0.008478,0.007404,0.00425,0.000936,0.001451,0.016192,0.93854
9600,9,9,1,0.002867,0.002214,0.005572,0.002455,0.001662,0.001492,0.003118,0.000635,0.010394,0.969592
9601,9,9,1,0.007574,0.005986,0.010751,0.011838,0.00577,0.00629,0.002615,0.001425,0.025089,0.922662
9602,9,9,1,0.005475,0.005166,0.005295,0.005781,0.001477,0.001736,0.003147,0.001142,0.010122,0.960658
9603,9,9,1,0.015555,0.004885,0.008917,0.008069,0.005699,0.002377,0.003315,0.002973,0.017299,0.930912
9604,9,9,1,0.005871,0.007155,0.004896,0.005512,0.004319,0.000893,0.002813,0.002598,0.008529,0.957414
9605,9,9,1,0.004266,0.003817,0.003027,0.001709,0.002628,0.000745,0.001019,0.001499,0.006298,0.974992
9606,9,9,1,0.006704,0.00706,0.004066,0.003941,0.001586,0.00103,0.001666,0.000921,0.008887,0.964139
9607,9,9,1,0.009137,0.004855,0.014286,0.009358,0.008405,0.001578,0.006944,0.003896,0.018055,0.923485
9608,9,9,1,0.005175,0.00343,0.00286,0.001882,0.002803,0.00235,0.003697,0.001726,0.009534,0.966543
9609,9,9,1,0.011842,0.007492,0.008109,0.003936,0.001498,0.004226,0.003968,0.00296,0.013578,0.94239
9610,9,9,1,0.005586,0.01063,0.005625,0.010868,0.008986,0.002727,0.00445,0.004239,0.018926,0.927962
9611,9,9,1,0.010323,0.007512,0.00287,0.002068,0.005066,0.006352,0.002549,0.003722,0.013723,0.945817
9612,9,9,1,0.00649,0.002881,0.007288,0.004765,0.001855,0.00305,0.004145,0.002057,0.010901,0.956569
9613,9,9,1,0.007631,0.004543,0.001656,0.002773,0.001439,0.002449,0.003515,0.002391,0.010707,0.962896
9614,9,9,1,0.011817,0.011563,0.010396,0.007811,0.002414,0.002473,0.001226,0.001569,0.019462,0.931269
9615,9,9,1,0.00507,0.005098,0.006292,0.003031,0.001854,0.004034,0.005327,0.004148,0.016215,0.948931
9616,9,9,1,0.019739,0.006844,0.017635,0.002956,0.011684,0.006509,0.002053,0.003162,0.028966,0.900451
9617,9,9,1,0.005387,0.004323,0.00864,0.006202,0.003227,0.001874,0.002074,0.002283,0.011275,0.954715
9618,9,9,1,0.002332,0.002464,0.001651,0.001286,0.000347,0.000631,0.000666,0.000807,0.002955,0.986861
9619,9,9,1,0.004635,0.004958,0.002764,0.002328,0.004343,0.006203,0.003107,0.003503,0.014003,0.954157
9620,9,9,1,0.007582,0.006239,0.006708,0.004199,0.001114,0.002203,0.001834,0.00087,0.012718,0.956534
9621,9,9,1,2.2e-05,1.3e-05,9e-06,8e-06,7e-06,6e-06,7e-06,6e-06,2.2e-05,0.9999
9622,9,9,1,0.006097,0.001104,0.003584,0.002777,0.002801,0.00093,0.002016,0.001231,0.005249,0.97421
9623,9,9,1,0.005665,0.003874,0.001545,0.004836,0.002698,0.002637,0.002203,0.001858,0.0121,0.962584
9624,9,9,1,0.017138,0.01454,0.013314,0.009625,0.003199,0.004831,0.002627,0.002772,0.017383,0.914569
9625,9,9,1,0.009499,0.004869,0.007884,0.005597,0.00318,0.002496,0.002868,0.002871,0.018913,0.941822
9626,9,9,1,0.002536,0.003035,0.001999,0.001566,0.001042,0.000743,0.001213,0.002362,0.009036,0.97647
9627,9,9,1,0.003639,0.004877,0.001878,0.004689,0.003878,0.000734,0.00195,0.001344,0.00892,0.968091
9628,9,9,1,0.002159,0.00475,0.00655,0.003422,0.000914,0.001763,0.001726,0.00121,0.011162,0.966344
9629,9,9,1,0.012112,0.004218,0.003569,0.010549,0.002757,0.006732,0.003141,0.004772,0.02144,0.930709
9630,9,9,1,2e-05,1.2e-05,1.5e-05,1.3e-05,3e-06,5e-06,6e-06,4e-06,2.2e-05,0.9999
9631,9,9,1,0.003242,0.002095,0.00191,0.001228,0.002314,0.001291,0.001788,0.000648,0.008955,0.976529
9632,9,9,1,0.003886,0.007666,0.0062,0.005249,0.004576,0.001064,0.003584,0.000834,0.01174,0.9552
9633,9,9,1,0.001866,0.000358,0.00096,0.000585,0.000834,0.000212,0.000833,0.000541,0.002509,0.991302
9634,9,9,1,0.014075,0.008757,0.005622,0.003439,0.003704,0.004825,0.001076,0.001455,0.014198,0.942849
9635,9,9,1,0.002275,0.000987,0.000915,0.000936,0.000638,0.001899,0.00176,0.000678,0.006459,0.983453
9636,9,9,1,0.00544,0.003499,0.003145,0.002121,0.002322,0.000824,0.001385,0.000505,0.004769,0.97599
9637,9,9,1,0.002205,0.001732,0.001057,0.000385,0.000582,0.00072,0.000958,0.000682,0.002413,0.989266
9638,9,9,1,0.010282,0.006743,0.001504,0.002877,0.003913,0.003013,0.004092,0.00171,0.012509,0.953356
9639,9,9,1,0.00459,0.004462,0.003113,0.002344,0.001535,0.00159,0.00094,0.001433,0.00453,0.975462
9640,9,9,1,0.00856,0.00347,0.005314,0.006934,0.004998,0.002335,0.002815,0.003445,0.010881,0.951249
9641,9,9,1,0.00251,0.008244,0.007333,0.002875,0.003955,0.002436,0.003824,0.003389,0.01189,0.953542
9642,9,9,1,0.005919,0.007555,0.010385,0.006925,0.007026,0.007108,0.005229,0.0058,0.027371,0.916683
9643,9,9,1,0.001672,0.003049,0.001942,0.001042,0.001317,0.000519,0.000826,0.000983,0.003319,0.985331
9644,9,9,1,0.009021,0.002584,0.004737,0.003767,0.002646,0.002751,0.003196,0.001007,0.015587,0.954703
9645,9,9,1,0.004502,0.012562,0.011089,0.008525,0.001881,0.003003,0.003609,0.001319,0.02039,0.93312
9646,9,9,1,0.001539,0.002926,0.002671,0.002301,0.001215,0.001906,0.000797,0.000366,0.005372,0.980907
9647,9,9,1,0.011211,0.006796,0.00483,0.003334,0.005424,0.004087,0.003964,0.001743,0.010823,0.947787
9648,9,9,1,0.016164,0.00728,0.010896,0.004151,0.001996,0.00544,0.004507,0.004307,0.014687,0.930573
9649,9,9,1,0.007507,0.001652,0.002671,0.00361,0.004569,0.002445,0.001967,0.001536,0.010877,0.963165
9650,9,9,1,0.00774,0.005568,0.008124,0.009196,0.002565,0.003698,0.005027,0.003187,0.015492,0.939404
9651,9,9,1,0.006351,0.004132,0.001458,0.002253,0.001167,0.004069,0.00261,0.001242,0.009237,0.96748
9652,9,9,1,0.019098,0.005077,0.011145,0.002669,0.008287,0.00673,0.005528,0.003758,0.01506,0.922647
9653,9,9,1,0.01527,0.011146,0.00916,0.004102,0.0025,0.001792,0.0039,0.002905,0.01721,0.932014
9654,9,9,1,0.00161,0.005144,0.002885,0.002424,0.001424,0.002122,0.000456,0.000776,0.005933,0.977226
9655,9,9,1,0.002904,0.007955,0.004844,0.00563,0.0073,0.004309,0.005213,0.000905,0.015239,0.945701
9656,9,9,1,6e-06,2e-05,1.3e-05,6e-06,1.1e-05,6e-06,5e-06,4e-06,3e-05,0.9999
9657,9,9,1,0.004607,0.003932,0.002117,0.002587,0.00704,0.002429,0.002047,0.003955,0.01276,0.958526
9658,9,9,1,2.4e-05,6e-06,1.2e-05,8e-06,8e-06,3e-06,5e-06,4e-06,3.1e-05,0.9999
9659,9,9,1,0.012714,0.013068,0.009892,0.007873,0.004525,0.006333,0.005166,0.002168,0.013677,0.924583
9660,9,9,1,0.01098,0.004273,0.009235,0.012133,0.008921,0.005465,0.00486,0.00383,0.017638,0.922665
9661,9,9,1,0.002014,0.000793,0.001762,0.000968,0.000553,0.000263,0.00049,0.000313,0.002712,0.990133
9662,9,9,1,0.017738,0.014702,0.012641,0.006958,0.003359,0.003983,0.002533,0.002446,0.020883,0.914756
9663,9,9,1,0.003186,0.004835,0.003741,0.001143,0.002714,0.002334,0.000502,0.000534,0.006317,0.974695
9664,9,9,1,0.003542,0.002,0.001612,0.00199,0.002711,0.001703,0.000547,0.000855,0.005028,0.980012
9665,9,9,1,0.002573,0.001532,0.000424,0.000487,0.000939,0.000509,0.000429,0.000318,0.003513,0.989276
9666,9,9,1,0.003437,0.002899,0.001769,0.000704,0.002103,0.001785,0.001481,0.000591,0.004681,0.98055
9667,9,9,1,0.003896,0.001429,0.005413,0.002437,0.001517,0.003614,0.002149,0.002138,0.007332,0.970076
9668,9,9,1,0.015105,0.003656,0.010777,0.003849,0.005855,0.003788,0.005728,0.003402,0.015681,0.932158
9669,9,9,1,0.000815,0.002734,0.002548,0.001746,0.000802,0.000859,0.00085,0.00021,0.003543,0.985892
9670,9,9,1,9e-06,8e-06,1.7e-05,3e-06,8e-06,6e-06,3e-06,9e-06,3.6e-05,0.9999
9671,9,9,1,0.002369,0.000715,0.002147,0.000734,0.001638,0.001384,0.000986,0.000767,0.002455,0.986806
9672,9,9,1,0.002858,0.011815,0.007956,0.002492,0.00443,0.002629,0.002512,0.002888,0.014735,0.947687
9673,9,9,1,0.007222,0.009435,0.007259,0.006304,0.007896,0.005679,0.002502,0.00289,0.013331,0.937483
9674,9,9,1,0.001922,0.001832,0.001194,0.00189,0.00207,0.000447,0.00083,0.001263,0.004923,0.983628
9675,9,9,1,0.006434,0.00423,0.005108,0.002366,0.004144,0.001598,0.002438,0.002801,0.009526,0.961355
9676,9,9,1,0.000649,0.000498,0.001284,0.000605,0.000251,0.000456,0.0003,0.000574,0.001748,0.993635
9677,9,9,1,0.000649,0.000409,9.4e-05,0.000341,7.1e-05,6.2e-05,0.000163,0.000187,0.000739,0.997286
9678,9,9,1,0.003031,0.002571,0.002304,0.002371,0.001939,0.002883,0.001459,0.001541,0.005852,0.97605
9679,9,9,1,0.000112,4.3e-05,6.8e-05,5.6e-05,9.7e-05,2.6e-05,7.4e-05,7.7e-05,0.000233,0.999214
9680,9,9,1,0.012931,0.012542,0.005484,0.008069,0.009098,0.007357,0.002043,0.006524,0.02229,0.913661
9681,9,9,1,0.00289,0.005328,0.007259,0.003994,0.001667,0.004571,0.002494,0.002881,0.010386,0.958529
9682,9,9,1,0.002316,0.003052,0.002234,0.004173,0.003196,0.003619,0.001988,0.001162,0.008554,0.969706
9683,9,9,1,0.012955,0.007254,0.004978,0.009897,0.006858,0.005839,0.003133,0.001266,0.018309,0.929512
9684,9,9,1,0.009545,0.00325,0.002436,0.006123,0.003883,0.001162,0.002882,0.002084,0.009766,0.958869
9685,9,9,1,0.00625,0.014236,0.009749,0.007956,0.006326,0.005307,0.003577,0.001068,0.012344,0.933188
9686,9,9,1,0.016416,0.010562,0.006619,0.003714,0.00467,0.005833,0.004505,0.002075,0.016515,0.929089
9687,9,9,1,0.002316,0.003269,0.00246,0.00343,0.002222,0.002004,0.004134,0.002245,0.011451,0.966467
9688,9,9,1,0.002308,0.003675,0.002319,0.001658,0.000462,0.001209,0.000867,0.001038,0.004215,0.982249
9689,9,9,1,0.000658,0.000334,0.000511,0.000344,0.000388,0.000132,0.000347,0.000106,0.001175,0.996004
9690,9,9,1,0.008627,0.005239,0.002126,0.005306,0.005041,0.001746,0.001831,0.002406,0.0123,0.955378
9691,9,9,1,0.011904,0.004186,0.009176,0.004133,0.010948,0.00779,0.002251,0.002481,0.02344,0.92369
9692,9,9,1,0.000668,0.000897,0.000712,0.000262,0.000703,0.000421,0.000466,0.00034,0.001069,0.994464
9693,9,9,1,0.005263,0.003931,0.002163,0.003743,0.001326,0.001021,0.002479,0.001306,0.006896,0.971873
9694,9,9,1,0.003577,0.00763,0.007324,0.002416,0.005375,0.001123,0.001428,0.002749,0.015757,0.952621
9695,9,9,1,0.001138,0.000965,0.000759,0.000629,0.00017,0.000327,0.000197,0.000286,0.001229,0.994301
9696,9,9,1,0.008646,0.0014,0.006121,0.003681,0.003264,0.000851,0.001501,0.001664,0.007692,0.96518
9697,9,9,1,0.004029,0.002236,0.004543,0.003357,0.000964,0.002115,0.001659,0.000608,0.00561,0.974878
9698,9,9,1,0.000487,0.000431,0.000164,0.000343,0.000209,0.000201,9.3e-05,0.000111,0.000807,0.997154
9699,9,9,1,0.002977,0.004965,0.006745,0.002751,0.0021,0.004378,0.002646,0.003037,0.02001,0.950392
9700,9,9,1,0.001316,0.000694,0.001334,0.000674,0.00049,0.000436,0.000497,0.00041,0.001709,0.992438
9701,9,9,1,0.01554,0.006211,0.00322,0.012759,0.003192,0.007011,0.007102,0.003995,0.019225,0.921745
9702,9,9,1,0.003189,0.003761,0.001683,0.001825,0.001809,0.000856,0.001294,0.001449,0.006335,0.977798
9703,9,9,1,0.011677,0.016849,0.01002,0.006374,0.006184,0.005244,0.003856,0.008724,0.026827,0.904245
9704,9,9,1,0.007845,0.006412,0.004289,0.003861,0.004877,0.004819,0.002143,0.002281,0.011023,0.952449
9705,9,9,1,0.009637,0.002241,0.008648,0.006115,0.003696,0.004154,0.002474,0.002871,0.012493,0.94767
9706,9,9,1,0.003991,0.004649,0.001167,0.003797,0.003427,0.002707,0.000547,0.001905,0.00661,0.9712
9707,9,9,1,0.008099,0.012173,0.006699,0.00367,0.005939,0.004589,0.004314,0.002396,0.013314,0.938808
9708,9,9,1,9e-06,1.4e-05,6e-06,1.1e-05,9e-06,9e-06,8e-06,5e-06,3e-05,0.9999
9709,9,9,1,0.001326,0.0008,0.001253,0.001855,0.001395,0.000648,0.001057,0.001071,0.004049,0.986545
9710,9,9,1,0.001466,0.004082,0.003308,0.001841,0.001062,0.001532,0.001296,0.001278,0.003839,0.980297
9711,9,9,1,0.001877,0.003017,0.001784,0.002332,0.001828,0.00138,0.001225,0.000871,0.003497,0.982188
9712,9,9,1,0.009996,0.005803,0.004149,0.007177,0.003331,0.001309,0.004244,0.001476,0.012353,0.950162
9713,9,9,1,0.003494,0.005052,0.007306,0.00519,0.002922,0.002352,0.003381,0.001322,0.01129,0.95769
9714,9,9,1,0.007845,0.003356,0.004256,0.002495,0.001659,0.001213,0.002181,0.000652,0.007961,0.968381
9715,9,9,1,1.3e-05,1.8e-05,1e-05,8e-06,7e-06,2e-06,3e-06,9e-06,2.9e-05,0.9999
9716,9,9,1,0.003243,0.003567,0.00277,0.002115,0.003653,0.00168,0.002053,0.001284,0.006228,0.973406
9717,9,9,1,0.002764,0.001907,0.00729,0.005262,0.001215,0.002596,0.002727,0.000828,0.011509,0.9639
9718,9,9,1,0.014524,0.014905,0.007474,0.012723,0.004956,0.011405,0.008949,0.001763,0.026069,0.897231
9719,9,9,1,0.003729,0.013225,0.006448,0.003687,0.00721,0.001859,0.004639,0.00337,0.016692,0.939141
9720,9,9,1,0.002596,0.002557,0.001546,0.000587,0.000737,0.001043,0.000206,0.00089,0.002777,0.98706
9721,9,9,1,0.011505,0.006345,0.009276,0.007495,0.005208,0.001664,0.001783,0.003354,0.011203,0.942166
9722,9,9,1,0.012181,0.010133,0.00789,0.002127,0.005903,0.001751,0.003626,0.001675,0.012747,0.941966
9723,9,9,1,0.004485,0.003442,0.004304,0.002065,0.00143,0.001394,0.001213,0.000474,0.007224,0.973969
9724,9,9,1,0.004489,0.005154,0.005561,0.003613,0.001337,0.000827,0.00094,0.002365,0.00808,0.967635
9725,9,9,1,0.003605,0.012439,0.00222,0.006561,0.008367,0.003622,0.004187,0.001589,0.016073,0.941336
9726,9,9,1,0.010845,0.008002,0.00386,0.003353,0.004003,0.003776,0.001146,0.001176,0.009709,0.954131
9727,9,9,1,0.000358,0.000428,0.000311,0.000503,0.000398,0.000237,0.00024,0.000242,0.001367,0.995917
9728,9,9,1,0.001052,0.001107,0.001441,0.002112,0.00215,0.001587,0.001537,0.001099,0.007797,0.980119
9729,9,9,1,1e-05,1.2e-05,4e-06,1.8e-05,9e-06,3e-06,6e-06,9e-06,2.9e-05,0.9999
9730,9,9,1,0.002195,0.007276,0.006719,0.004115,0.001796,0.001334,0.002691,0.003008,0.010136,0.960728
9731,9,9,1,0.014245,0.00773,0.006485,0.004237,0.010059,0.007129,0.005661,0.007048,0.026406,0.911001
9732,9,9,1,0.013954,0.004535,0.008153,0.006685,0.001647,0.003996,0.00424,0.001973,0.012569,0.942249
9733,9,9,1,0.004712,0.003677,0.004287,0.002378,0.003565,0.001328,0.00109,0.001772,0.013523,0.963667
9734,9,9,1,0.009668,0.003267,0.004636,0.001598,0.002001,0.002558,0.003971,0.003531,0.012093,0.956677
9735,9,9,1,7e-06,6e-06,1.6e-05,1.2e-05,5e-06,1e-05,6e-06,5e-06,3.5e-05,0.9999
9736,9,9,1,0.012329,0.003222,0.0062,0.003834,0.002047,0.004142,0.004102,0.000884,0.012913,0.950328
9737,9,9,1,0.004438,0.005166,0.002331,0.001019,0.003339,0.002452,0.001585,0.00152,0.004872,0.973278
9738,9,9,1,0.006663,0.005973,0.010336,0.005265,0.003588,0.005501,0.004351,0.003578,0.013855,0.94089
9739,9,9,1,0.00433,0.0036,0.002734,0.001674,0.001412,0.003168,0.001069,0.000983,0.009755,0.971276
9740,9,9,1,0.004193,0.005306,0.004912,0.005451,0.003305,0.001326,0.00122,0.002596,0.014519,0.957172
9741,9,9,1,0.006793,0.017348,0.003065,0.011344,0.002308,0.00523,0.008122,0.005124,0.024878,0.915788
9742,9,9,1,0.002542,0.002483,0.004801,0.001248,0.003838,0.001367,0.002153,0.000961,0.010449,0.970157
9743,9,9,1,0.012,0.0099,0.005799,0.016348,0.009472,0.006008,0.00765,0.002643,0.027208,0.902972
9744,9,9,1,0.008659,0.009233,0.004458,0.002943,0.004504,0.001816,0.00246,0.002484,0.011989,0.951455
9745,9,9,1,9e-06,2e-05,1.5e-05,7e-06,1e-05,7e-06,5e-06,2e-06,2.7e-05,0.9999
9746,9,9,1,0.006563,0.003155,0.003545,0.005084,0.00251,0.004178,0.003036,0.00239,0.015498,0.954042
9747,9,9,1,0.006249,0.002037,0.001986,0.005769,0.001361,0.003756,0.001457,0.001669,0.011546,0.964169
9748,9,9,1,0.005246,0.009099,0.002862,0.004558,0.006727,0.003438,0.001172,0.003709,0.012964,0.950226
9749,9,9,1,0.008808,0.006762,0.008326,0.004011,0.003713,0.010612,0.002283,0.008526,0.02665,0.920309
9750,9,9,1,0.016018,0.018071,0.006391,0.012002,0.011735,0.007425,0.004517,0.010696,0.044215,0.86893
9751,9,9,1,0.004188,0.002062,0.004631,0.004927,0.002547,0.002058,0.001584,0.002307,0.009655,0.96604
9752,9,9,1,0.002953,0.001317,0.001768,0.001593,0.001327,0.001878,0.001202,0.000956,0.008338,0.978668
9753,9,9,1,0.000861,0.002995,0.001903,0.001717,0.001088,0.000372,0.001083,0.000831,0.004677,0.984473
9754,9,9,1,0.007955,0.003864,0.003438,0.003996,0.005841,0.00544,0.005094,0.001059,0.014654,0.948658
9755,9,9,1,0.013369,0.010623,0.004074,0.010495,0.003299,0.006858,0.006119,0.002883,0.016178,0.926102
9756,9,9,1,0.014348,0.012605,0.004184,0.010284,0.003597,0.001487,0.003196,0.003423,0.020117,0.92676
9757,9,9,1,0.002982,0.006392,0.003911,0.003781,0.000714,0.00261,0.002281,0.000642,0.006654,0.970033
9758,9,9,1,0.01089,0.007957,0.002658,0.005126,0.002493,0.004588,0.006395,0.004725,0.026749,0.92842
9759,9,9,1,0.009126,0.011926,0.004957,0.002311,0.005949,0.00224,0.003253,0.002531,0.016639,0.941068
9760,9,9,1,0.004956,0.002151,0.004385,0.001575,0.001932,0.002438,0.002267,0.001453,0.005458,0.973385
9761,9,9,1,2.3e-05,1.1e-05,1.1e-05,1e-05,6e-06,4e-06,2e-06,5e-06,2.7e-05,0.9999
9762,9,9,1,0.010667,0.002194,0.006853,0.007757,0.005128,0.002232,0.004177,0.001668,0.011613,0.947711
9763,9,9,1,1.9e-05,1e-05,1.6e-05,3e-06,3e-06,8e-06,3e-06,9e-06,2.8e-05,0.9999
9764,9,9,1,0.006854,0.005293,0.005785,0.002967,0.011674,0.008656,0.008112,0.003747,0.02093,0.925983
9765,9,9,1,0.003201,0.009382,0.003362,0.006695,0.005822,0.004434,0.001737,0.001505,0.017363,0.9465
9766,9,9,1,0.002448,0.003532,0.003261,0.002533,0.001677,0.002547,0.001957,0.001061,0.01053,0.970453
9767,9,9,1,0.006997,0.003419,0.004054,0.00307,0.001967,0.002031,0.002244,0.000656,0.006082,0.96948
9768,9,9,1,0.003505,0.003334,0.002365,0.002107,0.001206,0.000925,0.001063,0.000864,0.002916,0.981715
9769,9,9,1,0.004736,0.014028,0.008677,0.003396,0.00426,0.005381,0.003525,0.001526,0.015525,0.938946
9770,9,9,1,0.005304,0.009786,0.008793,0.007833,0.00557,0.002584,0.003902,0.002028,0.012358,0.941843
9771,9,9,1,0.00243,0.004552,0.002878,0.003692,0.001654,0.001151,0.001023,0.001317,0.011333,0.96997
9772,9,9,1,0.010358,0.005665,0.010412,0.014023,0.002569,0.010943,0.00745,0.005403,0.020075,0.913101
9773,9,9,1,1.6e-05,6e-06,1.2e-05,1.2e-05,1.2e-05,9e-06,3e-06,2e-06,3e-05,0.9999
9774,9,9,1,0.015733,0.018709,0.01628,0.002843,0.008416,0.009347,0.004765,0.003915,0.020458,0.899535
9775,9,9,1,0.00783,0.010037,0.002027,0.00189,0.00161,0.00582,0.003819,0.003819,0.013084,0.950064
9776,9,9,1,0.000463,0.000206,0.000177,0.000101,8.2e-05,0.000167,0.000153,0.00011,0.000398,0.998142
9777,9,9,1,0.004541,0.013493,0.007917,0.005032,0.00571,0.003039,0.005117,0.004149,0.015984,0.935018
9778,9,9,1,0.001323,0.003111,0.002451,0.000838,0.001114,0.000439,0.000814,0.000388,0.004274,0.98525
9779,9,9,1,1.5e-05,1.2e-05,1.4e-05,4e-06,4e-06,6e-06,1e-05,8e-06,2.7e-05,0.9999
9780,9,9,1,0.00461,0.011379,0.004775,0.006052,0.006494,0.002102,0.002721,0.004351,0.022586,0.934931
9781,9,9,1,0.005639,0.003423,0.002821,0.001106,0.000675,0.001954,0.001093,0.00049,0.006301,0.976499
9782,9,9,1,0.006735,0.006832,0.003818,0.001694,0.002566,0.002412,0.002246,0.001063,0.008694,0.963941
9783,9,9,1,0.007259,0.003833,0.00497,0.004048,0.001929,0.001122,0.000853,0.002256,0.007031,0.966699
9784,9,9,1,1.6e-05,9e-06,1.2e-05,1e-05,9e-06,1e-05,6e-06,5e-06,2.4e-05,0.9999
9785,9,9,1,0.00379,0.002513,0.00131,0.002747,0.001868,0.001136,0.00156,0.000508,0.00526,0.979307
9786,9,9,1,0.003536,0.003459,0.004553,0.002882,0.002087,0.003247,0.007178,0.0019,0.026889,0.944269
9787,9,9,1,0.006139,0.006004,0.005512,0.002619,0.005417,0.001962,0.001957,0.002879,0.013775,0.953736
9788,9,9,1,0.002856,0.004409,0.001936,0.002284,0.001259,0.000589,0.00091,0.000521,0.007759,0.977477
9789,9,9,1,0.01198,0.003499,0.01095,0.004451,0.008059,0.00452,0.005802,0.004147,0.023777,0.922815
9790,9,9,1,0.009902,0.011477,0.006259,0.005415,0.003795,0.001349,0.002522,0.001786,0.013846,0.943649
9791,9,9,1,0.010484,0.009726,0.002251,0.008304,0.00291,0.002529,0.001569,0.001964,0.017169,0.943094
9792,9,9,1,0.00504,0.005497,0.002524,0.002146,0.002324,0.001143,0.002072,0.001783,0.006894,0.970576
9793,9,9,1,1.7e-05,1.7e-05,1.2e-05,6e-06,2e-06,1e-05,7e-06,4e-06,2.3e-05,0.9999
9794,9,9,1,0.003694,0.001053,0.001623,0.001309,0.002234,0.00071,0.000775,0.001592,0.00726,0.97975
9795,9,9,1,0.0059,0.005441,0.00254,0.003476,0.00352,0.004976,0.003899,0.002733,0.010879,0.956637
9796,9,9,1,1.6e-05,4e-06,1e-05,1.2e-05,5e-06,6e-06,7e-06,4e-06,3.6e-05,0.9999
9797,9,9,1,0.001833,0.001936,0.003513,0.00433,0.003512,0.002953,0.000863,0.002403,0.0075,0.97116
9798,9,9,1,0.002062,0.006272,0.005837,0.002209,0.002864,0.001105,0.003634,0.001083,0.010706,0.964228
9799,9,9,1,0.00316,0.00563,0.002912,0.004422,0.00237,0.001279,0.001577,0.000994,0.007634,0.970023
9800,9,9,1,0.006878,0.015397,0.012332,0.004472,0.00925,0.01291,0.006984,0.004355,0.029523,0.8979
9801,9,9,1,0.003013,0.007514,0.001914,0.00307,0.001457,0.004261,0.001594,0.002642,0.009058,0.965478
9802,9,9,1,0.006222,0.004839,0.00419,0.003722,0.001333,0.001077,0.001055,0.001353,0.007412,0.968798
9803,9,9,1,0.011454,0.005951,0.006388,0.008834,0.011151,0.010767,0.004274,0.004605,0.024898,0.911676
9804,9,9,1,1.4e-05,4e-06,1.7e-05,8e-06,1e-05,8e-06,9e-06,6e-06,2.3e-05,0.9999
9805,9,9,1,0.002696,0.007732,0.004304,0.004168,0.005631,0.001058,0.003816,0.00278,0.010271,0.957543
9806,9,9,1,1e-05,1.7e-05,1.5e-05,6e-06,8e-06,1e-05,6e-06,4e-06,2.3e-05,0.9999
9807,9,9,1,0.00226,0.00299,0.002382,0.000997,0.001029,0.001819,0.000697,0.001375,0.004347,0.982103
9808,9,9,1,0.001513,0.001731,0.00401,0.002381,0.003911,0.001769,0.001516,0.001512,0.009643,0.972014
9809,9,9,1,0.00326,0.001668,0.000719,0.001707,0.000611,0.000771,0.000295,0.000231,0.004384,0.986353
9810,9,9,1,0.002039,0.004543,0.001747,0.002455,0.002042,0.000857,0.000767,0.00051,0.005385,0.979656
9811,9,9,1,0.003863,0.009184,0.009199,0.004686,0.007607,0.004672,0.004774,0.002747,0.012645,0.940622
9812,9,9,1,0.001568,0.003132,0.001274,0.003631,0.00394,0.001091,0.001354,0.002386,0.008207,0.973415
9813,9,9,1,0.011296,0.003599,0.006078,0.004069,0.004356,0.001489,0.003808,0.001225,0.012958,0.951123
9814,9,9,1,0.004845,0.01715,0.01099,0.012605,0.012208,0.006895,0.007532,0.004041,0.01967,0.904064
9815,9,9,1,0.006902,0.010651,0.003718,0.012782,0.007259,0.010148,0.003201,0.007152,0.023036,0.91515
9816,9,9,1,0.008685,0.006208,0.005681,0.004815,0.003653,0.005426,0.007217,0.007879,0.025798,0.92464
9817,9,9,1,0.003811,0.004564,0.009279,0.004887,0.003925,0.006656,0.004278,0.002901,0.016516,0.943183
9818,9,9,1,0.009849,0.01205,0.010001,0.005975,0.00694,0.002223,0.005647,0.004148,0.014888,0.92828
9819,9,9,1,0.007827,0.00162,0.005805,0.005255,0.003887,0.001016,0.002896,0.000818,0.008865,0.962011
9820,9,9,1,0.003111,0.003047,0.006663,0.002979,0.003042,0.001038,0.00149,0.001988,0.010907,0.965735
9821,9,9,1,0.01739,0.003655,0.005845,0.01007,0.00945,0.003945,0.006266,0.004315,0.015324,0.923739
9822,9,9,1,0.011111,0.008134,0.002222,0.004809,0.00272,0.004359,0.002981,0.000782,0.009806,0.953074
9823,9,9,1,0.003627,0.006926,0.004058,0.001798,0.00198,0.000982,0.001904,0.001012,0.010044,0.967669
9824,9,9,1,0.006313,0.003013,0.002732,0.001653,0.001607,0.003195,0.001934,0.002293,0.008171,0.969088
9825,9,9,1,0.009489,0.004338,0.002617,0.002007,0.003645,0.001605,0.003439,0.001873,0.013076,0.957911
9826,9,9,1,0.002914,0.00328,0.003532,0.002013,0.002364,0.002284,0.001012,0.000948,0.007292,0.974361
9827,9,9,1,0.005914,0.003486,0.005717,0.004505,0.001053,0.001334,0.00138,0.002631,0.008579,0.965401
9828,9,9,1,0.009994,0.011958,0.005116,0.00502,0.004625,0.003007,0.003346,0.001294,0.013634,0.942007
9829,9,9,1,0.009983,0.003768,0.009475,0.005213,0.001428,0.005158,0.001329,0.003419,0.012357,0.947869
9830,9,9,1,0.004321,0.001359,0.003302,0.001778,0.001776,0.00248,0.002035,0.001086,0.006291,0.975572
9831,9,9,1,0.008983,0.003089,0.004968,0.003869,0.001522,0.004646,0.004249,0.001072,0.013457,0.954146
9832,9,9,1,0.004068,0.008638,0.006688,0.001063,0.00297,0.003075,0.00187,0.00069,0.011063,0.959875
9833,9,9,1,0.002807,0.002156,0.006589,0.002009,0.003216,0.003626,0.001688,0.000881,0.009909,0.967119
9834,9,9,1,0.00623,0.00776,0.011919,0.005359,0.007985,0.002716,0.005612,0.001799,0.018147,0.932473
9835,9,9,1,0.005134,0.007923,0.00526,0.001305,0.005152,0.002907,0.000848,0.002302,0.009828,0.95934
9836,9,9,1,0.004959,0.005515,0.00579,0.002408,0.002469,0.010399,0.004782,0.001702,0.025752,0.936223
9837,9,9,1,0.005822,0.005695,0.003529,0.00351,0.002467,0.00155,0.000771,0.001259,0.004592,0.970806
9838,9,9,1,0.009294,0.007228,0.007488,0.00289,0.003008,0.003668,0.001599,0.000908,0.014548,0.949369
9839,9,9,1,0.002006,0.00198,0.000973,0.001341,0.002423,0.000995,0.000837,0.000356,0.00555,0.983539
9840,9,9,1,0.00817,0.003503,0.002923,0.004086,0.001792,0.001212,0.001046,0.002205,0.007758,0.967303
9841,9,9,1,0.00309,0.001,0.001483,0.001595,0.000884,0.001898,0.001151,0.000475,0.00556,0.982862
9842,9,9,1,0.003093,0.000943,0.002303,0.002195,0.002336,0.00127,0.001174,0.00112,0.00377,0.981797
9843,9,9,1,0.001576,0.002018,0.001383,0.000621,0.001375,0.001067,0.000398,0.000434,0.00374,0.987389
9844,9,9,1,0.00183,0.007337,0.001766,0.001995,0.005085,0.003588,0.001202,0.002724,0.009175,0.965298
9845,9,9,1,0.005181,0.004716,0.009065,0.006352,0.003994,0.002081,0.002805,0.002135,0.010068,0.953603
9846,9,9,1,0.020036,0.004694,0.005143,0.006619,0.008337,0.011745,0.006116,0.004875,0.025616,0.90682
9847,9,9,1,0.006408,0.00655,0.004449,0.002831,0.004773,0.004363,0.002546,0.001454,0.010472,0.956155
9848,9,9,1,0.005575,0.00384,0.002488,0.004097,0.00189,0.002752,0.001968,0.001399,0.005504,0.970488
9849,9,9,1,0.006134,0.003651,0.004277,0.006182,0.006439,0.001113,0.003645,0.00104,0.016021,0.951499
9850,9,9,1,0.008246,0.008689,0.004089,0.003413,0.002101,0.003643,0.002575,0.00264,0.008697,0.955908
9851,9,9,1,0.027056,0.017579,0.011733,0.008056,0.003925,0.010384,0.009107,0.006291,0.043445,0.862423
9852,9,9,1,0.000193,0.000319,0.000304,0.000131,0.000224,9.5e-05,0.00018,0.00014,0.00042,0.997994
9853,9,9,1,0.008802,0.003902,0.007452,0.002899,0.006812,0.001473,0.002454,0.00225,0.016016,0.947941
9854,9,9,1,0.006324,0.00361,0.001872,0.00237,0.003181,0.001691,0.003119,0.000557,0.009559,0.967717
9855,9,9,1,0.004885,0.005809,0.00402,0.001172,0.00189,0.002687,0.001131,0.001437,0.006628,0.97034
9856,9,9,1,1.8e-05,1.9e-05,1.5e-05,7e-06,9e-06,3e-06,7e-06,4e-06,1.7e-05,0.9999
9857,9,9,1,9e-06,1.5e-05,1.6e-05,7e-06,9e-06,7e-06,2e-06,3e-06,3.2e-05,0.9999
9858,9,9,1,0.005348,0.00425,0.003017,0.003351,0.002217,0.000662,0.001478,0.000747,0.005325,0.973604
9859,9,9,1,1.7e-05,1.7e-05,1.2e-05,6e-06,3e-06,1e-05,5e-06,2e-06,2.8e-05,0.9999
9860,9,9,1,0.0111,0.008629,0.007237,0.005882,0.00504,0.002033,0.002337,0.001394,0.010356,0.945992
9861,9,9,1,6e-06,1e-05,1.9e-05,7e-06,1.1e-05,4e-06,7e-06,3e-06,3.3e-05,0.9999
9862,9,9,1,0.010291,0.002976,0.005718,0.006385,0.002932,0.004596,0.001655,0.00432,0.016252,0.944875
9863,9,9,1,0.009377,0.006144,0.002661,0.005994,0.002778,0.00254,0.000777,0.002522,0.011555,0.955651
9864,9,9,1,0.002762,0.006989,0.006085,0.007035,0.003773,0.005511,0.002058,0.001013,0.014368,0.950405
9865,9,9,1,0.0009,0.00052,0.000196,0.000816,0.000363,0.00048,0.00027,0.00022,0.00114,0.995094
9866,9,9,1,0.006327,0.01026,0.003459,0.00426,0.009027,0.002279,0.001863,0.004776,0.025091,0.932657
9867,9,9,1,0.003249,0.005808,0.00428,0.004789,0.004413,0.001361,0.001358,0.000833,0.015257,0.958652
9868,9,9,1,0.002537,0.002699,0.002708,0.001135,0.000828,0.000787,0.002076,0.001475,0.006499,0.979257
9869,9,9,1,0.007535,0.012707,0.008343,0.007613,0.00198,0.004599,0.00281,0.005671,0.017835,0.93091
9870,9,9,1,0.009019,0.0071,0.004288,0.001729,0.001327,0.002599,0.002762,0.001025,0.007977,0.962174
9871,9,9,1,9e-06,5e-06,1.8e-05,5e-06,1.4e-05,1e-05,6e-06,3e-06,2.9e-05,0.9999
9872,9,9,1,0.015916,0.0096,0.003696,0.006629,0.004926,0.007224,0.005066,0.002148,0.022553,0.92224
9873,9,9,1,1.4e-05,5e-06,7e-06,1.1e-05,8e-06,6e-06,1.1e-05,3e-06,3.6e-05,0.9999
9874,9,9,1,1.4e-05,2.1e-05,9e-06,1.3e-05,9e-06,7e-06,2e-06,2e-06,2.4e-05,0.9999
9875,9,9,1,0.003213,0.00251,0.00876,0.005757,0.004092,0.004292,0.001252,0.00192,0.010557,0.957646
9876,9,9,1,0.006245,0.007517,0.005875,0.004814,0.004366,0.00257,0.002237,0.002493,0.012753,0.951131
9877,9,9,1,0.010111,0.001803,0.00536,0.006337,0.005049,0.002273,0.003189,0.002553,0.008379,0.954946
9878,9,9,1,0.001453,0.003641,0.00235,0.002893,0.000691,0.001574,0.00094,0.001386,0.006895,0.978176
9879,9,9,1,0.004116,0.013162,0.010233,0.007845,0.002551,0.001445,0.001832,0.003745,0.018894,0.936178
9880,9,9,1,0.002523,0.001825,0.00144,0.00157,0.002896,0.00164,0.000446,0.000514,0.006551,0.980595
9881,9,9,1,0.013728,0.004171,0.011122,0.004475,0.005579,0.005681,0.004282,0.002122,0.013685,0.935155
9882,9,9,1,0.008428,0.002039,0.004986,0.002634,0.00202,0.003,0.002419,0.001889,0.009583,0.963003
9883,9,9,1,0.009837,0.002529,0.004708,0.003834,0.003441,0.00185,0.003961,0.005313,0.016302,0.948226
9884,9,9,1,0.007356,0.002921,0.001585,0.004558,0.002779,0.001042,0.00126,0.001184,0.007608,0.969708
9885,9,9,1,0.004201,0.006268,0.005738,0.001334,0.003492,0.005212,0.001289,0.001722,0.013333,0.957411
9886,9,9,1,0.005152,0.004916,0.003305,0.001065,0.002829,0.000666,0.00173,0.00115,0.006476,0.972711
9887,9,9,1,0.004541,0.000794,0.002878,0.001942,0.000636,0.000868,0.000338,0.00092,0.005313,0.981771
9888,9,9,1,0.009165,0.01269,0.004275,0.008579,0.002313,0.007901,0.004071,0.007693,0.023217,0.920095
9889,9,9,1,0.010422,0.005118,0.006831,0.005685,0.003876,0.004197,0.00141,0.00283,0.011296,0.948334
9890,9,9,1,0.002983,0.006704,0.004744,0.002014,0.003832,0.002346,0.00225,0.003106,0.013127,0.958893
9891,9,9,1,0.007644,0.002281,0.004039,0.001213,0.002773,0.003658,0.002292,0.001967,0.009081,0.965053
9892,9,9,1,0.015936,0.007339,0.005001,0.006427,0.006366,0.005596,0.001394,0.00186,0.014291,0.935789
9893,9,9,1,0.004128,0.004313,0.004408,0.002796,0.002644,0.001132,0.000499,0.00109,0.005871,0.97312
9894,9,9,1,0.008905,0.007552,0.002653,0.007043,0.0051,0.003903,0.001748,0.001413,0.010879,0.950802
9895,9,9,1,0.002981,0.003125,0.00826,0.002052,0.003112,0.003115,0.001825,0.00347,0.015359,0.9567
9896,9,9,1,0.006634,0.010692,0.007022,0.009037,0.007092,0.003457,0.004576,0.001781,0.013703,0.936006
9897,9,9,1,0.010632,0.008419,0.004283,0.004592,0.004074,0.011197,0.002702,0.002241,0.029231,0.92263
9898,9,9,1,0.010267,0.012602,0.005352,0.00896,0.00578,0.002704,0.001694,0.001395,0.021373,0.929872
9899,9,9,1,0.00289,0.000869,0.000992,0.00135,0.00072,0.000568,0.000761,0.000921,0.004264,0.986667
9900,9,9,1,1.6e-05,1.1e-05,1.3e-05,1.1e-05,7e-06,1e-05,4e-06,1e-06,2.7e-05,0.9999
9901,9,9,1,7.1e-05,1.7e-05,4.7e-05,4.9e-05,2.3e-05,3.8e-05,2.2e-05,9e-06,8.5e-05,0.999638
9902,9,9,1,0.005406,0.002537,0.004294,0.001127,0.001063,0.001299,0.002358,0.000756,0.006609,0.97455
9903,9,9,1,2.4e-05,1.4e-05,1.1e-05,1.2e-05,5e-06,5e-06,2e-06,2e-06,2.6e-05,0.9999
9904,9,9,1,0.012467,0.002673,0.006857,0.001782,0.003286,0.004501,0.004936,0.003209,0.011965,0.948325
9905,9,9,1,0.00651,0.00796,0.004754,0.003224,0.004507,0.002061,0.00161,0.004934,0.017785,0.946655
9906,9,9,1,0.011157,0.018787,0.010799,0.010875,0.005527,0.005577,0.006773,0.004541,0.046176,0.879787
9907,9,9,1,0.004345,0.007388,0.004311,0.004305,0.008475,0.003211,0.002523,0.004776,0.017969,0.942696
9908,9,9,1,0.006697,0.004026,0.00445,0.002948,0.002422,0.000877,0.002493,0.001243,0.011542,0.963303
9909,9,9,1,0.006157,0.008618,0.001606,0.001788,0.002129,0.003447,0.00117,0.002526,0.014566,0.957993
9910,9,9,1,0.01018,0.002563,0.006234,0.006855,0.001959,0.005074,0.002343,0.001219,0.011741,0.951833
9911,9,9,1,0.003668,0.012369,0.008783,0.005228,0.003578,0.003123,0.004473,0.002937,0.011017,0.944822
9912,9,9,1,0.003546,0.004745,0.002176,0.002427,0.002569,0.002307,0.001585,0.002083,0.007049,0.971514
9913,9,9,1,0.007831,0.004159,0.009441,0.011844,0.010637,0.004685,0.001552,0.004328,0.024346,0.921178
9914,9,9,1,0.006742,0.006508,0.004324,0.003691,0.002128,0.001532,0.00247,0.000977,0.009565,0.962062
9915,9,9,1,8.3e-05,4.9e-05,0.000124,5.9e-05,7.2e-05,8.5e-05,6.9e-05,9e-05,0.000319,0.99905
9916,9,9,1,0.014699,0.013578,0.006087,0.006679,0.008766,0.006402,0.004149,0.001496,0.017703,0.920441
9917,9,9,1,0.011561,0.004501,0.00992,0.004434,0.011751,0.004811,0.006926,0.003796,0.032542,0.909758
9918,9,9,1,0.008256,0.00438,0.003747,0.007164,0.006332,0.00202,0.005322,0.003663,0.013339,0.945777
9919,9,9,1,9e-06,8e-06,1.1e-05,1.7e-05,8e-06,6e-06,5e-06,4e-06,3.2e-05,0.9999
9920,9,9,1,0.002357,0.003784,0.002063,0.007932,0.003499,0.002834,0.001496,0.001538,0.019563,0.954933
9921,9,9,1,0.001244,0.000782,0.002097,0.000818,0.001101,0.000895,0.000541,0.000232,0.003428,0.988862
9922,9,9,1,0.008957,0.005896,0.006357,0.001283,0.001938,0.002715,0.002609,0.000932,0.011946,0.957367
9923,9,9,1,0.004157,0.007386,0.004533,0.001987,0.001448,0.004345,0.001802,0.002381,0.01601,0.955951
9924,9,9,1,0.020522,0.013955,0.009476,0.005885,0.002256,0.00918,0.00146,0.004408,0.022436,0.910423
9925,9,9,1,0.004886,0.002548,0.003655,0.00226,0.000768,0.000963,0.002358,0.000958,0.006388,0.975214
9926,9,9,1,1.9e-05,1e-05,1.4e-05,1.2e-05,1e-05,7e-06,6e-06,3e-06,1.9e-05,0.9999
9927,9,9,1,0.007537,0.012623,0.011378,0.002707,0.005944,0.003479,0.001418,0.003144,0.019714,0.932056
9928,9,9,1,0.001463,0.002727,0.001595,0.003879,0.001075,0.001934,0.001162,0.001513,0.006836,0.977817
9929,9,9,1,0.010649,0.001983,0.001834,0.003851,0.005193,0.003125,0.003361,0.000837,0.011983,0.957184
9930,9,9,1,0.000968,0.000764,0.001516,0.000768,0.00112,0.00097,0.000227,0.000432,0.002562,0.990673
9931,9,9,1,0.000266,0.000131,0.000115,7.2e-05,8.8e-05,5.4e-05,0.000164,8.4e-05,0.000505,0.998522
9932,9,9,1,0.011272,0.002367,0.002461,0.007192,0.001925,0.00225,0.00608,0.004481,0.015746,0.946226
9933,9,9,1,0.011055,0.003232,0.004354,0.002177,0.004892,0.004843,0.000863,0.003385,0.011046,0.954154
9934,9,9,1,0.007518,0.004068,0.008772,0.004481,0.006986,0.004893,0.002923,0.001325,0.020265,0.938768
9935,9,9,1,0.004711,0.003766,0.002314,0.003869,0.007324,0.00327,0.001447,0.001079,0.0171,0.95512
9936,9,9,1,0.004573,0.004624,0.002322,0.002645,0.000873,0.001699,0.001684,0.000741,0.005879,0.97496
9937,9,9,1,0.004406,0.005693,0.005611,0.001482,0.002287,0.001506,0.003031,0.002535,0.008211,0.965237
9938,9,9,1,0.006629,0.016982,0.010215,0.003888,0.007548,0.006566,0.009778,0.002496,0.030327,0.905571
9939,9,9,1,2.5e-05,1.6e-05,6e-06,1e-05,6e-06,4e-06,5e-06,3e-06,2.5e-05,0.9999
9940,9,9,1,0.005989,0.002319,0.002234,0.002329,0.001528,0.002103,0.000835,0.001738,0.005975,0.974951
9941,9,9,1,0.000847,0.001623,0.000743,0.000897,0.001291,0.001303,0.001421,0.001066,0.004106,0.986702
9942,9,9,1,0.018584,0.015269,0.012773,0.006536,0.003958,0.004865,0.002224,0.003473,0.018079,0.914238
9943,9,9,1,0.002292,0.001352,0.001685,0.000539,0.000502,0.001065,0.000662,0.000737,0.003769,0.987395
9944,9,9,1,0.000588,0.000253,0.000388,0.000313,0.000184,0.000289,0.000233,0.00013,0.000917,0.996704
9945,9,9,1,0.002926,0.002645,0.002723,0.002253,0.00157,0.000902,0.000972,0.000681,0.008328,0.977
9946,9,9,1,1.4e-05,1.2e-05,1.5e-05,5e-06,1e-05,5e-06,4e-06,4e-06,3.1e-05,0.9999
9947,9,9,1,0.008122,0.006783,0.00315,0.002549,0.002443,0.000763,0.000892,0.001776,0.008998,0.964524
9948,9,9,1,0.002358,0.002326,0.001182,0.000777,0.001167,0.001242,0.000446,0.000849,0.003575,0.986078
9949,9,9,1,0.002665,0.003185,0.003468,0.00241,0.00326,0.003555,0.001151,0.002747,0.009998,0.96756
9950,9,9,1,0.000119,0.000128,9.5e-05,7.8e-05,1.3e-05,4.4e-05,4.8e-05,1.3e-05,0.000141,0.999323
9951,9,9,1,0.001988,0.002297,0.00096,0.001082,0.000599,0.000247,0.000742,0.000319,0.003262,0.988506
9952,9,9,1,0.009193,0.002988,0.001926,0.005831,0.002156,0.002123,0.005333,0.004024,0.012115,0.954311
9953,9,9,1,0.011814,0.002345,0.004236,0.002288,0.002552,0.003875,0.004195,0.002471,0.013943,0.952282
9954,9,9,1,1.1e-05,6e-06,5e-06,1.3e-05,8e-06,1.4e-05,4e-06,9e-06,3.1e-05,0.9999
9955,9,9,1,0.008275,0.011542,0.006461,0.006927,0.001998,0.00434,0.001337,0.005173,0.01633,0.937617
9956,9,9,1,2.2e-05,5e-06,1.2e-05,9e-06,6e-06,8e-06,3e-06,7e-06,2.8e-05,0.9999
9957,9,9,1,0.001422,0.001636,0.003222,0.001227,0.001142,0.003195,0.002331,0.001657,0.008889,0.975279
9958,9,9,1,0.006134,0.015877,0.008609,0.005574,0.009159,0.004923,0.005091,0.002349,0.020653,0.921631
9959,9,9,1,0.009131,0.004096,0.00534,0.001051,0.00311,0.001841,0.001129,0.001152,0.010302,0.962848
9960,9,9,1,0.001736,0.001234,0.001349,0.001722,0.001356,0.000957,0.000571,0.001658,0.005553,0.983864
9961,9,9,1,0.002884,0.002987,0.008162,0.005107,0.004895,0.002953,0.002252,0.000748,0.008795,0.961217
9962,9,9,1,2e-05,1.2e-05,1.7e-05,7e-06,8e-06,7e-06,2e-06,5e-06,2.2e-05,0.9999
9963,9,9,1,0.004444,0.00555,0.003908,0.001207,0.001396,0.000916,0.001787,0.001106,0.008966,0.970718
9964,9,7,0,-0.010786,-0.031987,-0.017099,-0.023582,-0.011832,-0.00949,-0.006814,0.688644,0.0,0.422945
9965,9,8,0,0.023177,0.034011,0.013029,0.016405,0.016653,0.01624,0.005166,0.090141,0.47383,0.31135
9966,9,4,0,-0.011062,-0.024089,-0.022819,-0.011149,0.680141,-0.009565,-0.012371,-0.00678,0.0,0.417694
9967,9,4,0,0.047674,0.033223,0.011476,0.02053,0.456683,0.013859,0.014906,0.013113,0.140957,0.24758
9968,9,4,0,0.031948,0.029321,0.025191,0.018834,0.508703,0.008094,0.017346,0.007634,0.089893,0.263037
9969,9,8,0,-0.015196,-0.023995,-0.030683,-0.019359,-0.018326,-0.012272,-0.004727,0.0,0.6587,0.46586
9970,9,4,0,-0.02229,-0.031577,-0.012344,-0.027823,0.60322,-0.01047,-0.00976,-0.021006,0.0,0.53205
9971,9,7,0,0.008699,0.009122,0.006731,0.008454,0.010044,0.010381,0.005127,0.542612,0.037435,0.361395
9972,9,4,0,-0.017762,-0.005282,-0.013556,-0.008587,0.660148,-0.011859,-0.007705,-0.00419,0.0,0.408795
9973,9,7,0,-0.014682,-0.013797,-0.006466,-0.008032,-0.002399,-0.002994,-0.007728,0.563913,0.0,0.492185
9974,9,4,0,-0.000974,-0.000294,-0.000615,-0.000411,0.557002,-0.000212,-0.000304,-0.000343,0.0,0.44615
9975,9,7,0,-0.009016,-0.010853,-0.018486,-0.013556,-0.004422,-0.005022,-0.00365,0.569633,0.0,0.495372
9976,9,7,0,0.001186,0.002434,0.002552,0.002969,0.000693,0.001513,0.001072,0.567703,0.008766,0.411112
9977,9,4,0,-0.066025,-0.016811,-0.032326,-0.018502,0.703894,-0.041229,-0.015906,-0.011265,0.0,0.498169
9978,9,4,0,-0.023201,-0.031319,-0.028159,-0.025789,0.631062,-0.027946,-0.030377,-0.026785,0.0,0.562514
9979,9,8,0,-0.011727,-0.015226,-0.011665,-0.009813,-0.010949,-0.003073,-0.0081,0.0,0.572136,0.498417
9980,9,4,0,-0.008924,-0.018321,-0.011866,-0.007208,0.564319,-0.011673,-0.008974,-0.00263,0.0,0.505276
9981,9,4,0,0.004442,0.013083,0.005153,0.004567,0.50636,0.005861,0.007474,0.002641,0.029703,0.420716
9982,9,4,0,0.005807,0.003812,0.004769,0.002301,0.523192,0.00208,0.001452,0.00168,0.015759,0.439149
9983,9,4,0,0.053628,0.05582,0.03628,0.038784,0.414864,0.023397,0.01914,0.018298,0.1074,0.23239
9984,9,8,0,-0.008234,-0.006499,-0.006417,-0.011702,-0.007091,-0.004186,-0.005115,0.0,0.698048,0.351196
9985,9,8,0,-0.03725,-0.025819,-0.025886,-0.033237,-0.034255,-0.012055,-0.011352,0.0,0.660789,0.519065
9986,9,4,0,0.009294,0.011016,0.016949,0.015,0.568314,0.005466,0.007511,0.008974,0.050425,0.307051
9987,9,4,0,0.003083,0.001311,0.00431,0.000909,0.54972,0.0016,0.002368,0.002046,0.010851,0.423802
9988,9,4,0,-0.023882,-0.021609,-0.018928,-0.010786,0.675857,-0.026373,-0.014753,-0.014526,0.0,0.455001
9989,9,4,0,0.024737,0.018365,0.006829,0.015523,0.533955,0.011438,0.009372,0.003434,0.038919,0.337429
9990,9,7,0,0.008563,0.008153,0.010088,0.003902,0.004567,0.001727,0.00396,0.495077,0.02785,0.436112
9991,9,8,0,-0.003593,-0.003157,-0.006797,-0.003246,-0.005864,-0.00287,-0.004955,0.0,0.546864,0.483618
9992,9,7,0,0.028814,0.057413,0.014962,0.033476,0.034622,0.036594,0.025355,0.353895,0.124967,0.2899
9993,9,7,0,-0.016394,-0.006219,-0.016907,-0.014705,-0.00839,-0.007621,-0.007348,0.584447,0.0,0.493138
9994,9,7,0,0.055907,0.056586,0.043343,0.026158,0.024855,0.007815,0.020272,0.414638,0.110482,0.239944
9995,9,4,0,-0.020205,-0.013903,-0.01984,-0.027101,0.633909,-0.017127,-0.018211,-0.012334,0.0,0.494813
9996,9,4,0,-0.035115,-0.042095,-0.063711,-0.02846,0.67025,-0.030687,-0.049927,-0.019016,0.0,0.598761
9997,9,7,0,-0.003193,-0.004046,-0.004286,-0.006087,-0.00279,-0.001348,-0.005071,0.597523,0.0,0.429299
9998,9,7,0,0.008628,0.017898,0.009229,0.007088,0.011111,0.003633,0.008221,0.547402,0.060626,0.326164
9999,9,7,0,0.006649,0.005393,0.003011,0.00743,0.007625,0.003831,0.002669,0.595639,0.033523,0.33423
